path,sha256,TipoDTE,Folio,FchEmis,RUTEmisor,RUTRecep,MntTotal,MntNeto,refs,parse_status
01_Raw\RIPLEY\Facturacion\dtef_c33_f25272_ts2025-05-13T153652.xml,8caf5a1c9f32,33,25272,2025-05-13,77898100-9,83382700-6,1211206,1017820,,PARSED
01_Raw\RIPLEY\Facturacion\dtef_c33_f26000_ts2025-10-27T144835.xml,f5a770481ab8,33,26000,2025-10-13,77898100-9,83382700-6,34932,29355,,PARSED
01_Raw\RIPLEY\Facturacion\dtef_c33_f26276_ts2025-12-15T155053.xml,4ae307b853c3,33,26276,2025-12-15,77898100-9,83382700-6,970151,815253,,PARSED
01_Raw\RIPLEY\Facturacion\dtef_c33_f26306_ts2025-12-23T112808.xml,20015753dc53,33,26306,2025-12-15,77898100-9,83382700-6,813391,683522,,PARSED
01_Raw\RIPLEY\Facturacion\dtef_c33_f26441_ts2026-02-16T124619.xml,3ef9b1d41de9,33,26441,2026-02-16,77898100-9,83382700-6,710542,597094,,PARSED
01_Raw\RIPLEY\Facturacion\dtef_c33_f26532_ts2026-03-13T120641.xml,31fe8e31549f,33,26532,2026-03-13,77898100-9,83382700-6,396884,333516,,PARSED
01_Raw\RIPLEY\Facturacion\dtef_c33_f26608_ts2026-03-30T155632.xml,4c62d2dd7af9,33,26608,2026-03-30,77898100-9,83382700-6,286213,240515,,PARSED
01_Raw\RIPLEY\Facturacion\dtef_c33_f26613_ts2026-03-31T130634.xml,70da59a11f34,33,26613,2026-03-31,77898100-9,83382700-6,286213,240515,,PARSED
01_Raw\RIPLEY\Facturacion\dtef_c33_f26636_ts2026-04-06T172718.xml,ab7338927d6b,33,26636,2026-04-06,77898100-9,83382700-6,482744,405667,,PARSED
01_Raw\RIPLEY\Facturacion\dtef_c33_f26703_ts2026-04-17T150756.xml,3653d2e27edd,33,26703,2026-04-17,77898100-9,83382700-6,283344,238104,,PARSED
01_Raw\RIPLEY\Facturacion\dtef_c33_f26793_ts2026-05-11T120014.xml,0eaa7b716209,33,26793,2026-05-11,77898100-9,83382700-6,482744,405667,,PARSED
01_Raw\RIPLEY\Facturacion\dtef_c33_f26794_ts2026-05-11T120602.xml,f3e2ee125f4b,33,26794,2026-05-11,77898100-9,83382700-6,805643,677011,,PARSED
01_Raw\RIPLEY\Facturacion\dtef_c33_f26795_ts2026-05-11T121312.xml,41996ef803de,33,26795,2026-05-11,77898100-9,83382700-6,315079,264772,,PARSED
01_Raw\RIPLEY\Facturacion\dtef_c33_f26874_ts2026-06-05T123502.xml,71a0283e377d,33,26874,2026-06-05,77898100-9,83382700-6,1669451,1402900,,PARSED
01_Raw\RIPLEY\Facturacion\dtef_c33_f26875_ts2026-06-05T124420.xml,0a2f619dfd55,33,26875,2026-06-05,77898100-9,83382700-6,730946,614240,,PARSED
01_Raw\RIPLEY\Facturacion\dtef_c61_f146730_ts2026-03-31T130421.xml,f274e4c115a8,61,146730,2026-03-30,77898100-9,83382700-6,286213,240515,33|26608,PARSED
01_Raw\RIPLEY\Facturacion\dtef_c61_f147261_ts2026-05-11T120315.xml,33d285cc290b,61,147261,2026-05-11,77898100-9,83382700-6,482744,405667,33|26793,PARSED
01_Raw\RIPLEY\Facturacion\dteproveedor_5393.xml,4ab5de77d1cf,33,1916076,2025-01-10,83382700-6,77898100-9,13861,11648,,PARSED
01_Raw\RIPLEY\Facturacion\dteproveedor_5405.xml,18ef96387684,33,1999859,2025-01-10,83382700-6,77898100-9,426262,358203,,PARSED
01_Raw\RIPLEY\Facturacion\dteproveedor_5423.xml,f6feba5a13eb,33,1978496,2025-01-13,83382700-6,77898100-9,636930,535235,,PARSED
01_Raw\RIPLEY\Facturacion\dteproveedor_5435.xml,7d5f3c6939a2,61,6837014,2025-01-13,83382700-6,77898100-9,294110,247151,33|0,PARSED
01_Raw\RIPLEY\Facturacion\dteproveedor_5453.xml,b610fc714d69,33,2001633,2025-01-24,83382700-6,77898100-9,452553,380297,,PARSED
01_Raw\RIPLEY\Facturacion\dteproveedor_5467.xml,a11a60dd4a26,33,2011812,2025-01-28,83382700-6,77898100-9,488463,410473,,PARSED
01_Raw\RIPLEY\Facturacion\dteproveedor_5468.xml,cccc86f4e5d3,33,2011811,2025-01-28,83382700-6,77898100-9,901268,757368,,PARSED
01_Raw\RIPLEY\Facturacion\dteproveedor_5524.xml,ee6817fd8e2b,33,2025359,2025-02-10,83382700-6,77898100-9,477476,401240,,PARSED
01_Raw\RIPLEY\Facturacion\dteproveedor_5529.xml,fc1894d0e6e5,33,2026017,2025-02-10,83382700-6,77898100-9,2078,1746,,PARSED
01_Raw\RIPLEY\Facturacion\dteproveedor_5565.xml,fdecfc0854f0,33,2015860,2025-02-13,83382700-6,77898100-9,1132530,951706,,PARSED
01_Raw\RIPLEY\Facturacion\dteproveedor_5566.xml,3e6144106130,33,2015861,2025-02-13,83382700-6,77898100-9,580323,487666,,PARSED
01_Raw\RIPLEY\Facturacion\dteproveedor_5574.xml,d90bc26e71c4,33,2026989,2025-02-25,83382700-6,77898100-9,308924,259600,,PARSED
01_Raw\RIPLEY\Facturacion\dteproveedor_5576.xml,3303e52334bb,33,2027688,2025-02-26,83382700-6,77898100-9,756302,635548,,PARSED
01_Raw\RIPLEY\Facturacion\dteproveedor_5577.xml,1f2a24a7ab70,33,2027687,2025-02-26,83382700-6,77898100-9,1764706,1482946,,PARSED
01_Raw\RIPLEY\Facturacion\dteproveedor_5613.xml,73e0b9f407bf,33,2019233,2025-02-28,83382700-6,77898100-9,781582,656792,,PARSED
01_Raw\RIPLEY\Facturacion\dteproveedor_5614.xml,1b261295a0ba,33,2019234,2025-02-28,83382700-6,77898100-9,427172,358968,,PARSED
01_Raw\RIPLEY\Facturacion\dteproveedor_5624.xml,08c7b2cc8282,43,108927,2025-02-28,83382700-6,77898100-9,92766,97444,,PARSED
01_Raw\RIPLEY\Facturacion\dteproveedor_5625.xml,817df95a5eee,43,108928,2025-02-28,83382700-6,77898100-9,726206,762824,,PARSED
01_Raw\RIPLEY\Facturacion\dteproveedor_5626.xml,4056effec5cf,43,108929,2025-02-28,83382700-6,77898100-9,610219,640987,,PARSED
01_Raw\RIPLEY\Facturacion\dteproveedor_5630.xml,d5929a28a822,33,2028934,2025-03-10,83382700-6,77898100-9,268017,225224,,PARSED
01_Raw\RIPLEY\Facturacion\dteproveedor_5637.xml,f38cdfad4e95,33,2029524,2025-03-11,83382700-6,77898100-9,1329663,1117364,,PARSED
01_Raw\RIPLEY\Facturacion\dteproveedor_5638.xml,8b7eecd2e1de,33,2029526,2025-03-11,83382700-6,77898100-9,207015,173962,,PARSED
01_Raw\RIPLEY\Facturacion\dteproveedor_5639.xml,5540e45b3f39,33,2029525,2025-03-11,83382700-6,77898100-9,843265,708626,,PARSED
01_Raw\RIPLEY\Facturacion\dteproveedor_5659.xml,2811533bc160,33,2022663,2025-03-13,83382700-6,77898100-9,824328,692713,,PARSED
01_Raw\RIPLEY\Facturacion\dteproveedor_5660.xml,1faf4d3e6aa0,33,2022664,2025-03-13,83382700-6,77898100-9,319539,268520,,PARSED
01_Raw\RIPLEY\Facturacion\dteproveedor_5688.xml,b09f0869ae38,33,2031519,2025-03-25,83382700-6,77898100-9,350998,294956,,PARSED
01_Raw\RIPLEY\Facturacion\dteproveedor_5689.xml,e1a10d0e1273,33,2032131,2025-03-25,83382700-6,77898100-9,4998,4200,,PARSED
01_Raw\RIPLEY\Facturacion\dteproveedor_5712.xml,adfb781395bf,33,2035562,2025-03-28,83382700-6,77898100-9,921532,774397,,PARSED
01_Raw\RIPLEY\Facturacion\dteproveedor_5713.xml,0c68e8802b02,33,2035563,2025-03-28,83382700-6,77898100-9,362054,304247,,PARSED
01_Raw\RIPLEY\Facturacion\dteproveedor_5719.xml,b016d4e7a3d5,61,7087680,2025-03-31,83382700-6,77898100-9,56987,47888,33|0,PARSED
01_Raw\RIPLEY\Facturacion\dteproveedor_5722.xml,e931e6d3da4a,33,2036712,2025-03-27,83382700-6,77898100-9,149274,125440,801|-,PARSED
01_Raw\RIPLEY\Facturacion\dteproveedor_5723.xml,1cfdad0a25f4,43,110065,2025-03-31,83382700-6,77898100-9,957775,993649,,PARSED
01_Raw\RIPLEY\Facturacion\dteproveedor_5724.xml,2e023635a0c4,43,110064,2025-03-31,83382700-6,77898100-9,604093,626720,,PARSED
01_Raw\RIPLEY\Facturacion\dteproveedor_5725.xml,8f377c20a80c,43,110063,2025-03-31,83382700-6,77898100-9,331189,343595,,PARSED
01_Raw\RIPLEY\Facturacion\dteproveedor_5727.xml,18f4266dcc6f,33,2037396,2025-03-31,83382700-6,77898100-9,299918,252032,,PARSED
01_Raw\RIPLEY\Facturacion\dteproveedor_5744.xml,ca97664ca900,33,2033179,2025-04-10,83382700-6,77898100-9,300559,252571,,PARSED
01_Raw\RIPLEY\Facturacion\dteproveedor_5745.xml,e7cacf8f8dc6,33,2033178,2025-04-10,83382700-6,77898100-9,1177196,989240,,PARSED
01_Raw\RIPLEY\Facturacion\dteproveedor_5747.xml,5351efe99c98,33,2033597,2025-04-10,83382700-6,77898100-9,1056046,887434,,PARSED
01_Raw\RIPLEY\Facturacion\dteproveedor_5768.xml,a8998cfc455b,33,2039403,2025-04-13,83382700-6,77898100-9,3913492,3288649,,PARSED
01_Raw\RIPLEY\Facturacion\dteproveedor_5769.xml,2eb5275dfa14,33,2039404,2025-04-13,83382700-6,77898100-9,1078927,906661,,PARSED
01_Raw\RIPLEY\Facturacion\dteproveedor_5788.xml,3df54cb2bf5f,33,2044800,2025-04-25,83382700-6,77898100-9,300000,252101,,PARSED
01_Raw\RIPLEY\Facturacion\dteproveedor_5789.xml,68c8207b61d5,33,2044802,2025-04-25,83382700-6,77898100-9,1200000,1008403,,PARSED
01_Raw\RIPLEY\Facturacion\dteproveedor_5790.xml,c8fdeec50f49,33,2044806,2025-04-25,83382700-6,77898100-9,222739,187176,,PARSED
01_Raw\RIPLEY\Facturacion\dteproveedor_5791.xml,eb8342fd2d96,33,2044961,2025-04-25,83382700-6,77898100-9,409967,344510,,PARSED
01_Raw\RIPLEY\Facturacion\dteproveedor_5800.xml,1b3997b9a8c1,33,2134205,2025-04-29,83382700-6,77898100-9,189258,159040,801|-,PARSED
01_Raw\RIPLEY\Facturacion\dteproveedor_5802.xml,fe93790c3373,52,48452290,2025-04-30,83382700-6,77898100-9,315849,255838,CTZ|12842402,PARSED
01_Raw\RIPLEY\Facturacion\dteproveedor_5803.xml,d464098e77f0,52,48452293,2025-04-30,83382700-6,77898100-9,447624,362576,CTZ|12842405,PARSED
01_Raw\RIPLEY\Facturacion\dteproveedor_5804.xml,7edb93fc9112,52,48452291,2025-04-30,83382700-6,77898100-9,270614,219198,CTZ|12842403,PARSED
01_Raw\RIPLEY\Facturacion\dteproveedor_5805.xml,419aa1b41160,52,48452294,2025-04-30,83382700-6,77898100-9,468216,379255,CTZ|12842406,PARSED
01_Raw\RIPLEY\Facturacion\dteproveedor_5806.xml,af7702acb0d4,52,48452292,2025-04-30,83382700-6,77898100-9,284894,230765,CTZ|12842404,PARSED
01_Raw\RIPLEY\Facturacion\dteproveedor_5807.xml,7df034e23da6,52,48452295,2025-04-30,83382700-6,77898100-9,441366,357507,CTZ|12842407,PARSED
01_Raw\RIPLEY\Facturacion\dteproveedor_5808.xml,cb98eccd71aa,52,48452296,2025-04-30,83382700-6,77898100-9,403121,326529,CTZ|12842408,PARSED
01_Raw\RIPLEY\Facturacion\dteproveedor_5809.xml,92ffedf29d4b,52,48452297,2025-04-30,83382700-6,77898100-9,618614,501078,CTZ|12842409,PARSED
01_Raw\RIPLEY\Facturacion\dteproveedor_5810.xml,96ebf864d302,52,48452298,2025-04-30,83382700-6,77898100-9,179330,145258,CTZ|12842410,PARSED
01_Raw\RIPLEY\Facturacion\dteproveedor_5811.xml,74dbd407ab43,52,48452299,2025-04-30,83382700-6,77898100-9,1500,1215,CTZ|12842411,PARSED
01_Raw\RIPLEY\Facturacion\dteproveedor_5812.xml,2e630e84704c,33,2042821,2025-04-28,83382700-6,77898100-9,139395,117139,,PARSED
01_Raw\RIPLEY\Facturacion\dteproveedor_5813.xml,999eeb104f13,33,2042820,2025-04-28,83382700-6,77898100-9,1209648,1016511,,PARSED
01_Raw\RIPLEY\Facturacion\dteproveedor_5841.xml,be1e8cc4c83f,61,7087877,2025-04-30,83382700-6,77898100-9,27713,23288,33|0,PARSED
01_Raw\RIPLEY\Facturacion\dteproveedor_5842.xml,8daf788b5ab6,33,2135239,2025-04-30,83382700-6,77898100-9,251930,211706,,PARSED
01_Raw\RIPLEY\Facturacion\dteproveedor_5843.xml,21d6be53b8c1,43,110933,2025-04-30,83382700-6,77898100-9,345895,326595,,PARSED
01_Raw\RIPLEY\Facturacion\dteproveedor_5844.xml,dfd1a922f302,43,110934,2025-04-30,83382700-6,77898100-9,788110,744132,,PARSED
01_Raw\RIPLEY\Facturacion\dteproveedor_5857.xml,807e8d09a966,33,2046453,2025-05-09,83382700-6,77898100-9,716861,602404,,PARSED
01_Raw\RIPLEY\Facturacion\dteproveedor_5884.xml,fb6c9078d011,33,2136450,2025-05-13,83382700-6,77898100-9,2533366,2128879,,PARSED
01_Raw\RIPLEY\Facturacion\dteproveedor_5885.xml,25e058cc54bb,33,2136451,2025-05-13,83382700-6,77898100-9,915709,769503,,PARSED
01_Raw\RIPLEY\Facturacion\dteproveedor_5901.xml,15c8b34fb769,33,2047292,2025-05-26,83382700-6,77898100-9,1155416,970938,,PARSED
01_Raw\RIPLEY\Facturacion\dteproveedor_5902.xml,e2af3f4d2e95,33,2047294,2025-05-26,83382700-6,77898100-9,316660,266101,,PARSED
01_Raw\RIPLEY\Facturacion\dteproveedor_5906.xml,2ffe76757afc,33,2047976,2025-05-26,83382700-6,77898100-9,370291,311169,,PARSED
01_Raw\RIPLEY\Facturacion\dteproveedor_5909.xml,a4392b68f113,33,2139163,2025-05-28,83382700-6,77898100-9,325203,273280,801|-,PARSED
01_Raw\RIPLEY\Facturacion\dteproveedor_5916.xml,f6d109606c37,33,2139797,2025-05-28,83382700-6,77898100-9,1022283,859061,,PARSED
01_Raw\RIPLEY\Facturacion\dteproveedor_5917.xml,d02363028a39,33,2139798,2025-05-28,83382700-6,77898100-9,393124,330356,,PARSED
01_Raw\RIPLEY\Facturacion\dteproveedor_5944.xml,17a4922961b4,43,111210,2025-05-31,83382700-6,77898100-9,450083,461244,,PARSED
01_Raw\RIPLEY\Facturacion\dteproveedor_5945.xml,8c32a5b29340,43,111211,2025-05-31,83382700-6,77898100-9,1631479,1671941,,PARSED
01_Raw\RIPLEY\Facturacion\dteproveedor_5946.xml,c3df45ef0ae2,43,111212,2025-05-31,83382700-6,77898100-9,1711828,1754281,,PARSED
01_Raw\RIPLEY\Facturacion\dteproveedor_5947.xml,8852230fb9fb,43,111213,2025-05-31,83382700-6,77898100-9,1395356,1429960,,PARSED
01_Raw\RIPLEY\Facturacion\dteproveedor_5949.xml,a5f78455060a,33,2141988,2025-05-31,83382700-6,77898100-9,139970,117622,,PARSED
01_Raw\RIPLEY\Facturacion\dteproveedor_5952.xml,8f744d96c552,61,7088040,2025-05-31,83382700-6,77898100-9,25193,21171,33|0,PARSED
01_Raw\RIPLEY\Facturacion\dteproveedor_5969.xml,3095d3a7a549,33,2049508,2025-06-10,83382700-6,77898100-9,898927,755401,,PARSED
01_Raw\RIPLEY\Facturacion\dteproveedor_5971.xml,e9a42388f202,33,2050084,2025-06-10,83382700-6,77898100-9,11518,9679,,PARSED
01_Raw\RIPLEY\Facturacion\dteproveedor_6002.xml,0bf11a7c4f7f,33,2143380,2025-06-13,83382700-6,77898100-9,2660093,2235372,,PARSED
01_Raw\RIPLEY\Facturacion\dteproveedor_6003.xml,61d7fdfcd94a,33,2143381,2025-06-13,83382700-6,77898100-9,853945,717601,,PARSED
01_Raw\RIPLEY\Facturacion\dteproveedor_6014.xml,83566834bf37,33,2050325,2025-06-25,83382700-6,77898100-9,1980,1664,,PARSED
01_Raw\RIPLEY\Facturacion\dteproveedor_6015.xml,784b9a9b47c8,33,2051018,2025-06-25,83382700-6,77898100-9,303799,255293,,PARSED
01_Raw\RIPLEY\Facturacion\dteproveedor_6017.xml,2e4dc6ee515c,33,2051349,2025-06-25,83382700-6,77898100-9,53874,45272,,PARSED
01_Raw\RIPLEY\Facturacion\dteproveedor_6050.xml,3c3148729085,33,2156789,2025-06-28,83382700-6,77898100-9,853416,717156,,PARSED
01_Raw\RIPLEY\Facturacion\dteproveedor_6051.xml,1e99dc5d7dd1,33,2156790,2025-06-28,83382700-6,77898100-9,323966,272240,,PARSED
01_Raw\RIPLEY\Facturacion\dteproveedor_6055.xml,43c5e0d3475f,43,114184,2025-06-30,83382700-6,77898100-9,1677506,1719108,,PARSED
01_Raw\RIPLEY\Facturacion\dteproveedor_6056.xml,613ca2f67813,43,114180,2025-06-30,83382700-6,77898100-9,204142,209204,,PARSED
01_Raw\RIPLEY\Facturacion\dteproveedor_6057.xml,4452a459aced,43,114181,2025-06-30,83382700-6,77898100-9,1597162,1636773,,PARSED
01_Raw\RIPLEY\Facturacion\dteproveedor_6058.xml,a42aaababbb3,43,114182,2025-06-30,83382700-6,77898100-9,1531753,1569742,,PARSED
01_Raw\RIPLEY\Facturacion\dteproveedor_6059.xml,907faf6c05cb,43,114183,2025-06-30,83382700-6,77898100-9,1293732,1325816,,PARSED
01_Raw\RIPLEY\Facturacion\dteproveedor_6060.xml,f876662b8b22,33,2158559,2025-06-30,83382700-6,77898100-9,260048,218528,,PARSED
01_Raw\RIPLEY\Facturacion\dteproveedor_6063.xml,931926361ddd,61,7333235,2025-06-30,83382700-6,77898100-9,46809,39335,33|0,PARSED
01_Raw\RIPLEY\Facturacion\dteproveedor_6065.xml,a06851026f33,33,2158839,2025-07-03,83382700-6,77898100-9,381181,320320,801|-,PARSED
01_Raw\RIPLEY\Facturacion\dteproveedor_6087.xml,e6c1ca258825,33,2052480,2025-07-10,83382700-6,77898100-9,726264,610306,,PARSED
01_Raw\RIPLEY\Facturacion\dteproveedor_6108.xml,a408283d20d7,33,2159778,2025-07-13,83382700-6,77898100-9,2187626,1838341,,PARSED
01_Raw\RIPLEY\Facturacion\dteproveedor_6109.xml,51e0718ebe68,33,2159779,2025-07-13,83382700-6,77898100-9,767994,645373,,PARSED
01_Raw\RIPLEY\Facturacion\dteproveedor_6125.xml,ff1a72393785,33,2053675,2025-07-25,83382700-6,77898100-9,929430,781034,,PARSED
01_Raw\RIPLEY\Facturacion\dteproveedor_6126.xml,9cc0446c93ed,33,2053677,2025-07-25,83382700-6,77898100-9,700000,588235,,PARSED
01_Raw\RIPLEY\Facturacion\dteproveedor_6127.xml,a7b3ebc6f95c,33,2053679,2025-07-25,83382700-6,77898100-9,262625,220693,,PARSED
01_Raw\RIPLEY\Facturacion\dteproveedor_6128.xml,58172663a290,33,2053672,2025-07-25,83382700-6,77898100-9,988011,830261,,PARSED
01_Raw\RIPLEY\Facturacion\dteproveedor_6129.xml,c9374904882a,33,2053827,2025-07-25,83382700-6,77898100-9,814084,684104,,PARSED
01_Raw\RIPLEY\Facturacion\dteproveedor_6137.xml,1c1e57880f75,33,2162026,2025-07-29,83382700-6,77898100-9,594429,499520,801|-,PARSED
01_Raw\RIPLEY\Facturacion\dteproveedor_6139.xml,bebdecf34c65,33,2164374,2025-07-25,83382700-6,77898100-9,321536,270198,,PARSED
01_Raw\RIPLEY\Facturacion\dteproveedor_6140.xml,535a2c2fa116,33,2164375,2025-07-25,83382700-6,77898100-9,8842,7430,,PARSED
01_Raw\RIPLEY\Facturacion\dteproveedor_6141.xml,35c65373a1f5,33,2162422,2025-07-28,83382700-6,77898100-9,532649,447604,,PARSED
01_Raw\RIPLEY\Facturacion\dteproveedor_6142.xml,8739765b0773,33,2162421,2025-07-28,83382700-6,77898100-9,1747471,1468463,,PARSED
01_Raw\RIPLEY\Facturacion\dteproveedor_6171.xml,5944a6c54c35,33,2184510,2025-07-31,83382700-6,77898100-9,497891,418396,,PARSED
01_Raw\RIPLEY\Facturacion\dteproveedor_6172.xml,21589c9ee555,61,7333328,2025-07-31,83382700-6,77898100-9,89620,75311,33|0,PARSED
01_Raw\RIPLEY\Facturacion\dteproveedor_6174.xml,ad63c174b8af,43,113039,2025-07-31,83382700-6,77898100-9,1388807,1423249,,PARSED
01_Raw\RIPLEY\Facturacion\dteproveedor_6175.xml,25cc1f390ffb,43,113040,2025-07-31,83382700-6,77898100-9,1128082,1156058,,PARSED
01_Raw\RIPLEY\Facturacion\dteproveedor_6195.xml,31e1bf05e960,33,2164559,2025-08-11,83382700-6,77898100-9,990,832,,PARSED
01_Raw\RIPLEY\Facturacion\dteproveedor_6198.xml,ad840754ff02,33,2165374,2025-08-11,83382700-6,77898100-9,919576,772753,,PARSED
01_Raw\RIPLEY\Facturacion\dteproveedor_6226.xml,8658c3da3aff,33,2185752,2025-08-13,83382700-6,77898100-9,1938564,1629045,,PARSED
01_Raw\RIPLEY\Facturacion\dteproveedor_6227.xml,9472f427d04a,33,2185753,2025-08-13,83382700-6,77898100-9,613526,515568,,PARSED
01_Raw\RIPLEY\Facturacion\dteproveedor_6242.xml,0b3ab1897f9d,52,49851474,2025-08-25,83382700-6,77898100-9,1402737,1136217,CTZ|13074128,PARSED
01_Raw\RIPLEY\Facturacion\dteproveedor_6243.xml,132320f5811b,52,49851475,2025-08-25,83382700-6,77898100-9,1217794,986414,CTZ|13074129,PARSED
01_Raw\RIPLEY\Facturacion\dteproveedor_6244.xml,bc298a22eb27,52,49851476,2025-08-25,83382700-6,77898100-9,170790,138340,CTZ|13074130,PARSED
01_Raw\RIPLEY\Facturacion\dteproveedor_6245.xml,e1fba53ff914,33,2166682,2025-08-25,83382700-6,77898100-9,694504,583617,,PARSED
01_Raw\RIPLEY\Facturacion\dteproveedor_6246.xml,2c9094929c17,33,2166716,2025-08-25,83382700-6,77898100-9,809177,679981,,PARSED
01_Raw\RIPLEY\Facturacion\dteproveedor_6257.xml,5c1b7f0abddf,33,2188352,2025-08-27,83382700-6,77898100-9,256647,215670,801|-,PARSED
01_Raw\RIPLEY\Facturacion\dteproveedor_6277.xml,9d50d16cf4f7,33,2188902,2025-08-28,83382700-6,77898100-9,428855,360382,,PARSED
01_Raw\RIPLEY\Facturacion\dteproveedor_6278.xml,33edabc7c8b1,33,2188901,2025-08-28,83382700-6,77898100-9,1478435,1242382,,PARSED
01_Raw\RIPLEY\Facturacion\dteproveedor_6297.xml,5384684f05f1,33,2190924,2025-08-31,83382700-6,77898100-9,187961,157950,,PARSED
01_Raw\RIPLEY\Facturacion\dteproveedor_6298.xml,cf593f498d59,61,7333445,2025-08-31,83382700-6,77898100-9,33833,28431,33|0,PARSED
01_Raw\RIPLEY\Facturacion\dteproveedor_6324.xml,443c9badc3b7,61,7333547,2025-09-11,83382700-6,77898100-9,33410,28076,33|02044806,PARSED
01_Raw\RIPLEY\Facturacion\dteproveedor_6326.xml,b455dbea1c57,33,2168120,2025-09-11,83382700-6,77898100-9,841817,707409,,PARSED
01_Raw\RIPLEY\Facturacion\dteproveedor_6356.xml,a72192e1018d,33,2192294,2025-09-13,83382700-6,77898100-9,594620,499681,,PARSED
01_Raw\RIPLEY\Facturacion\dteproveedor_6357.xml,4aa3a7ccdba1,33,2192293,2025-09-13,83382700-6,77898100-9,1823884,1532676,,PARSED
01_Raw\RIPLEY\Facturacion\dteproveedor_6364.xml,40ce984ed603,61,7413834,2025-09-23,83382700-6,77898100-9,162602,136640,33|02139163,PARSED
01_Raw\RIPLEY\Facturacion\dteproveedor_6370.xml,8cd436e85420,33,2169317,2025-09-26,83382700-6,77898100-9,128803,108238,,PARSED
01_Raw\RIPLEY\Facturacion\dteproveedor_6372.xml,0d6b204d42d8,33,2169655,2025-09-26,83382700-6,77898100-9,2698,2267,,PARSED
01_Raw\RIPLEY\Facturacion\dteproveedor_6396.xml,2a43c3f04eed,33,2195095,2025-09-28,83382700-6,77898100-9,238180,200151,,PARSED
01_Raw\RIPLEY\Facturacion\dteproveedor_6397.xml,6c29b366bc6e,33,2195094,2025-09-28,83382700-6,77898100-9,780536,655913,,PARSED
01_Raw\RIPLEY\Facturacion\dteproveedor_6401.xml,8066f5bcae07,33,2196355,2025-10-01,83382700-6,77898100-9,66841,56169,,PARSED
01_Raw\RIPLEY\Facturacion\dteproveedor_6406.xml,e5e0274deb78,43,115885,2025-09-30,83382700-6,77898100-9,368087,377217,,PARSED
01_Raw\RIPLEY\Facturacion\dteproveedor_6407.xml,f21c6333aee6,43,115886,2025-09-30,83382700-6,77898100-9,595167,609923,,PARSED
01_Raw\RIPLEY\Facturacion\dteproveedor_6438.xml,6ef673a62584,33,2170081,2025-10-10,83382700-6,77898100-9,699544,587852,,PARSED
01_Raw\RIPLEY\Facturacion\dteproveedor_6439.xml,b17cde9ab3d3,33,2170083,2025-10-10,83382700-6,77898100-9,646764,543499,,PARSED
01_Raw\RIPLEY\Facturacion\dteproveedor_6440.xml,f4d978bd92ac,33,2170663,2025-10-10,83382700-6,77898100-9,956871,804093,,PARSED
01_Raw\RIPLEY\Facturacion\dteproveedor_6455.xml,8b97f66fc99b,33,2198156,2025-10-13,83382700-6,77898100-9,1967118,1653040,,PARSED
01_Raw\RIPLEY\Facturacion\dteproveedor_6456.xml,dba60494fe89,33,2198157,2025-10-13,83382700-6,77898100-9,687838,578015,,PARSED
01_Raw\RIPLEY\Facturacion\dteproveedor_6463.xml,59430bceefe4,33,2200539,2025-10-21,83382700-6,77898100-9,87782,73766,801|-,PARSED
01_Raw\RIPLEY\Facturacion\dteproveedor_6466.xml,79ff009004c9,61,7414029,2025-10-22,83382700-6,77898100-9,10673,8969,33|02196355,PARSED
01_Raw\RIPLEY\Facturacion\dteproveedor_6469.xml,949cb913aaaa,33,2171455,2025-10-24,83382700-6,77898100-9,990,832,,PARSED
01_Raw\RIPLEY\Facturacion\dteproveedor_6471.xml,fb36fde0385f,33,2172270,2025-10-24,83382700-6,77898100-9,691153,580801,,PARSED
01_Raw\RIPLEY\Facturacion\dteproveedor_6472.xml,818e3cc9c01e,33,2172831,2025-10-24,83382700-6,77898100-9,3418,2872,,PARSED
01_Raw\RIPLEY\Facturacion\dteproveedor_6492.xml,2fd168cbe223,33,2201271,2025-10-28,83382700-6,77898100-9,1676128,1408511,,PARSED
01_Raw\RIPLEY\Facturacion\dteproveedor_6493.xml,52e5817350ac,33,2201272,2025-10-28,83382700-6,77898100-9,462528,388679,,PARSED
01_Raw\RIPLEY\Facturacion\dteproveedor_6514.xml,d410b2486aae,61,7414139,2025-10-31,83382700-6,77898100-9,27804,23365,33|0,PARSED
01_Raw\RIPLEY\Facturacion\dteproveedor_6520.xml,2ad95a839422,33,2203572,2025-10-31,83382700-6,77898100-9,154470,129807,,PARSED
01_Raw\RIPLEY\Facturacion\dteproveedor_6522.xml,4ca97db120c5,43,116961,2025-10-31,83382700-6,77898100-9,315442,323265,,PARSED
01_Raw\RIPLEY\Facturacion\dteproveedor_6523.xml,5ccd6ca49714,43,116962,2025-10-31,83382700-6,77898100-9,661282,677681,,PARSED
01_Raw\RIPLEY\Facturacion\dteproveedor_6524.xml,8d2e1d853387,43,116963,2025-10-31,83382700-6,77898100-9,557102,570921,,PARSED
01_Raw\RIPLEY\Facturacion\dteproveedor_6525.xml,15b0251959c9,43,116964,2025-10-31,83382700-6,77898100-9,706054,723567,,PARSED
01_Raw\RIPLEY\Facturacion\dteproveedor_6526.xml,7b4f638c1a6b,43,116965,2025-10-31,83382700-6,77898100-9,580068,594454,,PARSED
01_Raw\RIPLEY\Facturacion\dteproveedor_6527.xml,69c89a736dee,43,116966,2025-10-31,83382700-6,77898100-9,472155,483870,,PARSED
01_Raw\RIPLEY\Facturacion\dteproveedor_6528.xml,2d67c9d63aef,43,116967,2025-10-31,83382700-6,77898100-9,473860,485614,,PARSED
01_Raw\RIPLEY\Facturacion\dteproveedor_6529.xml,86921dd4616f,43,116968,2025-10-31,83382700-6,77898100-9,595923,610700,,PARSED
01_Raw\RIPLEY\Facturacion\dteproveedor_6547.xml,b0c9a297c7d1,33,2173657,2025-11-10,83382700-6,77898100-9,842001,707564,,PARSED
01_Raw\RIPLEY\Facturacion\dteproveedor_6578.xml,6ec1f3a5e640,33,2262579,2025-11-13,83382700-6,77898100-9,1287980,1082336,,PARSED
01_Raw\RIPLEY\Facturacion\dteproveedor_6579.xml,6f5bf570cacf,33,2263211,2025-11-13,83382700-6,77898100-9,411378,345696,,PARSED
01_Raw\RIPLEY\Facturacion\dteproveedor_6585.xml,30748eebdeb5,33,2265026,2025-11-20,83382700-6,77898100-9,388135,326164,,PARSED
01_Raw\RIPLEY\Facturacion\dteproveedor_6586.xml,4be083fdcdda,33,2265025,2025-11-20,83382700-6,77898100-9,1072577,901325,,PARSED
01_Raw\RIPLEY\Facturacion\dteproveedor_6589.xml,fe1bdb6fa72d,33,2282565,2025-11-25,83382700-6,77898100-9,494171,415270,,PARSED
01_Raw\RIPLEY\Facturacion\dteproveedor_6591.xml,4504f7c98a61,33,2282983,2025-11-25,83382700-6,77898100-9,1064738,894738,,PARSED
01_Raw\RIPLEY\Facturacion\dteproveedor_6592.xml,ba2682a5ad1f,52,51258036,2025-11-26,83382700-6,77898100-9,169471,137272,CTZ|13353135,PARSED
01_Raw\RIPLEY\Facturacion\dteproveedor_6594.xml,c591bedc5647,33,2266672,2025-11-25,83382700-6,77898100-9,595173,500145,801|-,PARSED
01_Raw\RIPLEY\Facturacion\dteproveedor_6621.xml,4a2061465c43,33,2267362,2025-11-28,83382700-6,77898100-9,736872,619220,,PARSED
01_Raw\RIPLEY\Facturacion\dteproveedor_6622.xml,fd7a6b5fea3e,33,2267363,2025-11-28,83382700-6,77898100-9,260091,218564,,PARSED
01_Raw\RIPLEY\Facturacion\dteproveedor_6626.xml,5332bba4f5ef,43,117865,2025-11-30,83382700-6,77898100-9,397677,407538,,PARSED
01_Raw\RIPLEY\Facturacion\dteproveedor_6627.xml,f94e31386875,43,117866,2025-11-30,83382700-6,77898100-9,546070,559612,,PARSED
01_Raw\RIPLEY\Facturacion\dteproveedor_6628.xml,21fa28996ebe,43,117864,2025-11-30,83382700-6,77898100-9,602341,617279,,PARSED
01_Raw\RIPLEY\Facturacion\dteproveedor_6629.xml,a3930f84ec30,43,117867,2025-11-30,83382700-6,77898100-9,609136,624241,,PARSED
01_Raw\RIPLEY\Facturacion\dteproveedor_6630.xml,14923c16cad9,43,117869,2025-11-30,83382700-6,77898100-9,847964,868996,,PARSED
01_Raw\RIPLEY\Facturacion\dteproveedor_6631.xml,4bdf6d230f24,43,117870,2025-11-30,83382700-6,77898100-9,414921,425210,,PARSED
01_Raw\RIPLEY\Facturacion\dteproveedor_6632.xml,d1b75520b998,43,117871,2025-11-30,83382700-6,77898100-9,358348,367234,,PARSED
01_Raw\RIPLEY\Facturacion\dteproveedor_6633.xml,0cba1ec7043c,43,117872,2025-11-30,83382700-6,77898100-9,623340,638800,,PARSED
01_Raw\RIPLEY\Facturacion\dteproveedor_6634.xml,dc119761681a,43,117861,2025-11-30,83382700-6,77898100-9,629950,645574,,PARSED
01_Raw\RIPLEY\Facturacion\dteproveedor_6635.xml,ab1383220628,43,117862,2025-11-30,83382700-6,77898100-9,769347,788425,,PARSED
01_Raw\RIPLEY\Facturacion\dteproveedor_6636.xml,3e19df37cffa,43,117863,2025-11-30,83382700-6,77898100-9,764179,783130,,PARSED
01_Raw\RIPLEY\Facturacion\dteproveedor_6637.xml,145a3d66fcf0,43,117868,2025-11-30,83382700-6,77898100-9,168780,172967,,PARSED
01_Raw\RIPLEY\Facturacion\dteproveedor_6638.xml,45401b8f9a19,61,7504327,2025-11-30,83382700-6,77898100-9,8622,7245,33|0,PARSED
01_Raw\RIPLEY\Facturacion\dteproveedor_6639.xml,189f721da783,33,2268956,2025-11-30,83382700-6,77898100-9,47889,40243,,PARSED
01_Raw\RIPLEY\Facturacion\dteproveedor_6668.xml,fad8df57c1e1,33,2283924,2025-12-11,83382700-6,77898100-9,339400,285210,,PARSED
01_Raw\RIPLEY\Facturacion\dteproveedor_6669.xml,3aaa13850f7d,33,2284007,2025-12-11,83382700-6,77898100-9,694072,583254,,PARSED
01_Raw\RIPLEY\Facturacion\dteproveedor_6670.xml,7a3ce5a58846,33,2284006,2025-12-11,83382700-6,77898100-9,700000,588235,,PARSED
01_Raw\RIPLEY\Facturacion\dteproveedor_6671.xml,86be4891bf13,33,2284008,2025-12-11,83382700-6,77898100-9,592461,497866,,PARSED
01_Raw\RIPLEY\Facturacion\dteproveedor_6681.xml,e235ca44a60c,33,2271182,2025-12-05,83382700-6,77898100-9,561355,471727,,PARSED
01_Raw\RIPLEY\Facturacion\dteproveedor_6682.xml,566f0b4b3b34,33,2271181,2025-12-05,83382700-6,77898100-9,1308597,1099661,,PARSED
01_Raw\RIPLEY\Facturacion\dteproveedor_6702.xml,4b81a9f6d29b,33,2271872,2025-12-10,83382700-6,77898100-9,1756370,1475941,,PARSED
01_Raw\RIPLEY\Facturacion\dteproveedor_6713.xml,a745970336ec,33,2284772,2025-12-17,83382700-6,77898100-9,629591,529068,,PARSED
01_Raw\RIPLEY\Facturacion\dteproveedor_6717.xml,935ed34e29b5,33,2292933,2025-12-13,83382700-6,77898100-9,488876,410820,,PARSED
01_Raw\RIPLEY\Facturacion\dteproveedor_6718.xml,609fc4599009,33,2292932,2025-12-13,83382700-6,77898100-9,1606438,1349948,,PARSED
01_Raw\RIPLEY\Facturacion\dteproveedor_6733.xml,27b252c82de5,33,2295259,2025-12-20,83382700-6,77898100-9,851643,715666,,PARSED
01_Raw\RIPLEY\Facturacion\dteproveedor_6734.xml,b731aa94f7ef,33,2295260,2025-12-20,83382700-6,77898100-9,377306,317064,,PARSED
01_Raw\RIPLEY\Facturacion\dteproveedor_6735.xml,43e28c7906ea,33,2297188,2025-12-22,83382700-6,77898100-9,816730,686328,801|-,PARSED
01_Raw\RIPLEY\Facturacion\dteproveedor_6741.xml,0b7081cbabfa,33,2286787,2025-12-26,83382700-6,77898100-9,625409,525554,,PARSED
01_Raw\RIPLEY\Facturacion\dteproveedor_6742.xml,dd4d03894871,33,2286813,2025-12-26,83382700-6,77898100-9,1077220,905227,,PARSED
01_Raw\RIPLEY\Facturacion\dteproveedor_6750.xml,0096543ccc8b,33,2297775,2025-12-28,83382700-6,77898100-9,241290,202765,,PARSED
01_Raw\RIPLEY\Facturacion\dteproveedor_6751.xml,2e3e0bd7b9eb,33,2297774,2025-12-28,83382700-6,77898100-9,620753,521641,,PARSED
01_Raw\RIPLEY\Facturacion\dteproveedor_6768.xml,ddd2e15305ef,33,2287693,2026-01-02,83382700-6,77898100-9,700000,588235,,PARSED
01_Raw\RIPLEY\Facturacion\dteproveedor_6769.xml,515ffdbb44f4,33,2287896,2026-01-02,83382700-6,77898100-9,255159,214419,,PARSED
01_Raw\RIPLEY\Facturacion\dteproveedor_6786.xml,4034aaed4811,33,2299818,2025-12-31,83382700-6,77898100-9,156628,131620,,PARSED
01_Raw\RIPLEY\Facturacion\dteproveedor_6787.xml,a1982f098620,33,2299819,2025-12-31,83382700-6,77898100-9,742010,623538,,PARSED
01_Raw\RIPLEY\Facturacion\dteproveedor_6788.xml,fd66de2a8771,33,2299820,2025-12-31,83382700-6,77898100-9,140139,117764,,PARSED
01_Raw\RIPLEY\Facturacion\dteproveedor_6789.xml,3df93e5e470a,61,7504482,2025-12-31,83382700-6,77898100-9,186980,157126,33|0,PARSED
01_Raw\RIPLEY\Facturacion\dteproveedor_6790.xml,206f9ea96221,43,119099,2025-12-31,83382700-6,77898100-9,694687,711915,,PARSED
01_Raw\RIPLEY\Facturacion\dteproveedor_6791.xml,29ceb1c407a0,43,119100,2025-12-31,83382700-6,77898100-9,635529,651289,,PARSED
01_Raw\RIPLEY\Facturacion\dteproveedor_6792.xml,9aa668380180,43,119105,2025-12-31,83382700-6,77898100-9,534127,547374,,PARSED
01_Raw\RIPLEY\Facturacion\dteproveedor_6793.xml,cf6d01ba5eef,43,119106,2025-12-31,83382700-6,77898100-9,430800,441479,,PARSED
01_Raw\RIPLEY\Facturacion\dteproveedor_6794.xml,eda07ac8853d,43,119101,2025-12-31,83382700-6,77898100-9,610509,625653,,PARSED
01_Raw\RIPLEY\Facturacion\dteproveedor_6795.xml,a91a6a1618c4,43,119102,2025-12-31,83382700-6,77898100-9,590096,604731,,PARSED
01_Raw\RIPLEY\Facturacion\dteproveedor_6796.xml,e5a6342797cf,43,119103,2025-12-31,83382700-6,77898100-9,487957,500055,,PARSED
01_Raw\RIPLEY\Facturacion\dteproveedor_6797.xml,e2eedb1f94f3,43,119104,2025-12-31,83382700-6,77898100-9,404012,414030,,PARSED
01_Raw\RIPLEY\Facturacion\dteproveedor_6798.xml,ea5b64db4a9b,43,119112,2025-12-31,83382700-6,77898100-9,619597,634968,,PARSED
01_Raw\RIPLEY\Facturacion\dteproveedor_6799.xml,5457ac947b6b,43,119113,2025-12-31,83382700-6,77898100-9,695050,712287,,PARSED
01_Raw\RIPLEY\Facturacion\dteproveedor_6800.xml,79bfaaff972c,43,119107,2025-12-31,83382700-6,77898100-9,470036,481691,,PARSED
01_Raw\RIPLEY\Facturacion\dteproveedor_6801.xml,632c7ba10ba3,43,119108,2025-12-31,83382700-6,77898100-9,433197,443942,,PARSED
01_Raw\RIPLEY\Facturacion\dteproveedor_6802.xml,cff8e365117a,43,119111,2025-12-31,83382700-6,77898100-9,271871,278614,,PARSED
01_Raw\RIPLEY\Facturacion\dteproveedor_6803.xml,0ab3c3b74187,43,119109,2025-12-31,83382700-6,77898100-9,400209,410134,,PARSED
01_Raw\RIPLEY\Facturacion\dteproveedor_6804.xml,da5b9f38183d,43,119110,2025-12-31,83382700-6,77898100-9,439992,450903,,PARSED
01_Raw\RIPLEY\Facturacion\dteproveedor_6816.xml,86799c39f8e1,33,2300143,2026-01-05,83382700-6,77898100-9,80692,67808,,PARSED
01_Raw\RIPLEY\Facturacion\dteproveedor_6817.xml,9bfdf9b5b750,33,2300144,2026-01-05,83382700-6,77898100-9,111787,93939,,PARSED
01_Raw\RIPLEY\Facturacion\dteproveedor_6833.xml,2a3eaca39ba7,33,2289042,2026-01-09,83382700-6,77898100-9,336740,282975,,PARSED
01_Raw\RIPLEY\Facturacion\dteproveedor_6860.xml,e6d9540bc93b,33,2301846,2026-01-13,83382700-6,77898100-9,166792,140161,,PARSED
01_Raw\RIPLEY\Facturacion\dteproveedor_6861.xml,a1bd699e3159,33,2301845,2026-01-13,83382700-6,77898100-9,302563,254255,,PARSED
01_Raw\RIPLEY\Facturacion\dteproveedor_6870.xml,e082defd0b45,33,2290359,2026-01-16,83382700-6,77898100-9,4282,3598,,PARSED
01_Raw\RIPLEY\Facturacion\dteproveedor_6878.xml,d3dcc4e0940c,33,2290366,2026-01-16,83382700-6,77898100-9,8782,7380,,PARSED
01_Raw\RIPLEY\Facturacion\dteproveedor_6880.xml,856a7528abe4,33,2303698,2026-01-20,83382700-6,77898100-9,161114,135390,,PARSED
01_Raw\RIPLEY\Facturacion\dteproveedor_6881.xml,ee52b8aa8fc3,33,2303697,2026-01-20,83382700-6,77898100-9,352652,296346,,PARSED
01_Raw\RIPLEY\Facturacion\dteproveedor_6898.xml,99a307d9098f,33,2290994,2026-01-26,83382700-6,77898100-9,297197,249745,,PARSED
01_Raw\RIPLEY\Facturacion\dteproveedor_6908.xml,8c327eb4c5b0,33,2306084,2026-01-28,83382700-6,77898100-9,335008,281519,,PARSED
01_Raw\RIPLEY\Facturacion\dteproveedor_6909.xml,45e94c8d3354,33,2306085,2026-01-28,83382700-6,77898100-9,115767,97283,,PARSED
01_Raw\RIPLEY\Facturacion\dteproveedor_6924.xml,f088bb75b99d,33,2307106,2026-01-30,83382700-6,77898100-9,1148809,965386,801|-,PARSED
01_Raw\RIPLEY\Facturacion\dteproveedor_6932.xml,00e9f2ded000,61,7504703,2026-01-31,83382700-6,77898100-9,182034,152970,33|0,PARSED
01_Raw\RIPLEY\Facturacion\dteproveedor_6934.xml,531117a151bf,33,2291529,2026-02-03,83382700-6,77898100-9,367056,308450,,PARSED
01_Raw\RIPLEY\Facturacion\dteproveedor_6935.xml,51b3ae7dae68,33,2291537,2026-02-03,83382700-6,77898100-9,500666,420728,,PARSED
01_Raw\RIPLEY\Facturacion\dteproveedor_6936.xml,8ab988cb5844,33,2312497,2026-02-03,83382700-6,77898100-9,255530,214731,,PARSED
01_Raw\RIPLEY\Facturacion\dteproveedor_6937.xml,0800265c1f68,33,2307425,2026-01-31,83382700-6,77898100-9,559822,470439,,PARSED
01_Raw\RIPLEY\Facturacion\dteproveedor_6938.xml,785fba8fc98c,33,2307424,2026-01-31,83382700-6,77898100-9,2499,2100,,PARSED
01_Raw\RIPLEY\Facturacion\dteproveedor_6939.xml,673f197ab89b,33,2307426,2026-01-31,83382700-6,77898100-9,145639,122386,,PARSED
01_Raw\RIPLEY\Facturacion\dteproveedor_6940.xml,0c6bfc349b27,33,2307423,2026-01-31,83382700-6,77898100-9,303339,254907,,PARSED
01_Raw\RIPLEY\Facturacion\dteproveedor_6942.xml,b006c8b8857a,43,120519,2026-01-31,83382700-6,77898100-9,380901,390351,,PARSED
01_Raw\RIPLEY\Facturacion\dteproveedor_6943.xml,5001053edf62,43,120520,2026-01-31,83382700-6,77898100-9,409503,419660,,PARSED
01_Raw\RIPLEY\Facturacion\dteproveedor_6944.xml,ffc9ba093ec4,43,120521,2026-01-31,83382700-6,77898100-9,299606,307037,,PARSED
01_Raw\RIPLEY\Facturacion\dteproveedor_6945.xml,943bad66c10c,43,120518,2026-01-31,83382700-6,77898100-9,461653,473105,,PARSED
01_Raw\RIPLEY\Facturacion\dteproveedor_6946.xml,8671cff43b0e,43,120522,2026-01-31,83382700-6,77898100-9,392611,402346,,PARSED
01_Raw\RIPLEY\Facturacion\dteproveedor_6947.xml,9b1acafda50b,43,120525,2026-01-31,83382700-6,77898100-9,500828,513246,,PARSED
01_Raw\RIPLEY\Facturacion\dteproveedor_6948.xml,1b25c0c6865d,43,120524,2026-01-31,83382700-6,77898100-9,288501,295655,,PARSED
01_Raw\RIPLEY\Facturacion\dteproveedor_6949.xml,d6cee2863033,43,120523,2026-01-31,83382700-6,77898100-9,446138,457205,,PARSED
01_Raw\RIPLEY\Facturacion\dteproveedor_6956.xml,79c79f6d0cee,43,120829,2026-02-05,83382700-6,77898100-9,95079,97436,,PARSED
01_Raw\RIPLEY\Facturacion\dteproveedor_6957.xml,78394333a4a5,43,120830,2026-02-05,83382700-6,77898100-9,278107,285000,,PARSED
01_Raw\RIPLEY\Facturacion\dteproveedor_6959.xml,3da780b5797a,33,2307974,2026-02-05,83382700-6,77898100-9,453554,381138,,PARSED
01_Raw\RIPLEY\Facturacion\dteproveedor_6960.xml,1d25796512a5,33,2307975,2026-02-05,83382700-6,77898100-9,131578,110570,,PARSED
01_Raw\RIPLEY\Facturacion\dteproveedor_6970.xml,13290ccef6a8,33,2308931,2026-02-09,83382700-6,77898100-9,465045,390794,801|-,PARSED
01_Raw\RIPLEY\Facturacion\dteproveedor_6976.xml,868dd4537673,33,2313686,2026-02-11,83382700-6,77898100-9,217751,182984,,PARSED
01_Raw\RIPLEY\Facturacion\dteproveedor_6990.xml,47ae1b5533a5,33,2309760,2026-02-13,83382700-6,77898100-9,82869,69638,801|-,PARSED
01_Raw\RIPLEY\Facturacion\dteproveedor_6994.xml,0cf6b049cacf,33,2310071,2026-02-13,83382700-6,77898100-9,308815,259508,,PARSED
01_Raw\RIPLEY\Facturacion\dteproveedor_6995.xml,e95a0435cff7,61,7504788,2026-02-13,83382700-6,77898100-9,39973,33591,33|0,PARSED
01_Raw\RIPLEY\Facturacion\dteproveedor_6998.xml,d48d36b6f2d5,43,120928,2026-02-13,83382700-6,77898100-9,285995,293085,,PARSED
01_Raw\RIPLEY\Facturacion\dteproveedor_6999.xml,d0b026030ed4,43,120927,2026-02-13,83382700-6,77898100-9,177878,182288,,PARSED
01_Raw\RIPLEY\Facturacion\dteproveedor_7009.xml,7066106152b9,33,2314449,2026-02-19,83382700-6,77898100-9,199295,167475,,PARSED
01_Raw\RIPLEY\Facturacion\dteproveedor_7010.xml,fcebfd546ef1,33,2314938,2026-02-20,83382700-6,77898100-9,3715,3122,,PARSED
01_Raw\RIPLEY\Facturacion\dteproveedor_7011.xml,090a87415b26,33,2315030,2026-02-20,83382700-6,77898100-9,41600,34958,,PARSED
01_Raw\RIPLEY\Facturacion\dteproveedor_7018.xml,d1adc5fa052c,33,2322526,2026-02-20,83382700-6,77898100-9,236889,199066,,PARSED
01_Raw\RIPLEY\Facturacion\dteproveedor_7019.xml,e7fd04688d8d,33,2322527,2026-02-20,83382700-6,77898100-9,106589,89571,,PARSED
01_Raw\RIPLEY\Facturacion\dteproveedor_7020.xml,601c40718bec,43,121039,2026-02-20,83382700-6,77898100-9,24183,24783,,PARSED
01_Raw\RIPLEY\Facturacion\dteproveedor_7021.xml,91f1eb5faad4,43,121040,2026-02-20,83382700-6,77898100-9,187694,192347,,PARSED
01_Raw\RIPLEY\Facturacion\dteproveedor_7032.xml,f0c76a4d3271,33,2315743,2026-02-27,83382700-6,77898100-9,210366,176778,,PARSED
01_Raw\RIPLEY\Facturacion\dteproveedor_7035.xml,ab5d7b4215cf,33,2316195,2026-02-27,83382700-6,77898100-9,4969,4176,,PARSED
01_Raw\RIPLEY\Facturacion\dteproveedor_7036.xml,485dbac0d3f0,33,2316313,2026-02-27,83382700-6,77898100-9,75400,63361,,PARSED
01_Raw\RIPLEY\Facturacion\dteproveedor_7055.xml,9bd6979123d5,43,121151,2026-02-28,83382700-6,77898100-9,160646,164628,,PARSED
01_Raw\RIPLEY\Facturacion\dteproveedor_7056.xml,bb80c1601a1e,43,121150,2026-02-28,83382700-6,77898100-9,36892,37807,,PARSED
01_Raw\RIPLEY\Facturacion\dteproveedor_7057.xml,8f47574fb37f,43,121152,2026-02-28,83382700-6,77898100-9,404125,414144,,PARSED
01_Raw\RIPLEY\Facturacion\dteproveedor_7058.xml,c4a3aac47bd1,33,2323965,2026-02-28,83382700-6,77898100-9,124880,104941,,PARSED
01_Raw\RIPLEY\Facturacion\dteproveedor_7059.xml,7673f5dad760,33,2323964,2026-02-28,83382700-6,77898100-9,344662,289632,,PARSED
01_Raw\RIPLEY\Facturacion\dteproveedor_7061.xml,13cfe72c951a,33,2316810,2026-03-04,83382700-6,77898100-9,190750,160294,,PARSED
01_Raw\RIPLEY\Facturacion\dteproveedor_7062.xml,02a3b8f030eb,33,2317033,2026-03-04,83382700-6,77898100-9,7198,6049,,PARSED
01_Raw\RIPLEY\Facturacion\dteproveedor_7063.xml,e2137d41325d,33,2317050,2026-03-04,83382700-6,77898100-9,80600,67731,,PARSED
01_Raw\RIPLEY\Facturacion\dteproveedor_7064.xml,2728d511c632,33,2317169,2026-03-04,83382700-6,77898100-9,3109,2613,,PARSED
01_Raw\RIPLEY\Facturacion\dteproveedor_7069.xml,15473c404dae,43,121707,2026-02-28,83382700-6,77898100-9,127880,131050,,PARSED
01_Raw\RIPLEY\Facturacion\dteproveedor_7073.xml,915703259369,33,2325858,2026-03-05,83382700-6,77898100-9,322500,271008,,PARSED
01_Raw\RIPLEY\Facturacion\dteproveedor_7074.xml,a4676827cf98,33,2325859,2026-03-05,83382700-6,77898100-9,99828,83889,,PARSED
01_Raw\RIPLEY\Facturacion\dteproveedor_7079.xml,57b327538697,43,122391,2026-03-05,83382700-6,77898100-9,72957,74765,,PARSED
01_Raw\RIPLEY\Facturacion\dteproveedor_7080.xml,098215d5c9e9,43,122392,2026-03-05,83382700-6,77898100-9,361902,370874,,PARSED
01_Raw\RIPLEY\Facturacion\dteproveedor_7096.xml,b06f226d2f41,33,2317503,2026-03-12,83382700-6,77898100-9,699851,588110,,PARSED
01_Raw\RIPLEY\Facturacion\dteproveedor_7101.xml,621260129be6,33,2318071,2026-03-12,83382700-6,77898100-9,4717,3964,,PARSED
01_Raw\RIPLEY\Facturacion\dteproveedor_7102.xml,ea19da949280,33,2318081,2026-03-12,83382700-6,77898100-9,103400,86891,,PARSED
01_Raw\RIPLEY\Facturacion\dteproveedor_7103.xml,b8b499b8bff7,33,2318134,2026-03-12,83382700-6,77898100-9,260126,218593,,PARSED
01_Raw\RIPLEY\Facturacion\dteproveedor_7111.xml,e8c524592ffa,33,2327501,2026-03-13,83382700-6,77898100-9,718946,604156,,PARSED
01_Raw\RIPLEY\Facturacion\dteproveedor_7112.xml,e13bb701eca5,33,2327502,2026-03-13,83382700-6,77898100-9,255940,215076,,PARSED
01_Raw\RIPLEY\Facturacion\dteproveedor_7115.xml,6f520ebf2770,43,122491,2026-03-13,83382700-6,77898100-9,385698,395260,,PARSED
01_Raw\RIPLEY\Facturacion\dteproveedor_7116.xml,e5d414aa0f36,43,122492,2026-03-13,83382700-6,77898100-9,376655,385993,,PARSED
01_Raw\RIPLEY\Facturacion\dteproveedor_7117.xml,aad14e34a464,43,122493,2026-03-13,83382700-6,77898100-9,336067,344399,,PARSED
01_Raw\RIPLEY\Facturacion\dteproveedor_7120.xml,2e5c65118ff6,33,2319120,2026-03-19,83382700-6,77898100-9,228438,191965,,PARSED
01_Raw\RIPLEY\Facturacion\dteproveedor_7121.xml,41d21fdc4533,33,2319602,2026-03-19,83382700-6,77898100-9,15000,12605,,PARSED
01_Raw\RIPLEY\Facturacion\dteproveedor_7123.xml,62caedef3369,33,2319629,2026-03-19,83382700-6,77898100-9,4455,3744,,PARSED
01_Raw\RIPLEY\Facturacion\dteproveedor_7124.xml,6ccb346dc478,33,2319764,2026-03-19,83382700-6,77898100-9,143200,120336,,PARSED
01_Raw\RIPLEY\Facturacion\dteproveedor_7129.xml,90bcf9522b52,43,122617,2026-03-20,83382700-6,77898100-9,182395,186917,,PARSED
01_Raw\RIPLEY\Facturacion\dteproveedor_7130.xml,a3d5c3160705,43,122618,2026-03-20,83382700-6,77898100-9,448817,459944,,PARSED
01_Raw\RIPLEY\Facturacion\dteproveedor_7131.xml,32500265784b,43,122619,2026-03-20,83382700-6,77898100-9,375827,385144,,PARSED
01_Raw\RIPLEY\Facturacion\dteproveedor_7132.xml,cd8ffb12078f,43,122620,2026-03-20,83382700-6,77898100-9,418903,429288,,PARSED
01_Raw\RIPLEY\Facturacion\dteproveedor_7133.xml,4f97e907aeb6,33,2329310,2026-03-20,83382700-6,77898100-9,266847,224241,,PARSED
01_Raw\RIPLEY\Facturacion\dteproveedor_7134.xml,b2fdc9d40148,33,2329309,2026-03-20,83382700-6,77898100-9,685970,576445,,PARSED
01_Raw\RIPLEY\Facturacion\dteproveedor_7148.xml,752a405a9ba1,33,2320339,2026-03-26,83382700-6,77898100-9,241991,203354,,PARSED
01_Raw\RIPLEY\Facturacion\dteproveedor_7149.xml,78244239ddef,33,2320816,2026-03-27,83382700-6,77898100-9,2274,1911,,PARSED
01_Raw\RIPLEY\Facturacion\dteproveedor_7150.xml,be649bed1f11,33,2320894,2026-03-27,83382700-6,77898100-9,86200,72437,,PARSED
01_Raw\RIPLEY\Facturacion\dteproveedor_7151.xml,b70c0562885e,33,2320702,2026-03-27,83382700-6,77898100-9,27000,22689,,PARSED
01_Raw\RIPLEY\Facturacion\dteproveedor_7159.xml,241f4e1cecfd,43,122727,2026-03-28,83382700-6,77898100-9,289757,296940,,PARSED
01_Raw\RIPLEY\Facturacion\dteproveedor_7160.xml,1a60a42fc3af,43,122728,2026-03-28,83382700-6,77898100-9,416843,427177,,PARSED
01_Raw\RIPLEY\Facturacion\dteproveedor_7161.xml,027909e92c8b,33,2331129,2026-03-28,83382700-6,77898100-9,795116,668165,,PARSED
01_Raw\RIPLEY\Facturacion\dteproveedor_7162.xml,7ed8cd11be78,33,2331130,2026-03-28,83382700-6,77898100-9,247505,207987,,PARSED
01_Raw\RIPLEY\Facturacion\dteproveedor_7181.xml,b886e52366d6,33,2321608,2026-04-02,83382700-6,77898100-9,33000,27731,,PARSED
01_Raw\RIPLEY\Facturacion\dteproveedor_7182.xml,be66ed353b34,33,2321729,2026-04-02,83382700-6,77898100-9,2288,1923,,PARSED
01_Raw\RIPLEY\Facturacion\dteproveedor_7183.xml,163876ab12e8,33,2321764,2026-04-02,83382700-6,77898100-9,101200,85042,,PARSED
01_Raw\RIPLEY\Facturacion\dteproveedor_7185.xml,9ea9ab34acde,33,2321893,2026-04-02,83382700-6,77898100-9,405654,340886,,PARSED
01_Raw\RIPLEY\Facturacion\dteproveedor_7190.xml,fd993763ca6d,43,122845,2026-03-31,83382700-6,77898100-9,415192,425485,,PARSED
01_Raw\RIPLEY\Facturacion\dteproveedor_7191.xml,ef55616fc10b,43,122844,2026-03-31,83382700-6,77898100-9,136079,139453,,PARSED
01_Raw\RIPLEY\Facturacion\dteproveedor_7194.xml,3eeab07e61e0,33,2359462,2026-04-05,83382700-6,77898100-9,280013,235305,,PARSED
01_Raw\RIPLEY\Facturacion\dteproveedor_7195.xml,ecb00e3a1f7c,33,2359461,2026-04-05,83382700-6,77898100-9,1131721,951026,,PARSED
01_Raw\RIPLEY\Facturacion\dteproveedor_7196.xml,a1e0a8296c3b,43,122952,2026-04-05,83382700-6,77898100-9,28692,29403,,PARSED
01_Raw\RIPLEY\Facturacion\dteproveedor_7197.xml,ffaddd184819,43,122953,2026-04-05,83382700-6,77898100-9,376260,385588,,PARSED
01_Raw\RIPLEY\Facturacion\dteproveedor_7215.xml,51ed89fe7c00,33,2408274,2026-04-10,83382700-6,77898100-9,33000,27731,,PARSED
01_Raw\RIPLEY\Facturacion\dteproveedor_7220.xml,35c97a13cbfa,33,2408394,2026-04-10,83382700-6,77898100-9,2288,1923,,PARSED
01_Raw\RIPLEY\Facturacion\dteproveedor_7221.xml,0520c03ca8e3,33,2408400,2026-04-10,83382700-6,77898100-9,101200,85042,,PARSED
01_Raw\RIPLEY\Facturacion\dteproveedor_7222.xml,56adc8b15d44,33,2408463,2026-04-10,83382700-6,77898100-9,700000,588235,,PARSED
01_Raw\RIPLEY\Facturacion\dteproveedor_7224.xml,eda9eb6c305a,33,2408744,2026-04-10,83382700-6,77898100-9,432807,363703,,PARSED
01_Raw\RIPLEY\Facturacion\dteproveedor_7227.xml,373d79a296e3,61,7707230,2026-04-10,83382700-6,77898100-9,33000,27731,33|0,PARSED
01_Raw\RIPLEY\Facturacion\dteproveedor_7228.xml,0dba8a82629b,61,7707263,2026-04-10,83382700-6,77898100-9,101200,85042,33|0,PARSED
01_Raw\RIPLEY\Facturacion\dteproveedor_7229.xml,5ff402fa4a15,61,7707356,2026-04-10,83382700-6,77898100-9,2288,1923,33|0,PARSED
01_Raw\RIPLEY\Facturacion\dteproveedor_7232.xml,256eb9e2da51,33,2361281,2026-04-13,83382700-6,77898100-9,1241005,1042861,,PARSED
01_Raw\RIPLEY\Facturacion\dteproveedor_7233.xml,594eb405b2dd,33,2361282,2026-04-13,83382700-6,77898100-9,310646,261047,,PARSED
01_Raw\RIPLEY\Facturacion\dteproveedor_7236.xml,99fa680b6473,33,2409430,2026-04-14,83382700-6,77898100-9,18000,15126,,PARSED
01_Raw\RIPLEY\Facturacion\dteproveedor_7237.xml,c8ff6aac205d,33,2409566,2026-04-14,83382700-6,77898100-9,3582,3010,,PARSED
01_Raw\RIPLEY\Facturacion\dteproveedor_7238.xml,f40143654036,43,123124,2026-04-13,83382700-6,77898100-9,145936,149554,,PARSED
01_Raw\RIPLEY\Facturacion\dteproveedor_7239.xml,097343292101,43,123125,2026-04-13,83382700-6,77898100-9,367484,376595,,PARSED
01_Raw\RIPLEY\Facturacion\dteproveedor_7240.xml,6dc1fe4eb6d2,43,123126,2026-04-13,83382700-6,77898100-9,616052,631326,,PARSED
01_Raw\RIPLEY\Facturacion\dteproveedor_7243.xml,f278aa66914b,33,2409607,2026-04-14,83382700-6,77898100-9,89400,75126,,PARSED
01_Raw\RIPLEY\Facturacion\dteproveedor_7250.xml,de16d204954a,33,2410103,2026-04-17,83382700-6,77898100-9,700000,588235,,PARSED
01_Raw\RIPLEY\Facturacion\dteproveedor_7251.xml,e618483cb451,33,2410158,2026-04-17,83382700-6,77898100-9,24000,20168,,PARSED
01_Raw\RIPLEY\Facturacion\dteproveedor_7252.xml,eb4bc47ac9d5,33,2410208,2026-04-17,83382700-6,77898100-9,3192,2682,,PARSED
01_Raw\RIPLEY\Facturacion\dteproveedor_7253.xml,d36274fe313f,33,2410225,2026-04-17,83382700-6,77898100-9,80000,67227,,PARSED
01_Raw\RIPLEY\Facturacion\dteproveedor_7254.xml,d22bf9e8ffcc,33,2410621,2026-04-17,83382700-6,77898100-9,370690,311504,,PARSED
01_Raw\RIPLEY\Facturacion\dteproveedor_7255.xml,e0c482592069,33,2410740,2026-04-17,83382700-6,77898100-9,13855,11643,,PARSED
01_Raw\RIPLEY\Facturacion\dteproveedor_7258.xml,f05817fe4ba9,43,123248,2026-04-20,83382700-6,77898100-9,136901,140295,,PARSED
01_Raw\RIPLEY\Facturacion\dteproveedor_7259.xml,f9b5a26007da,43,123249,2026-04-20,83382700-6,77898100-9,425056,435595,,PARSED
01_Raw\RIPLEY\Facturacion\dteproveedor_7260.xml,5f2285e44a12,33,2363285,2026-04-20,83382700-6,77898100-9,208388,175116,,PARSED
01_Raw\RIPLEY\Facturacion\dteproveedor_7261.xml,55c96363b0ca,33,2363284,2026-04-20,83382700-6,77898100-9,496088,416881,,PARSED
01_Raw\RIPLEY\Facturacion\dteproveedor_7266.xml,dae81a7f9394,52,53136430,2026-04-23,83382700-6,77898100-9,314744,254943,CTZ|13717043,PARSED
01_Raw\RIPLEY\Facturacion\dteproveedor_7267.xml,de594b83d619,52,53136431,2026-04-23,83382700-6,77898100-9,249087,201761,CTZ|13717044,PARSED
01_Raw\RIPLEY\Facturacion\dteproveedor_7268.xml,1cc3a04dad9a,52,53136432,2026-04-23,83382700-6,77898100-9,285552,231298,CTZ|13717045,PARSED
01_Raw\RIPLEY\Facturacion\dteproveedor_7269.xml,611ab9e76634,52,53136433,2026-04-23,83382700-6,77898100-9,193056,156376,CTZ|13717046,PARSED
01_Raw\RIPLEY\Facturacion\dteproveedor_7270.xml,ce2da85ea884,52,53136434,2026-04-23,83382700-6,77898100-9,180028,145823,CTZ|13717047,PARSED
01_Raw\RIPLEY\Facturacion\dteproveedor_7271.xml,dab6ed56a6ba,52,53136435,2026-04-23,83382700-6,77898100-9,253988,205731,CTZ|13717048,PARSED
01_Raw\RIPLEY\Facturacion\dteproveedor_7272.xml,d5226120ff03,52,53136437,2026-04-23,83382700-6,77898100-9,454746,368345,CTZ|13717049,PARSED
01_Raw\RIPLEY\Facturacion\dteproveedor_7273.xml,d739aae62807,52,53136438,2026-04-23,83382700-6,77898100-9,183713,148808,CTZ|13717050,PARSED
01_Raw\RIPLEY\Facturacion\dteproveedor_7274.xml,9d7cd9764fa1,52,53136439,2026-04-23,83382700-6,77898100-9,6000,4860,CTZ|13717051,PARSED
01_Raw\RIPLEY\Facturacion\dteproveedor_7280.xml,c4852a711a26,61,7707465,2026-04-21,83382700-6,77898100-9,700000,588235,33|02410103,PARSED
01_Raw\RIPLEY\Facturacion\dteproveedor_7289.xml,edde42093953,33,2411699,2026-04-27,83382700-6,77898100-9,299280,251496,,PARSED
01_Raw\RIPLEY\Facturacion\dteproveedor_7290.xml,4ea04c0f57e3,33,2412199,2026-04-27,83382700-6,77898100-9,18000,15126,,PARSED
01_Raw\RIPLEY\Facturacion\dteproveedor_7291.xml,62e6414b58ee,33,2412242,2026-04-27,83382700-6,77898100-9,3628,3049,,PARSED
01_Raw\RIPLEY\Facturacion\dteproveedor_7292.xml,7e414a0ed1fc,33,2412262,2026-04-27,83382700-6,77898100-9,48800,41008,,PARSED
01_Raw\RIPLEY\Facturacion\dteproveedor_7293.xml,2ff1ab611c3a,33,2365047,2026-04-28,83382700-6,77898100-9,612236,514484,,PARSED
01_Raw\RIPLEY\Facturacion\dteproveedor_7294.xml,633df01962b0,33,2365048,2026-04-28,83382700-6,77898100-9,270595,227391,,PARSED
01_Raw\RIPLEY\Facturacion\dteproveedor_7295.xml,8a72b9728d3e,43,123358,2026-04-28,83382700-6,77898100-9,219712,225160,,PARSED
01_Raw\RIPLEY\Facturacion\dteproveedor_7296.xml,ce6464422097,43,123357,2026-04-28,83382700-6,77898100-9,117244,120151,,PARSED
01_Raw\RIPLEY\Facturacion\dteproveedor_7320.xml,8314662e35e5,33,2412920,2026-05-04,83382700-6,77898100-9,27000,22689,,PARSED
01_Raw\RIPLEY\Facturacion\dteproveedor_7321.xml,3ef26c68263d,33,2413038,2026-05-04,83382700-6,77898100-9,2722,2287,,PARSED
01_Raw\RIPLEY\Facturacion\dteproveedor_7322.xml,91e5def0297c,33,2413067,2026-05-04,83382700-6,77898100-9,29600,24874,,PARSED
01_Raw\RIPLEY\Facturacion\dteproveedor_7323.xml,394f997843cc,33,2413156,2026-05-04,83382700-6,77898100-9,209853,176347,,PARSED
01_Raw\RIPLEY\Facturacion\dteproveedor_7333.xml,55f6bcf3a717,43,124278,2026-04-30,83382700-6,77898100-9,127053,130202,,PARSED
01_Raw\RIPLEY\Facturacion\dteproveedor_7335.xml,35d2ec44a2d0,43,124357,2026-05-05,83382700-6,77898100-9,418900,429286,,PARSED
01_Raw\RIPLEY\Facturacion\dteproveedor_7340.xml,4cf4349651a6,33,2366949,2026-05-05,83382700-6,77898100-9,125884,105785,,PARSED
01_Raw\RIPLEY\Facturacion\dteproveedor_7341.xml,acd68bd1b15d,33,2366948,2026-05-05,83382700-6,77898100-9,288542,242472,,PARSED
01_Raw\RIPLEY\Facturacion\dteproveedor_7362.xml,db66da487d7c,33,2413794,2026-05-12,83382700-6,77898100-9,700021,588253,,PARSED
01_Raw\RIPLEY\Facturacion\dteproveedor_7363.xml,1ee116466080,33,2414291,2026-05-12,83382700-6,77898100-9,241275,202752,,PARSED
01_Raw\RIPLEY\Facturacion\dteproveedor_7364.xml,d6f5f3975be7,33,2414827,2026-05-12,83382700-6,77898100-9,24000,20168,,PARSED
01_Raw\RIPLEY\Facturacion\dteproveedor_7365.xml,2d0d02ba0f49,33,2414874,2026-05-12,83382700-6,77898100-9,4735,3979,,PARSED
01_Raw\RIPLEY\Facturacion\dteproveedor_7366.xml,2936faa31f46,33,2414889,2026-05-12,83382700-6,77898100-9,111200,93445,,PARSED
01_Raw\RIPLEY\Facturacion\dteproveedor_7369.xml,9dfa5ddeda2b,43,124476,2026-05-13,83382700-6,77898100-9,332816,341067,,PARSED
01_Raw\RIPLEY\Facturacion\dteproveedor_7370.xml,c2a63b1822f6,43,124475,2026-05-13,83382700-6,77898100-9,104117,106698,,PARSED
01_Raw\RIPLEY\Facturacion\dteproveedor_7371.xml,87c8bb2344d1,43,124477,2026-05-13,83382700-6,77898100-9,309053,316715,,PARSED
01_Raw\RIPLEY\Facturacion\dteproveedor_7372.xml,97a37870df78,33,2418907,2026-05-13,83382700-6,77898100-9,793874,667121,,PARSED
01_Raw\RIPLEY\Facturacion\dteproveedor_7373.xml,3e4facb2027e,33,2418908,2026-05-13,83382700-6,77898100-9,287450,241555,,PARSED
01_Raw\RIPLEY\Facturacion\dteproveedor_7382.xml,d89b0abf2bf1,52,53395064,2026-05-18,83382700-6,77898100-9,76631,62072,CTZ|13761166,PARSED
01_Raw\RIPLEY\Facturacion\dteproveedor_7383.xml,61afc2d0f785,52,53395058,2026-05-18,83382700-6,77898100-9,666169,539597,CTZ|13761160,PARSED
01_Raw\RIPLEY\Facturacion\dteproveedor_7384.xml,c8fbed20b505,52,53395059,2026-05-18,83382700-6,77898100-9,483099,391311,CTZ|13761161,PARSED
01_Raw\RIPLEY\Facturacion\dteproveedor_7385.xml,d167d90eb5ac,52,53395060,2026-05-18,83382700-6,77898100-9,299498,242594,CTZ|13761162,PARSED
01_Raw\RIPLEY\Facturacion\dteproveedor_7386.xml,b0492bad8b19,52,53395061,2026-05-18,83382700-6,77898100-9,216312,175213,CTZ|13761163,PARSED
01_Raw\RIPLEY\Facturacion\dteproveedor_7387.xml,6de37cee144a,52,53395062,2026-05-18,83382700-6,77898100-9,352499,285525,CTZ|13761164,PARSED
01_Raw\RIPLEY\Facturacion\dteproveedor_7388.xml,2d53d78525c7,52,53395063,2026-05-18,83382700-6,77898100-9,402451,325986,CTZ|13761165,PARSED
01_Raw\RIPLEY\Facturacion\dteproveedor_7391.xml,a838bda220b2,33,2415485,2026-05-19,83382700-6,77898100-9,239352,201136,,PARSED
01_Raw\RIPLEY\Facturacion\dteproveedor_7392.xml,36261c2a719b,33,2415980,2026-05-19,83382700-6,77898100-9,21000,17647,,PARSED
01_Raw\RIPLEY\Facturacion\dteproveedor_7393.xml,b6c9948ae16a,33,2416003,2026-05-19,83382700-6,77898100-9,3273,2750,,PARSED
01_Raw\RIPLEY\Facturacion\dteproveedor_7394.xml,7c5a289d22cb,33,2416135,2026-05-19,83382700-6,77898100-9,79001,66387,,PARSED
01_Raw\RIPLEY\Facturacion\dteproveedor_7396.xml,c29305567b56,43,124585,2026-05-20,83382700-6,77898100-9,200025,204984,,PARSED
01_Raw\RIPLEY\Facturacion\dteproveedor_7397.xml,f26cc3fd18f1,43,124584,2026-05-20,83382700-6,77898100-9,469742,481388,,PARSED
01_Raw\RIPLEY\Facturacion\dteproveedor_7398.xml,e49c05a653d5,33,2420714,2026-05-20,83382700-6,77898100-9,177950,149538,,PARSED
01_Raw\RIPLEY\Facturacion\dteproveedor_7399.xml,c04a22113714,33,2420713,2026-05-20,83382700-6,77898100-9,564382,474271,,PARSED
01_Raw\RIPLEY\Facturacion\dteproveedor_7409.xml,1665a47e6d68,33,2416511,2026-05-27,83382700-6,77898100-9,30000,25210,,PARSED
01_Raw\RIPLEY\Facturacion\dteproveedor_7410.xml,ca76c6a7505d,33,2416625,2026-05-27,83382700-6,77898100-9,3843,3229,,PARSED
01_Raw\RIPLEY\Facturacion\dteproveedor_7411.xml,e9e7cdaa7c75,33,2416663,2026-05-27,83382700-6,77898100-9,65000,54622,,PARSED
01_Raw\RIPLEY\Facturacion\dteproveedor_7413.xml,6115b5538784,33,2417106,2026-05-27,83382700-6,77898100-9,226233,190112,,PARSED
01_Raw\RIPLEY\Facturacion\dteproveedor_7426.xml,57493a61e7f8,43,124691,2026-05-28,83382700-6,77898100-9,68044,69731,,PARSED
01_Raw\RIPLEY\Facturacion\dteproveedor_7427.xml,2ffb00424b66,43,124692,2026-05-28,83382700-6,77898100-9,300025,307463,,PARSED
01_Raw\RIPLEY\Facturacion\dteproveedor_7428.xml,6c66245df209,33,2422332,2026-05-28,83382700-6,77898100-9,188560,158454,,PARSED
01_Raw\RIPLEY\Facturacion\dteproveedor_7429.xml,f3b5d7939036,33,2422331,2026-05-28,83382700-6,77898100-9,545018,457998,,PARSED
01_Raw\RIPLEY\Facturacion\dteproveedor_7455.xml,5e99343422d4,33,2417893,2026-06-04,83382700-6,77898100-9,12000,10084,,PARSED
01_Raw\RIPLEY\Facturacion\dteproveedor_7456.xml,b39d3b2ecbad,33,2417992,2026-06-04,83382700-6,77898100-9,3916,3291,,PARSED
01_Raw\RIPLEY\Facturacion\dteproveedor_7459.xml,ef7d037fca5b,33,2418097,2026-06-04,83382700-6,77898100-9,205700,172857,,PARSED
01_Raw\RIPLEY\Facturacion\dteproveedor_7464.xml,0cb7c67ed1a0,43,125614,2026-05-31,83382700-6,77898100-9,111489,114253,,PARSED
01_Raw\RIPLEY\Facturacion\dteproveedor_7467.xml,91c6c2327710,33,2428676,2026-06-04,83382700-6,77898100-9,901112,757237,,PARSED
01_Raw\RIPLEY\Facturacion\dteproveedor_7469.xml,21b1f01b4e79,33,2424458,2026-06-05,83382700-6,77898100-9,359162,301817,,PARSED
01_Raw\RIPLEY\Facturacion\dteproveedor_7470.xml,38f58034f531,33,2424457,2026-06-05,83382700-6,77898100-9,1172107,984964,,PARSED
01_Raw\RIPLEY\Facturacion\dteproveedor_7472.xml,27a81dc44c4d,43,125741,2026-06-05,83382700-6,77898100-9,819284,839597,,PARSED
01_Raw\RIPLEY\Facturacion\dteproveedor_7473.xml,0dc2cd24b422,43,125742,2026-06-05,83382700-6,77898100-9,452452,463671,,PARSED
01_Raw\RIPLEY\Facturacion\dteproveedor_7474.xml,f523b21efab6,43,125744,2026-06-05,83382700-6,77898100-9,469313,480949,,PARSED
01_Raw\RIPLEY\Facturacion\dteproveedor_7475.xml,ef0b8ffd1071,43,125743,2026-06-05,83382700-6,77898100-9,468396,480008,,PARSED
01_Raw\RIPLEY\Facturacion\dteproveedor_7496.xml,a87b4f07d19c,33,2429286,2026-06-12,83382700-6,77898100-9,15000,12605,,PARSED
01_Raw\RIPLEY\Facturacion\dteproveedor_7497.xml,d7f82d0bb595,33,2429321,2026-06-12,83382700-6,77898100-9,4249,3571,,PARSED
01_Raw\RIPLEY\Facturacion\dteproveedor_7498.xml,4b65d714eae9,33,2429436,2026-06-12,83382700-6,77898100-9,51500,43277,,PARSED
01_Raw\RIPLEY\Facturacion\dteproveedor_7501.xml,e2b4de485b94,33,2430050,2026-06-12,83382700-6,77898100-9,277663,233330,,PARSED
01_Raw\RIPLEY\Facturacion\dteproveedor_7511.xml,d3f5fd193e9b,43,125929,2026-06-13,83382700-6,77898100-9,117236,120143,,PARSED
01_Raw\RIPLEY\Facturacion\dteproveedor_7512.xml,5651860a5048,43,125930,2026-06-13,83382700-6,77898100-9,298375,305772,,PARSED
01_Raw\RIPLEY\Facturacion\dteproveedor_7515.xml,c2ab252527fd,33,2426419,2026-06-13,83382700-6,77898100-9,396002,332775,,PARSED
01_Raw\RIPLEY\Facturacion\dteproveedor_7516.xml,92e715519883,33,2426418,2026-06-13,83382700-6,77898100-9,2134712,1793876,,PARSED
01_Raw\RIPLEY\Facturacion\dteproveedor_7520.xml,372a0e65fe3e,33,2431205,2026-06-19,83382700-6,77898100-9,352572,296279,,PARSED
01_Raw\RIPLEY\Facturacion\dteproveedor_7521.xml,9c0610257172,33,2431560,2026-06-19,83382700-6,77898100-9,12000,10084,,PARSED
01_Raw\RIPLEY\Facturacion\dteproveedor_7522.xml,6e0f7c5f367d,33,2431581,2026-06-19,83382700-6,77898100-9,3966,3333,,PARSED
01_Raw\RIPLEY\Facturacion\dteproveedor_7523.xml,c8fc1756f379,33,2431677,2026-06-19,83382700-6,77898100-9,20800,17479,,PARSED
01_Raw\RIPLEY\Facturacion\dteproveedor_7530.xml,023ffdf3bc90,43,126048,2026-06-20,83382700-6,77898100-9,273832,280622,,PARSED
01_Raw\RIPLEY\Facturacion\dteproveedor_7531.xml,aaa31638f1e2,33,2428162,2026-06-20,83382700-6,77898100-9,646736,543476,,PARSED
01_Raw\RIPLEY\Facturacion\dteproveedor_7532.xml,2ce288946a65,33,2428163,2026-06-20,83382700-6,77898100-9,200425,168424,,PARSED
01_Raw\RIPLEY\Facturacion\dteproveedor_7537.xml,60cc96d77500,52,54087132,2026-06-25,83382700-6,77898100-9,329925,267240,CTZ|13835678,PARSED
01_Raw\RIPLEY\Facturacion\dteproveedor_7538.xml,15e920325609,52,54087133,2026-06-25,83382700-6,77898100-9,242994,196826,CTZ|13835679,PARSED
01_Raw\RIPLEY\Facturacion\dteproveedor_7539.xml,f6d866124514,52,54087134,2026-06-25,83382700-6,77898100-9,174818,141603,CTZ|13835680,PARSED
01_Raw\RIPLEY\Facturacion\dteproveedor_7540.xml,658c888d0c0c,52,54087130,2026-06-25,83382700-6,77898100-9,247547,200514,CTZ|13835676,PARSED
01_Raw\RIPLEY\Facturacion\dteproveedor_7541.xml,0dc011dba261,52,54087131,2026-06-25,83382700-6,77898100-9,335121,271449,CTZ|13835677,PARSED
01_Raw\RIPLEY\Facturacion\dteproveedor_7542.xml,a492696ba8c4,52,54087135,2026-06-25,83382700-6,77898100-9,244144,197757,CTZ|13835681,PARSED
01_Raw\RIPLEY\Facturacion\dteproveedor_7543.xml,e597f890868b,52,54087136,2026-06-25,83382700-6,77898100-9,142634,115534,CTZ|13835682,PARSED
01_Raw\RIPLEY\Facturacion\dteproveedor_7544.xml,bcaa938246ad,52,54087139,2026-06-25,83382700-6,77898100-9,226291,183296,CTZ|13835685,PARSED
01_Raw\RIPLEY\Facturacion\dteproveedor_7545.xml,71db92c5252a,52,54087137,2026-06-25,83382700-6,77898100-9,261167,211546,CTZ|13835683,PARSED
01_Raw\RIPLEY\Facturacion\dteproveedor_7546.xml,9e8e91e991e2,52,54087138,2026-06-25,83382700-6,77898100-9,202666,164160,CTZ|13835684,PARSED
01_Raw\RIPLEY\Facturacion\dteproveedor_7547.xml,77f78151727b,52,54087140,2026-06-25,83382700-6,77898100-9,341026,276232,CTZ|13835686,PARSED
01_Raw\RIPLEY\Facturacion\dteproveedor_7548.xml,63e49f770c25,52,54087141,2026-06-25,83382700-6,77898100-9,173856,140824,CTZ|13835687,PARSED
01_Raw\RIPLEY\Facturacion\dteproveedor_7549.xml,7db7492459d8,52,54087142,2026-06-25,83382700-6,77898100-9,4000,3240,CTZ|13835688,PARSED
01_Raw\RIPLEY\Facturacion\dteproveedor_7554.xml,79a5cdcd46c6,33,2432529,2026-06-26,83382700-6,77898100-9,15000,12605,,PARSED
01_Raw\RIPLEY\Facturacion\dteproveedor_7555.xml,822a91773e79,33,2432568,2026-06-26,83382700-6,77898100-9,3305,2777,,PARSED
01_Raw\RIPLEY\Facturacion\dteproveedor_7556.xml,4f984405f0d6,33,2432894,2026-06-26,83382700-6,77898100-9,587848,493990,,PARSED
01_Raw\RIPLEY\Facturacion\dteproveedor_7557.xml,6d19f9465bc3,33,2432925,2026-06-26,83382700-6,77898100-9,28600,24034,,PARSED
01_Raw\RIPLEY\Facturacion\dteproveedor_7558.xml,c532c019ace0,33,2433189,2026-06-26,83382700-6,77898100-9,293496,246635,,PARSED
01_Raw\RIPLEY\Facturacion\dteproveedor_7587.xml,d209cba43d64,43,126172,2026-06-28,83382700-6,77898100-9,372176,381403,,PARSED
01_Raw\RIPLEY\Facturacion\dteproveedor_7588.xml,ee16a32cf334,33,2440509,2026-06-28,83382700-6,77898100-9,198530,166832,,PARSED
01_Raw\RIPLEY\Facturacion\dteproveedor_7589.xml,38e429aafade,33,2440508,2026-06-28,83382700-6,77898100-9,685002,575632,,PARSED
01_Raw\RIPLEY\Facturacion\dteproveedor_7607.xml,b2305ce425df,43,127038,2026-06-30,83382700-6,77898100-9,256345,262700,,PARSED
