marketplace,tx_id,status_code,estado,certification_scope,evidence_source,confidence,cert_type,blocking_reason,folio,pipeline
RIPLEY,RIP_596684_24751081101-A_importedelpedido,200,INSUFFICIENT_FISCAL_EVIDENCE,UNKNOWN,NONE,0%,,RIPLEY_LIQUIDATION_IS_NOT_SII_DTE,596684,"{'xml': 'FAIL', 'xsd': 'FAIL', 'sig': 'FAIL', 'caf': 'FAIL'}"
RIPLEY,RIP_596684_24817270201-A_importedelpedido,200,INSUFFICIENT_FISCAL_EVIDENCE,UNKNOWN,NONE,0%,,RIPLEY_LIQUIDATION_IS_NOT_SII_DTE,596684,"{'xml': 'FAIL', 'xsd': 'FAIL', 'sig': 'FAIL', 'caf': 'FAIL'}"
RIPLEY,RIP_596684_24808925401-A_importedelpedido,200,INSUFFICIENT_FISCAL_EVIDENCE,UNKNOWN,NONE,0%,,RIPLEY_LIQUIDATION_IS_NOT_SII_DTE,596684,"{'xml': 'FAIL', 'xsd': 'FAIL', 'sig': 'FAIL', 'caf': 'FAIL'}"
RIPLEY,RIP_596684_24808881401-A_importedelpedido,200,INSUFFICIENT_FISCAL_EVIDENCE,UNKNOWN,NONE,0%,,RIPLEY_LIQUIDATION_IS_NOT_SII_DTE,596684,"{'xml': 'FAIL', 'xsd': 'FAIL', 'sig': 'FAIL', 'caf': 'FAIL'}"
RIPLEY,RIP_596684_24808751302-A_importedelpedido,200,INSUFFICIENT_FISCAL_EVIDENCE,UNKNOWN,NONE,0%,,RIPLEY_LIQUIDATION_IS_NOT_SII_DTE,596684,"{'xml': 'FAIL', 'xsd': 'FAIL', 'sig': 'FAIL', 'caf': 'FAIL'}"
RIPLEY,RIP_596684_24720972401-A_importedelpedido,200,INSUFFICIENT_FISCAL_EVIDENCE,UNKNOWN,NONE,0%,,RIPLEY_LIQUIDATION_IS_NOT_SII_DTE,596684,"{'xml': 'FAIL', 'xsd': 'FAIL', 'sig': 'FAIL', 'caf': 'FAIL'}"
RIPLEY,RIP_596684_24693874101-A_importedelpedido,200,INSUFFICIENT_FISCAL_EVIDENCE,UNKNOWN,NONE,0%,,RIPLEY_LIQUIDATION_IS_NOT_SII_DTE,596684,"{'xml': 'FAIL', 'xsd': 'FAIL', 'sig': 'FAIL', 'caf': 'FAIL'}"
RIPLEY,RIP_596684_24810226201-A_importedelpedido,200,INSUFFICIENT_FISCAL_EVIDENCE,UNKNOWN,NONE,0%,,RIPLEY_LIQUIDATION_IS_NOT_SII_DTE,596684,"{'xml': 'FAIL', 'xsd': 'FAIL', 'sig': 'FAIL', 'caf': 'FAIL'}"
RIPLEY,RIP_596684_24808186801-A_importedelpedido,200,INSUFFICIENT_FISCAL_EVIDENCE,UNKNOWN,NONE,0%,,RIPLEY_LIQUIDATION_IS_NOT_SII_DTE,596684,"{'xml': 'FAIL', 'xsd': 'FAIL', 'sig': 'FAIL', 'caf': 'FAIL'}"
RIPLEY,RIP_596684_24808179901-A_importedelpedido,200,INSUFFICIENT_FISCAL_EVIDENCE,UNKNOWN,NONE,0%,,RIPLEY_LIQUIDATION_IS_NOT_SII_DTE,596684,"{'xml': 'FAIL', 'xsd': 'FAIL', 'sig': 'FAIL', 'caf': 'FAIL'}"
RIPLEY,RIP_596684_24721266401-A_importedelpedido,200,INSUFFICIENT_FISCAL_EVIDENCE,UNKNOWN,NONE,0%,,RIPLEY_LIQUIDATION_IS_NOT_SII_DTE,596684,"{'xml': 'FAIL', 'xsd': 'FAIL', 'sig': 'FAIL', 'caf': 'FAIL'}"
RIPLEY,RIP_596684_24807155902-A_importedelpedido,200,INSUFFICIENT_FISCAL_EVIDENCE,UNKNOWN,NONE,0%,,RIPLEY_LIQUIDATION_IS_NOT_SII_DTE,596684,"{'xml': 'FAIL', 'xsd': 'FAIL', 'sig': 'FAIL', 'caf': 'FAIL'}"
RIPLEY,RIP_596684_24750513501-A_importedelpedido,200,INSUFFICIENT_FISCAL_EVIDENCE,UNKNOWN,NONE,0%,,RIPLEY_LIQUIDATION_IS_NOT_SII_DTE,596684,"{'xml': 'FAIL', 'xsd': 'FAIL', 'sig': 'FAIL', 'caf': 'FAIL'}"
RIPLEY,RIP_596684_24706927102-A_importedelpedido,200,INSUFFICIENT_FISCAL_EVIDENCE,UNKNOWN,NONE,0%,,RIPLEY_LIQUIDATION_IS_NOT_SII_DTE,596684,"{'xml': 'FAIL', 'xsd': 'FAIL', 'sig': 'FAIL', 'caf': 'FAIL'}"
RIPLEY,RIP_596684_24625638801-A_importedelpedido,200,INSUFFICIENT_FISCAL_EVIDENCE,UNKNOWN,NONE,0%,,RIPLEY_LIQUIDATION_IS_NOT_SII_DTE,596684,"{'xml': 'FAIL', 'xsd': 'FAIL', 'sig': 'FAIL', 'caf': 'FAIL'}"
RIPLEY,RIP_596684_24797852001-A_importedelpedido,200,INSUFFICIENT_FISCAL_EVIDENCE,UNKNOWN,NONE,0%,,RIPLEY_LIQUIDATION_IS_NOT_SII_DTE,596684,"{'xml': 'FAIL', 'xsd': 'FAIL', 'sig': 'FAIL', 'caf': 'FAIL'}"
RIPLEY,RIP_596684_24744371101-A_importedelpedido,200,INSUFFICIENT_FISCAL_EVIDENCE,UNKNOWN,NONE,0%,,RIPLEY_LIQUIDATION_IS_NOT_SII_DTE,596684,"{'xml': 'FAIL', 'xsd': 'FAIL', 'sig': 'FAIL', 'caf': 'FAIL'}"
RIPLEY,RIP_596684_24742065201-A_importedelpedido,200,INSUFFICIENT_FISCAL_EVIDENCE,UNKNOWN,NONE,0%,,RIPLEY_LIQUIDATION_IS_NOT_SII_DTE,596684,"{'xml': 'FAIL', 'xsd': 'FAIL', 'sig': 'FAIL', 'caf': 'FAIL'}"
RIPLEY,RIP_596684_24797312001-A_importedelpedido,200,INSUFFICIENT_FISCAL_EVIDENCE,UNKNOWN,NONE,0%,,RIPLEY_LIQUIDATION_IS_NOT_SII_DTE,596684,"{'xml': 'FAIL', 'xsd': 'FAIL', 'sig': 'FAIL', 'caf': 'FAIL'}"
RIPLEY,RIP_596684_24797255701-A_importedelpedido,200,INSUFFICIENT_FISCAL_EVIDENCE,UNKNOWN,NONE,0%,,RIPLEY_LIQUIDATION_IS_NOT_SII_DTE,596684,"{'xml': 'FAIL', 'xsd': 'FAIL', 'sig': 'FAIL', 'caf': 'FAIL'}"
