sha256,filename,relative_path,size_bytes,declared_period,folder,classification,group_size
00ba379aae878e8b5933c3d492f5b72f74ca53bb60a11ae18fb3b02aae4b2a6a,dteproveedor_7309.xml,01_Raw/SHOPIFY/Documentos Recepcionados/dteproveedor_7309.xml,12765,,SHOPIFY/Documentos Recepcionados,EXACT_DUPLICATE_SAME_NAME,3
00ba379aae878e8b5933c3d492f5b72f74ca53bb60a11ae18fb3b02aae4b2a6a,dteproveedor_7309.xml,01_Raw/SHOPIFY/Facturacion/dteproveedor_7309.xml,12765,,SHOPIFY/Facturacion,EXACT_DUPLICATE_SAME_NAME,3
00ba379aae878e8b5933c3d492f5b72f74ca53bb60a11ae18fb3b02aae4b2a6a,dteproveedor_7309.xml,01_Raw/ML/Documentos Recepcionados/dteproveedor_7309.xml,12765,,ML/Documentos Recepcionados,EXACT_DUPLICATE_SAME_NAME,3
04b73dc4f58416d2b3f63da9dbd7800fc4cf4ac1a784557e079fef613dc08d23,dteproveedor_7314.xml,01_Raw/SHOPIFY/Documentos Recepcionados/dteproveedor_7314.xml,12828,,SHOPIFY/Documentos Recepcionados,EXACT_DUPLICATE_SAME_NAME,2
04b73dc4f58416d2b3f63da9dbd7800fc4cf4ac1a784557e079fef613dc08d23,dteproveedor_7314.xml,01_Raw/SHOPIFY/Facturacion/dteproveedor_7314.xml,12828,,SHOPIFY/Facturacion,EXACT_DUPLICATE_SAME_NAME,2
05297199e64947d450fb1ba9c89864e65df57c0d515019f64d16b96791ff9cf8,dteproveedor_7256.xml,01_Raw/SHOPIFY/Documentos Recepcionados/dteproveedor_7256.xml,13055,,SHOPIFY/Documentos Recepcionados,EXACT_DUPLICATE_SAME_NAME,3
05297199e64947d450fb1ba9c89864e65df57c0d515019f64d16b96791ff9cf8,dteproveedor_7256.xml,01_Raw/SHOPIFY/Facturacion/dteproveedor_7256.xml,13055,,SHOPIFY/Facturacion,EXACT_DUPLICATE_SAME_NAME,3
05297199e64947d450fb1ba9c89864e65df57c0d515019f64d16b96791ff9cf8,dteproveedor_7256.xml,01_Raw/ML/Documentos Recepcionados/dteproveedor_7256.xml,13055,,ML/Documentos Recepcionados,EXACT_DUPLICATE_SAME_NAME,3
0919adf8ac749236931d7ce90f59f5a11a08c71d57bf84b7c740d1a902b33599,dteproveedor_7349.xml,01_Raw/SHOPIFY/Documentos Recepcionados/dteproveedor_7349.xml,12698,,SHOPIFY/Documentos Recepcionados,EXACT_DUPLICATE_SAME_NAME,2
0919adf8ac749236931d7ce90f59f5a11a08c71d57bf84b7c740d1a902b33599,dteproveedor_7349.xml,01_Raw/SHOPIFY/Facturacion/dteproveedor_7349.xml,12698,,SHOPIFY/Facturacion,EXACT_DUPLICATE_SAME_NAME,2
0dbbe9f3310af0c8ee985982aac085fadac3d8e895f4c5bb076eb6e187527346,dteproveedor_5820.xml,01_Raw/SHOPIFY/Documentos Recepcionados/dteproveedor_5820.xml,12808,,SHOPIFY/Documentos Recepcionados,EXACT_DUPLICATE_SAME_NAME,2
0dbbe9f3310af0c8ee985982aac085fadac3d8e895f4c5bb076eb6e187527346,dteproveedor_5820.xml,01_Raw/SHOPIFY/Facturacion/dteproveedor_5820.xml,12808,,SHOPIFY/Facturacion,EXACT_DUPLICATE_SAME_NAME,2
1142009ad688de3e49ce2ed55ea7cc90f3e2717c7acb8cb1ec294002e3c89f8b,dteproveedor_7276.xml,01_Raw/SHOPIFY/Documentos Recepcionados/dteproveedor_7276.xml,14048,,SHOPIFY/Documentos Recepcionados,EXACT_DUPLICATE_SAME_NAME,3
1142009ad688de3e49ce2ed55ea7cc90f3e2717c7acb8cb1ec294002e3c89f8b,dteproveedor_7276.xml,01_Raw/SHOPIFY/Facturacion/dteproveedor_7276.xml,14048,,SHOPIFY/Facturacion,EXACT_DUPLICATE_SAME_NAME,3
1142009ad688de3e49ce2ed55ea7cc90f3e2717c7acb8cb1ec294002e3c89f8b,dteproveedor_7276.xml,01_Raw/ML/Documentos Recepcionados/dteproveedor_7276.xml,14048,,ML/Documentos Recepcionados,EXACT_DUPLICATE_SAME_NAME,3
13fe9f3902c88c9718f4f4b454b62ff53c5e9d75c515f6c58cf94621dfc22e39,dteproveedor_6871.xml,01_Raw/SHOPIFY/Documentos Recepcionados/dteproveedor_6871.xml,13057,,SHOPIFY/Documentos Recepcionados,EXACT_DUPLICATE_SAME_NAME,3
13fe9f3902c88c9718f4f4b454b62ff53c5e9d75c515f6c58cf94621dfc22e39,dteproveedor_6871.xml,01_Raw/SHOPIFY/Facturacion/dteproveedor_6871.xml,13057,,SHOPIFY/Facturacion,EXACT_DUPLICATE_SAME_NAME,3
13fe9f3902c88c9718f4f4b454b62ff53c5e9d75c515f6c58cf94621dfc22e39,dteproveedor_6871.xml,01_Raw/ML/Documentos Recepcionados/dteproveedor_6871.xml,13057,,ML/Documentos Recepcionados,EXACT_DUPLICATE_SAME_NAME,3
160bcf52e8d9ca4d80aba50777f8ff6aa6c15ab047c60dc8c9b5e948edccae2b,dteproveedor_7435.xml,01_Raw/SHOPIFY/Documentos Recepcionados/dteproveedor_7435.xml,12617,,SHOPIFY/Documentos Recepcionados,EXACT_DUPLICATE_SAME_NAME,2
160bcf52e8d9ca4d80aba50777f8ff6aa6c15ab047c60dc8c9b5e948edccae2b,dteproveedor_7435.xml,01_Raw/SHOPIFY/Facturacion/dteproveedor_7435.xml,12617,,SHOPIFY/Facturacion,EXACT_DUPLICATE_SAME_NAME,2
178e1ef357279eaccf48f35155556b7239813889d74638f23f2a8cc22d62f460,dteproveedor_7403.xml,01_Raw/SHOPIFY/Documentos Recepcionados/dteproveedor_7403.xml,13068,,SHOPIFY/Documentos Recepcionados,EXACT_DUPLICATE_SAME_NAME,2
178e1ef357279eaccf48f35155556b7239813889d74638f23f2a8cc22d62f460,dteproveedor_7403.xml,01_Raw/SHOPIFY/Facturacion/dteproveedor_7403.xml,13068,,SHOPIFY/Facturacion,EXACT_DUPLICATE_SAME_NAME,2
1c04f25e9d9a5ad2399537d7ed6bd23f4d9d9d26d55355d8ad3797c792063c7b,dteproveedor_7109.xml,01_Raw/SHOPIFY/Documentos Recepcionados/dteproveedor_7109.xml,12760,,SHOPIFY/Documentos Recepcionados,EXACT_DUPLICATE_SAME_NAME,3
1c04f25e9d9a5ad2399537d7ed6bd23f4d9d9d26d55355d8ad3797c792063c7b,dteproveedor_7109.xml,01_Raw/SHOPIFY/Facturacion/dteproveedor_7109.xml,12760,,SHOPIFY/Facturacion,EXACT_DUPLICATE_SAME_NAME,3
1c04f25e9d9a5ad2399537d7ed6bd23f4d9d9d26d55355d8ad3797c792063c7b,dteproveedor_7109.xml,01_Raw/ML/Documentos Recepcionados/dteproveedor_7109.xml,12760,,ML/Documentos Recepcionados,EXACT_DUPLICATE_SAME_NAME,3
2072edaaa99332007923a221d5d3b12cf343808e522dcc6b165937457536ba64,dteproveedor_6983.xml,01_Raw/SHOPIFY/Documentos Recepcionados/dteproveedor_6983.xml,12892,,SHOPIFY/Documentos Recepcionados,EXACT_DUPLICATE_SAME_NAME,3
2072edaaa99332007923a221d5d3b12cf343808e522dcc6b165937457536ba64,dteproveedor_6983.xml,01_Raw/SHOPIFY/Facturacion/dteproveedor_6983.xml,12892,,SHOPIFY/Facturacion,EXACT_DUPLICATE_SAME_NAME,3
2072edaaa99332007923a221d5d3b12cf343808e522dcc6b165937457536ba64,dteproveedor_6983.xml,01_Raw/ML/Documentos Recepcionados/dteproveedor_6983.xml,12892,,ML/Documentos Recepcionados,EXACT_DUPLICATE_SAME_NAME,3
24486ece0152aa85469d3d6c922c63a17d8d0dea9b4430a80bd27a3b7dd16365,dteproveedor_5603.xml,01_Raw/SHOPIFY/Documentos Recepcionados/dteproveedor_5603.xml,12808,,SHOPIFY/Documentos Recepcionados,EXACT_DUPLICATE_SAME_NAME,2
24486ece0152aa85469d3d6c922c63a17d8d0dea9b4430a80bd27a3b7dd16365,dteproveedor_5603.xml,01_Raw/SHOPIFY/Facturacion/dteproveedor_5603.xml,12808,,SHOPIFY/Facturacion,EXACT_DUPLICATE_SAME_NAME,2
25276011e7d7691d8ea2734bbcdcbc301c06c79944f9cee6945e097bcdbad00d,dteproveedor_7210.xml,01_Raw/SHOPIFY/Documentos Recepcionados/dteproveedor_7210.xml,12762,,SHOPIFY/Documentos Recepcionados,EXACT_DUPLICATE_SAME_NAME,3
25276011e7d7691d8ea2734bbcdcbc301c06c79944f9cee6945e097bcdbad00d,dteproveedor_7210.xml,01_Raw/SHOPIFY/Facturacion/dteproveedor_7210.xml,12762,,SHOPIFY/Facturacion,EXACT_DUPLICATE_SAME_NAME,3
25276011e7d7691d8ea2734bbcdcbc301c06c79944f9cee6945e097bcdbad00d,dteproveedor_7210.xml,01_Raw/ML/Documentos Recepcionados/dteproveedor_7210.xml,12762,,ML/Documentos Recepcionados,EXACT_DUPLICATE_SAME_NAME,3
2a1f0774d2a723adb954203e8a056d1f9fec12eb20ff2c0f3c6053a01fb0cea9,dteproveedor_7208.xml,01_Raw/SHOPIFY/Documentos Recepcionados/dteproveedor_7208.xml,12937,,SHOPIFY/Documentos Recepcionados,EXACT_DUPLICATE_SAME_NAME,3
2a1f0774d2a723adb954203e8a056d1f9fec12eb20ff2c0f3c6053a01fb0cea9,dteproveedor_7208.xml,01_Raw/SHOPIFY/Facturacion/dteproveedor_7208.xml,12937,,SHOPIFY/Facturacion,EXACT_DUPLICATE_SAME_NAME,3
2a1f0774d2a723adb954203e8a056d1f9fec12eb20ff2c0f3c6053a01fb0cea9,dteproveedor_7208.xml,01_Raw/ML/Documentos Recepcionados/dteproveedor_7208.xml,12937,,ML/Documentos Recepcionados,EXACT_DUPLICATE_SAME_NAME,3
2b570882a401b6afb2993e52aced5241166170b7a187646bcf4372b212172ef0,dteproveedor_6275.xml,01_Raw/SHOPIFY/Documentos Recepcionados/dteproveedor_6275.xml,12824,,SHOPIFY/Documentos Recepcionados,EXACT_DUPLICATE_SAME_NAME,2
2b570882a401b6afb2993e52aced5241166170b7a187646bcf4372b212172ef0,dteproveedor_6275.xml,01_Raw/SHOPIFY/Facturacion/dteproveedor_6275.xml,12824,,SHOPIFY/Facturacion,EXACT_DUPLICATE_SAME_NAME,2
31740dbef78932fb6b09ba3c9d01a9c1b2b86d78c17b980f0073125271e3cc1e,dteproveedor_6273.xml,01_Raw/SHOPIFY/Documentos Recepcionados/dteproveedor_6273.xml,12833,,SHOPIFY/Documentos Recepcionados,EXACT_DUPLICATE_SAME_NAME,2
31740dbef78932fb6b09ba3c9d01a9c1b2b86d78c17b980f0073125271e3cc1e,dteproveedor_6273.xml,01_Raw/SHOPIFY/Facturacion/dteproveedor_6273.xml,12833,,SHOPIFY/Facturacion,EXACT_DUPLICATE_SAME_NAME,2
31f8479a2cbc125f048dafdc50e576d137ccd84680cb3602322223163a864004,dteproveedor_7015.xml,01_Raw/SHOPIFY/Documentos Recepcionados/dteproveedor_7015.xml,13054,,SHOPIFY/Documentos Recepcionados,EXACT_DUPLICATE_SAME_NAME,3
31f8479a2cbc125f048dafdc50e576d137ccd84680cb3602322223163a864004,dteproveedor_7015.xml,01_Raw/SHOPIFY/Facturacion/dteproveedor_7015.xml,13054,,SHOPIFY/Facturacion,EXACT_DUPLICATE_SAME_NAME,3
31f8479a2cbc125f048dafdc50e576d137ccd84680cb3602322223163a864004,dteproveedor_7015.xml,01_Raw/ML/Documentos Recepcionados/dteproveedor_7015.xml,13054,,ML/Documentos Recepcionados,EXACT_DUPLICATE_SAME_NAME,3
385e4bde895d9fba704e89f7174da28c33b199b980b80e2507d4402c862188a1,dteproveedor_6992.xml,01_Raw/SHOPIFY/Documentos Recepcionados/dteproveedor_6992.xml,13055,,SHOPIFY/Documentos Recepcionados,EXACT_DUPLICATE_SAME_NAME,3
385e4bde895d9fba704e89f7174da28c33b199b980b80e2507d4402c862188a1,dteproveedor_6992.xml,01_Raw/SHOPIFY/Facturacion/dteproveedor_6992.xml,13055,,SHOPIFY/Facturacion,EXACT_DUPLICATE_SAME_NAME,3
385e4bde895d9fba704e89f7174da28c33b199b980b80e2507d4402c862188a1,dteproveedor_6992.xml,01_Raw/ML/Documentos Recepcionados/dteproveedor_6992.xml,13055,,ML/Documentos Recepcionados,EXACT_DUPLICATE_SAME_NAME,3
3a62209067f97c834a5974ee95d946ae355803f5fe9c094bb440b2c10c627632,dteproveedor_7086.xml,01_Raw/SHOPIFY/Documentos Recepcionados/dteproveedor_7086.xml,12715,,SHOPIFY/Documentos Recepcionados,EXACT_DUPLICATE_SAME_NAME,3
3a62209067f97c834a5974ee95d946ae355803f5fe9c094bb440b2c10c627632,dteproveedor_7086.xml,01_Raw/SHOPIFY/Facturacion/dteproveedor_7086.xml,12715,,SHOPIFY/Facturacion,EXACT_DUPLICATE_SAME_NAME,3
3a62209067f97c834a5974ee95d946ae355803f5fe9c094bb440b2c10c627632,dteproveedor_7086.xml,01_Raw/ML/Documentos Recepcionados/dteproveedor_7086.xml,12715,,ML/Documentos Recepcionados,EXACT_DUPLICATE_SAME_NAME,3
3a6a8b9355584436d7a5cf60e1dc3c489ac1885e928cb04b03986316768f1c86,dteproveedor_5924.xml,01_Raw/SHOPIFY/Documentos Recepcionados/dteproveedor_5924.xml,12618,,SHOPIFY/Documentos Recepcionados,EXACT_DUPLICATE_SAME_NAME,2
3a6a8b9355584436d7a5cf60e1dc3c489ac1885e928cb04b03986316768f1c86,dteproveedor_5924.xml,01_Raw/SHOPIFY/Facturacion/dteproveedor_5924.xml,12618,,SHOPIFY/Facturacion,EXACT_DUPLICATE_SAME_NAME,2
3ad05a329175f4d45f7efbf9f298d5220daf544535e3c460b81a429d26290494,dteproveedor_6392.xml,01_Raw/SHOPIFY/Documentos Recepcionados/dteproveedor_6392.xml,12617,,SHOPIFY/Documentos Recepcionados,EXACT_DUPLICATE_SAME_NAME,2
3ad05a329175f4d45f7efbf9f298d5220daf544535e3c460b81a429d26290494,dteproveedor_6392.xml,01_Raw/SHOPIFY/Facturacion/dteproveedor_6392.xml,12617,,SHOPIFY/Facturacion,EXACT_DUPLICATE_SAME_NAME,2
4095646a92206c41496175d49ecf96dd4aa540778862fa67c1ef398efb42e8e5,dteproveedor_5601.xml,01_Raw/SHOPIFY/Documentos Recepcionados/dteproveedor_5601.xml,12811,,SHOPIFY/Documentos Recepcionados,EXACT_DUPLICATE_SAME_NAME,2
4095646a92206c41496175d49ecf96dd4aa540778862fa67c1ef398efb42e8e5,dteproveedor_5601.xml,01_Raw/SHOPIFY/Facturacion/dteproveedor_5601.xml,12811,,SHOPIFY/Facturacion,EXACT_DUPLICATE_SAME_NAME,2
45d8ec0857c7eb207dffff11390ae2fe31478640deaa457fd3b11af9b89a7ae0,dteproveedor_7089.xml,01_Raw/SHOPIFY/Documentos Recepcionados/dteproveedor_7089.xml,12901,,SHOPIFY/Documentos Recepcionados,EXACT_DUPLICATE_SAME_NAME,3
45d8ec0857c7eb207dffff11390ae2fe31478640deaa457fd3b11af9b89a7ae0,dteproveedor_7089.xml,01_Raw/SHOPIFY/Facturacion/dteproveedor_7089.xml,12901,,SHOPIFY/Facturacion,EXACT_DUPLICATE_SAME_NAME,3
45d8ec0857c7eb207dffff11390ae2fe31478640deaa457fd3b11af9b89a7ae0,dteproveedor_7089.xml,01_Raw/ML/Documentos Recepcionados/dteproveedor_7089.xml,12901,,ML/Documentos Recepcionados,EXACT_DUPLICATE_SAME_NAME,3
46446fc3986c4157d5484961cce146c07457086597f5fddf9289d664417afaa4,dteproveedor_6841.xml,01_Raw/SHOPIFY/Documentos Recepcionados/dteproveedor_6841.xml,13065,,SHOPIFY/Documentos Recepcionados,EXACT_DUPLICATE_SAME_NAME,3
46446fc3986c4157d5484961cce146c07457086597f5fddf9289d664417afaa4,dteproveedor_6841.xml,01_Raw/SHOPIFY/Facturacion/dteproveedor_6841.xml,13065,,SHOPIFY/Facturacion,EXACT_DUPLICATE_SAME_NAME,3
46446fc3986c4157d5484961cce146c07457086597f5fddf9289d664417afaa4,dteproveedor_6841.xml,01_Raw/ML/Documentos Recepcionados/dteproveedor_6841.xml,13065,,ML/Documentos Recepcionados,EXACT_DUPLICATE_SAME_NAME,3
4dba15c29cde3de96e04806a628531058669b925325d1e8377290709522495c7,dteproveedor_7356.xml,01_Raw/SHOPIFY/Documentos Recepcionados/dteproveedor_7356.xml,12907,,SHOPIFY/Documentos Recepcionados,EXACT_DUPLICATE_SAME_NAME,2
4dba15c29cde3de96e04806a628531058669b925325d1e8377290709522495c7,dteproveedor_7356.xml,01_Raw/SHOPIFY/Facturacion/dteproveedor_7356.xml,12907,,SHOPIFY/Facturacion,EXACT_DUPLICATE_SAME_NAME,2
4f410cfb0c08d58e0250d5d7bae2b4eb432b8d8454a121fa1a70909dbfab8234,dteproveedor_7047.xml,01_Raw/SHOPIFY/Documentos Recepcionados/dteproveedor_7047.xml,12458,,SHOPIFY/Documentos Recepcionados,EXACT_DUPLICATE_SAME_NAME,3
4f410cfb0c08d58e0250d5d7bae2b4eb432b8d8454a121fa1a70909dbfab8234,dteproveedor_7047.xml,01_Raw/SHOPIFY/Facturacion/dteproveedor_7047.xml,12458,,SHOPIFY/Facturacion,EXACT_DUPLICATE_SAME_NAME,3
4f410cfb0c08d58e0250d5d7bae2b4eb432b8d8454a121fa1a70909dbfab8234,dteproveedor_7047.xml,01_Raw/ML/Documentos Recepcionados/dteproveedor_7047.xml,12458,,ML/Documentos Recepcionados,EXACT_DUPLICATE_SAME_NAME,3
508dfa0fdffb94da576f30d3843830c39625bb1763af42c1450687bba632e3e4,dteproveedor_7090.xml,01_Raw/SHOPIFY/Documentos Recepcionados/dteproveedor_7090.xml,12931,,SHOPIFY/Documentos Recepcionados,EXACT_DUPLICATE_SAME_NAME,3
508dfa0fdffb94da576f30d3843830c39625bb1763af42c1450687bba632e3e4,dteproveedor_7090.xml,01_Raw/SHOPIFY/Facturacion/dteproveedor_7090.xml,12931,,SHOPIFY/Facturacion,EXACT_DUPLICATE_SAME_NAME,3
508dfa0fdffb94da576f30d3843830c39625bb1763af42c1450687bba632e3e4,dteproveedor_7090.xml,01_Raw/ML/Documentos Recepcionados/dteproveedor_7090.xml,12931,,ML/Documentos Recepcionados,EXACT_DUPLICATE_SAME_NAME,3
51e1f49c599e91c4f142fec4e4254d11cc673954b287a63c2d574e051c0d05dd,dteproveedor_5706.xml,01_Raw/SHOPIFY/Documentos Recepcionados/dteproveedor_5706.xml,12809,,SHOPIFY/Documentos Recepcionados,EXACT_DUPLICATE_SAME_NAME,2
51e1f49c599e91c4f142fec4e4254d11cc673954b287a63c2d574e051c0d05dd,dteproveedor_5706.xml,01_Raw/SHOPIFY/Facturacion/dteproveedor_5706.xml,12809,,SHOPIFY/Facturacion,EXACT_DUPLICATE_SAME_NAME,2
5504915f03df3d4fd7fa71a56a94b56910c7d95497dc8267b4f2ff56eb1c2c15,dteproveedor_6764.xml,01_Raw/SHOPIFY/Documentos Recepcionados/dteproveedor_6764.xml,12833,,SHOPIFY/Documentos Recepcionados,EXACT_DUPLICATE_SAME_NAME,2
5504915f03df3d4fd7fa71a56a94b56910c7d95497dc8267b4f2ff56eb1c2c15,dteproveedor_6764.xml,01_Raw/SHOPIFY/Facturacion/dteproveedor_6764.xml,12833,,SHOPIFY/Facturacion,EXACT_DUPLICATE_SAME_NAME,2
56c2efd771df4ff2bc14ade748be8d89cb190d76adb171ae028830c040b7e329,dteproveedor_6771.xml,01_Raw/SHOPIFY/Documentos Recepcionados/dteproveedor_6771.xml,12765,,SHOPIFY/Documentos Recepcionados,EXACT_DUPLICATE_SAME_NAME,3
56c2efd771df4ff2bc14ade748be8d89cb190d76adb171ae028830c040b7e329,dteproveedor_6771.xml,01_Raw/SHOPIFY/Facturacion/dteproveedor_6771.xml,12765,,SHOPIFY/Facturacion,EXACT_DUPLICATE_SAME_NAME,3
56c2efd771df4ff2bc14ade748be8d89cb190d76adb171ae028830c040b7e329,dteproveedor_6771.xml,01_Raw/ML/Documentos Recepcionados/dteproveedor_6771.xml,12765,,ML/Documentos Recepcionados,EXACT_DUPLICATE_SAME_NAME,3
56f807652c9ee1d264b58db523e633a6d20d6e4f975b07897054fb422de42b6d,dteproveedor_6614.xml,01_Raw/SHOPIFY/Documentos Recepcionados/dteproveedor_6614.xml,12618,,SHOPIFY/Documentos Recepcionados,EXACT_DUPLICATE_SAME_NAME,2
56f807652c9ee1d264b58db523e633a6d20d6e4f975b07897054fb422de42b6d,dteproveedor_6614.xml,01_Raw/SHOPIFY/Facturacion/dteproveedor_6614.xml,12618,,SHOPIFY/Facturacion,EXACT_DUPLICATE_SAME_NAME,2
58d8788c714ef4cf9a0b0d7335c356b220471e97e20db8b4478dc20aadc63084,dteproveedor_6763.xml,01_Raw/SHOPIFY/Documentos Recepcionados/dteproveedor_6763.xml,12618,,SHOPIFY/Documentos Recepcionados,EXACT_DUPLICATE_SAME_NAME,2
58d8788c714ef4cf9a0b0d7335c356b220471e97e20db8b4478dc20aadc63084,dteproveedor_6763.xml,01_Raw/SHOPIFY/Facturacion/dteproveedor_6763.xml,12618,,SHOPIFY/Facturacion,EXACT_DUPLICATE_SAME_NAME,2
59979619609605e686510c8763fd4b336c314f728bf3e95870f29c139f2ba09e,dteproveedor_6274.xml,01_Raw/SHOPIFY/Documentos Recepcionados/dteproveedor_6274.xml,12828,,SHOPIFY/Documentos Recepcionados,EXACT_DUPLICATE_SAME_NAME,2
59979619609605e686510c8763fd4b336c314f728bf3e95870f29c139f2ba09e,dteproveedor_6274.xml,01_Raw/SHOPIFY/Facturacion/dteproveedor_6274.xml,12828,,SHOPIFY/Facturacion,EXACT_DUPLICATE_SAME_NAME,2
5a9bb483f32abdef3825db6bf04a7a5b546dbbe1a31a944f547daafb5c9516e6,dteproveedor_6923.xml,01_Raw/SHOPIFY/Documentos Recepcionados/dteproveedor_6923.xml,12458,,SHOPIFY/Documentos Recepcionados,EXACT_DUPLICATE_SAME_NAME,3
5a9bb483f32abdef3825db6bf04a7a5b546dbbe1a31a944f547daafb5c9516e6,dteproveedor_6923.xml,01_Raw/SHOPIFY/Facturacion/dteproveedor_6923.xml,12458,,SHOPIFY/Facturacion,EXACT_DUPLICATE_SAME_NAME,3
5a9bb483f32abdef3825db6bf04a7a5b546dbbe1a31a944f547daafb5c9516e6,dteproveedor_6923.xml,01_Raw/ML/Documentos Recepcionados/dteproveedor_6923.xml,12458,,ML/Documentos Recepcionados,EXACT_DUPLICATE_SAME_NAME,3
5c357639b0c7398f54c5ad75a3725b7cc212c1c35b12c108b737b80bf7aaf1c3,dteproveedor_7078.xml,01_Raw/SHOPIFY/Documentos Recepcionados/dteproveedor_7078.xml,12764,,SHOPIFY/Documentos Recepcionados,EXACT_DUPLICATE_SAME_NAME,3
5c357639b0c7398f54c5ad75a3725b7cc212c1c35b12c108b737b80bf7aaf1c3,dteproveedor_7078.xml,01_Raw/SHOPIFY/Facturacion/dteproveedor_7078.xml,12764,,SHOPIFY/Facturacion,EXACT_DUPLICATE_SAME_NAME,3
5c357639b0c7398f54c5ad75a3725b7cc212c1c35b12c108b737b80bf7aaf1c3,dteproveedor_7078.xml,01_Raw/ML/Documentos Recepcionados/dteproveedor_7078.xml,12764,,ML/Documentos Recepcionados,EXACT_DUPLICATE_SAME_NAME,3
5f9510bdbd633418ceec182d2041f6e86d6d378ab60ed028303a529898ded3e5,dteproveedor_7265.xml,01_Raw/SHOPIFY/Documentos Recepcionados/dteproveedor_7265.xml,14523,,SHOPIFY/Documentos Recepcionados,EXACT_DUPLICATE_SAME_NAME,3
5f9510bdbd633418ceec182d2041f6e86d6d378ab60ed028303a529898ded3e5,dteproveedor_7265.xml,01_Raw/SHOPIFY/Facturacion/dteproveedor_7265.xml,14523,,SHOPIFY/Facturacion,EXACT_DUPLICATE_SAME_NAME,3
5f9510bdbd633418ceec182d2041f6e86d6d378ab60ed028303a529898ded3e5,dteproveedor_7265.xml,01_Raw/ML/Documentos Recepcionados/dteproveedor_7265.xml,14523,,ML/Documentos Recepcionados,EXACT_DUPLICATE_SAME_NAME,3
65f1657b7ab004b71137470b8f1021fbd4100e731b25062716144f1fa1f5fee3,dteproveedor_6917.xml,01_Raw/SHOPIFY/Documentos Recepcionados/dteproveedor_6917.xml,13053,,SHOPIFY/Documentos Recepcionados,EXACT_DUPLICATE_SAME_NAME,3
65f1657b7ab004b71137470b8f1021fbd4100e731b25062716144f1fa1f5fee3,dteproveedor_6917.xml,01_Raw/SHOPIFY/Facturacion/dteproveedor_6917.xml,13053,,SHOPIFY/Facturacion,EXACT_DUPLICATE_SAME_NAME,3
65f1657b7ab004b71137470b8f1021fbd4100e731b25062716144f1fa1f5fee3,dteproveedor_6917.xml,01_Raw/ML/Documentos Recepcionados/dteproveedor_6917.xml,13053,,ML/Documentos Recepcionados,EXACT_DUPLICATE_SAME_NAME,3
6babeb7b16c64b0c6f07c58e5272c5c1c33c14563c0a7b2efbc813a0f1b18f0c,dteproveedor_5818.xml,01_Raw/SHOPIFY/Documentos Recepcionados/dteproveedor_5818.xml,12602,,SHOPIFY/Documentos Recepcionados,EXACT_DUPLICATE_SAME_NAME,2
6babeb7b16c64b0c6f07c58e5272c5c1c33c14563c0a7b2efbc813a0f1b18f0c,dteproveedor_5818.xml,01_Raw/SHOPIFY/Facturacion/dteproveedor_5818.xml,12602,,SHOPIFY/Facturacion,EXACT_DUPLICATE_SAME_NAME,2
6c90d58b4a9c84ab5276c76024e0e68fb44240833a17fe3251d547e3e7c9ae7d,dteproveedor_7312.xml,01_Raw/SHOPIFY/Documentos Recepcionados/dteproveedor_7312.xml,12617,,SHOPIFY/Documentos Recepcionados,EXACT_DUPLICATE_SAME_NAME,2
6c90d58b4a9c84ab5276c76024e0e68fb44240833a17fe3251d547e3e7c9ae7d,dteproveedor_7312.xml,01_Raw/SHOPIFY/Facturacion/dteproveedor_7312.xml,12617,,SHOPIFY/Facturacion,EXACT_DUPLICATE_SAME_NAME,2
6ed46e65aa6517b35d1578d09a7e084abadc8e78970d5ceb5029896f5e118798,dteproveedor_7169.xml,01_Raw/SHOPIFY/Documentos Recepcionados/dteproveedor_7169.xml,12617,,SHOPIFY/Documentos Recepcionados,EXACT_DUPLICATE_SAME_NAME,2
6ed46e65aa6517b35d1578d09a7e084abadc8e78970d5ceb5029896f5e118798,dteproveedor_7169.xml,01_Raw/SHOPIFY/Facturacion/dteproveedor_7169.xml,12617,,SHOPIFY/Facturacion,EXACT_DUPLICATE_SAME_NAME,2
70b23e8b78ddb4b3d1d9b6d8895ace253e5fce987597254c578b5da49447768a,dteproveedor_5600.xml,01_Raw/SHOPIFY/Documentos Recepcionados/dteproveedor_5600.xml,12804,,SHOPIFY/Documentos Recepcionados,EXACT_DUPLICATE_SAME_NAME,2
70b23e8b78ddb4b3d1d9b6d8895ace253e5fce987597254c578b5da49447768a,dteproveedor_5600.xml,01_Raw/SHOPIFY/Facturacion/dteproveedor_5600.xml,12804,,SHOPIFY/Facturacion,EXACT_DUPLICATE_SAME_NAME,2
72af37429dc8346bf32e9b7f7ae98363a40e245ace6961948c42c6c6fd1014b3,dteproveedor_6921.xml,01_Raw/SHOPIFY/Documentos Recepcionados/dteproveedor_6921.xml,12617,,SHOPIFY/Documentos Recepcionados,EXACT_DUPLICATE_SAME_NAME,2
72af37429dc8346bf32e9b7f7ae98363a40e245ace6961948c42c6c6fd1014b3,dteproveedor_6921.xml,01_Raw/SHOPIFY/Facturacion/dteproveedor_6921.xml,12617,,SHOPIFY/Facturacion,EXACT_DUPLICATE_SAME_NAME,2
738854430c1854d72d70612c69a9e2b1337bc240e16399027d9ccf74ddba5d9c,dteproveedor_6966.xml,01_Raw/SHOPIFY/Documentos Recepcionados/dteproveedor_6966.xml,13056,,SHOPIFY/Documentos Recepcionados,EXACT_DUPLICATE_SAME_NAME,3
738854430c1854d72d70612c69a9e2b1337bc240e16399027d9ccf74ddba5d9c,dteproveedor_6966.xml,01_Raw/SHOPIFY/Facturacion/dteproveedor_6966.xml,13056,,SHOPIFY/Facturacion,EXACT_DUPLICATE_SAME_NAME,3
738854430c1854d72d70612c69a9e2b1337bc240e16399027d9ccf74ddba5d9c,dteproveedor_6966.xml,01_Raw/ML/Documentos Recepcionados/dteproveedor_6966.xml,13056,,ML/Documentos Recepcionados,EXACT_DUPLICATE_SAME_NAME,3
74eca0c1c78a151b86a1aca2243702b05556db8055ac5e028d2ef887bfaf25b3,dteproveedor_6887.xml,01_Raw/SHOPIFY/Documentos Recepcionados/dteproveedor_6887.xml,13052,,SHOPIFY/Documentos Recepcionados,EXACT_DUPLICATE_SAME_NAME,3
74eca0c1c78a151b86a1aca2243702b05556db8055ac5e028d2ef887bfaf25b3,dteproveedor_6887.xml,01_Raw/SHOPIFY/Facturacion/dteproveedor_6887.xml,13052,,SHOPIFY/Facturacion,EXACT_DUPLICATE_SAME_NAME,3
74eca0c1c78a151b86a1aca2243702b05556db8055ac5e028d2ef887bfaf25b3,dteproveedor_6887.xml,01_Raw/ML/Documentos Recepcionados/dteproveedor_6887.xml,13052,,ML/Documentos Recepcionados,EXACT_DUPLICATE_SAME_NAME,3
76da8ce20ec94072d4aadca46bbe2dd91502e63369bdbb63509a7f5dae6f3251,dteproveedor_7093.xml,01_Raw/SHOPIFY/Documentos Recepcionados/dteproveedor_7093.xml,12892,,SHOPIFY/Documentos Recepcionados,EXACT_DUPLICATE_SAME_NAME,3
76da8ce20ec94072d4aadca46bbe2dd91502e63369bdbb63509a7f5dae6f3251,dteproveedor_7093.xml,01_Raw/SHOPIFY/Facturacion/dteproveedor_7093.xml,12892,,SHOPIFY/Facturacion,EXACT_DUPLICATE_SAME_NAME,3
76da8ce20ec94072d4aadca46bbe2dd91502e63369bdbb63509a7f5dae6f3251,dteproveedor_7093.xml,01_Raw/ML/Documentos Recepcionados/dteproveedor_7093.xml,12892,,ML/Documentos Recepcionados,EXACT_DUPLICATE_SAME_NAME,3
77bc26c343e91b133c270a3db55f91cf4ef5ff4c21f5786ba79a91c877f97b88,dteproveedor_7046.xml,01_Raw/SHOPIFY/Documentos Recepcionados/dteproveedor_7046.xml,12617,,SHOPIFY/Documentos Recepcionados,EXACT_DUPLICATE_SAME_NAME,2
77bc26c343e91b133c270a3db55f91cf4ef5ff4c21f5786ba79a91c877f97b88,dteproveedor_7046.xml,01_Raw/SHOPIFY/Facturacion/dteproveedor_7046.xml,12617,,SHOPIFY/Facturacion,EXACT_DUPLICATE_SAME_NAME,2
784a08d605ebf40aeae92ef81608ddbadc9284411dd34cd5fe3cd6371d84fe80,dteproveedor_7317.xml,01_Raw/SHOPIFY/Documentos Recepcionados/dteproveedor_7317.xml,12461,,SHOPIFY/Documentos Recepcionados,EXACT_DUPLICATE_SAME_NAME,2
784a08d605ebf40aeae92ef81608ddbadc9284411dd34cd5fe3cd6371d84fe80,dteproveedor_7317.xml,01_Raw/SHOPIFY/Facturacion/dteproveedor_7317.xml,12461,,SHOPIFY/Facturacion,EXACT_DUPLICATE_SAME_NAME,2
7b17d93dbeba896d65726a07ea383d3210437a8af3f93fedcf8ef9e2d99b88c3,dteproveedor_5599.xml,01_Raw/SHOPIFY/Documentos Recepcionados/dteproveedor_5599.xml,12809,,SHOPIFY/Documentos Recepcionados,EXACT_DUPLICATE_SAME_NAME,2
7b17d93dbeba896d65726a07ea383d3210437a8af3f93fedcf8ef9e2d99b88c3,dteproveedor_5599.xml,01_Raw/SHOPIFY/Facturacion/dteproveedor_5599.xml,12809,,SHOPIFY/Facturacion,EXACT_DUPLICATE_SAME_NAME,2
7d20deb55586e0bd89e05c388c3c7cca76f8ab3216e4fd065c019330ad40f48b,dteproveedor_6838.xml,01_Raw/SHOPIFY/Documentos Recepcionados/dteproveedor_6838.xml,12901,,SHOPIFY/Documentos Recepcionados,EXACT_DUPLICATE_SAME_NAME,3
7d20deb55586e0bd89e05c388c3c7cca76f8ab3216e4fd065c019330ad40f48b,dteproveedor_6838.xml,01_Raw/SHOPIFY/Facturacion/dteproveedor_6838.xml,12901,,SHOPIFY/Facturacion,EXACT_DUPLICATE_SAME_NAME,3
7d20deb55586e0bd89e05c388c3c7cca76f8ab3216e4fd065c019330ad40f48b,dteproveedor_6838.xml,01_Raw/ML/Documentos Recepcionados/dteproveedor_6838.xml,12901,,ML/Documentos Recepcionados,EXACT_DUPLICATE_SAME_NAME,3
7e17849d7915dfdbee6cdc975deb66d0b67221e0e8671126f09c83b1c820c6c3,dteproveedor_6271.xml,01_Raw/SHOPIFY/Documentos Recepcionados/dteproveedor_6271.xml,12617,,SHOPIFY/Documentos Recepcionados,EXACT_DUPLICATE_SAME_NAME,2
7e17849d7915dfdbee6cdc975deb66d0b67221e0e8671126f09c83b1c820c6c3,dteproveedor_6271.xml,01_Raw/SHOPIFY/Facturacion/dteproveedor_6271.xml,12617,,SHOPIFY/Facturacion,EXACT_DUPLICATE_SAME_NAME,2
7ed01c55ac7b671f5761afc3d9a1035ae753693fece02e8c41741644b2e91269,dteproveedor_5707.xml,01_Raw/SHOPIFY/Documentos Recepcionados/dteproveedor_5707.xml,12808,,SHOPIFY/Documentos Recepcionados,EXACT_DUPLICATE_SAME_NAME,2
7ed01c55ac7b671f5761afc3d9a1035ae753693fece02e8c41741644b2e91269,dteproveedor_5707.xml,01_Raw/SHOPIFY/Facturacion/dteproveedor_5707.xml,12808,,SHOPIFY/Facturacion,EXACT_DUPLICATE_SAME_NAME,2
7f679bbadbf15640a5a5e1b2bece5079dca6d5c4eea98f43fdcf692bc06579ed,dteproveedor_7177.xml,01_Raw/SHOPIFY/Documentos Recepcionados/dteproveedor_7177.xml,12831,,SHOPIFY/Documentos Recepcionados,EXACT_DUPLICATE_SAME_NAME,2
7f679bbadbf15640a5a5e1b2bece5079dca6d5c4eea98f43fdcf692bc06579ed,dteproveedor_7177.xml,01_Raw/SHOPIFY/Facturacion/dteproveedor_7177.xml,12831,,SHOPIFY/Facturacion,EXACT_DUPLICATE_SAME_NAME,2
7f6911bcc3e8d66c4926ce14ebd68b394a0cc18f20427f0dc0fff3767f00445a,dteproveedor_5480.xml,01_Raw/SHOPIFY/Documentos Recepcionados/dteproveedor_5480.xml,12813,,SHOPIFY/Documentos Recepcionados,EXACT_DUPLICATE_SAME_NAME,2
7f6911bcc3e8d66c4926ce14ebd68b394a0cc18f20427f0dc0fff3767f00445a,dteproveedor_5480.xml,01_Raw/SHOPIFY/Facturacion/dteproveedor_5480.xml,12813,,SHOPIFY/Facturacion,EXACT_DUPLICATE_SAME_NAME,2
8284f33b1fb6ee38a35c96de7aba2e1c1524ac2b963080eed881564ce4eec37f,dteproveedor_5479.xml,01_Raw/SHOPIFY/Documentos Recepcionados/dteproveedor_5479.xml,12809,,SHOPIFY/Documentos Recepcionados,EXACT_DUPLICATE_SAME_NAME,2
8284f33b1fb6ee38a35c96de7aba2e1c1524ac2b963080eed881564ce4eec37f,dteproveedor_5479.xml,01_Raw/SHOPIFY/Facturacion/dteproveedor_5479.xml,12809,,SHOPIFY/Facturacion,EXACT_DUPLICATE_SAME_NAME,2
842cf674ad0d5395a7eb9f293b8a147410df6e54c257c3c10bd0a71040b3b7ff,dteproveedor_7281.xml,01_Raw/SHOPIFY/Documentos Recepcionados/dteproveedor_7281.xml,13058,,SHOPIFY/Documentos Recepcionados,EXACT_DUPLICATE_SAME_NAME,3
842cf674ad0d5395a7eb9f293b8a147410df6e54c257c3c10bd0a71040b3b7ff,dteproveedor_7281.xml,01_Raw/SHOPIFY/Facturacion/dteproveedor_7281.xml,13058,,SHOPIFY/Facturacion,EXACT_DUPLICATE_SAME_NAME,3
842cf674ad0d5395a7eb9f293b8a147410df6e54c257c3c10bd0a71040b3b7ff,dteproveedor_7281.xml,01_Raw/ML/Documentos Recepcionados/dteproveedor_7281.xml,13058,,ML/Documentos Recepcionados,EXACT_DUPLICATE_SAME_NAME,3
86907a3b3d1cd06b65881dd3027c9a420fa1e16a1b9fb1050d40a1fd6f9c7cc4,dteproveedor_6040.xml,01_Raw/SHOPIFY/Documentos Recepcionados/dteproveedor_6040.xml,12824,,SHOPIFY/Documentos Recepcionados,EXACT_DUPLICATE_SAME_NAME,2
86907a3b3d1cd06b65881dd3027c9a420fa1e16a1b9fb1050d40a1fd6f9c7cc4,dteproveedor_6040.xml,01_Raw/SHOPIFY/Facturacion/dteproveedor_6040.xml,12824,,SHOPIFY/Facturacion,EXACT_DUPLICATE_SAME_NAME,2
86b40d0017570a3d8dd3a5ebe4c6a8c7c1011fa676daf37362478198175c75dd,dteproveedor_6508.xml,01_Raw/SHOPIFY/Documentos Recepcionados/dteproveedor_6508.xml,12833,,SHOPIFY/Documentos Recepcionados,EXACT_DUPLICATE_SAME_NAME,2
86b40d0017570a3d8dd3a5ebe4c6a8c7c1011fa676daf37362478198175c75dd,dteproveedor_6508.xml,01_Raw/SHOPIFY/Facturacion/dteproveedor_6508.xml,12833,,SHOPIFY/Facturacion,EXACT_DUPLICATE_SAME_NAME,2
8715af26850658973741a3a7ecadd433f03f022983e3e83d7ec971ac44d76d0c,dteproveedor_6765.xml,01_Raw/SHOPIFY/Documentos Recepcionados/dteproveedor_6765.xml,12828,,SHOPIFY/Documentos Recepcionados,EXACT_DUPLICATE_SAME_NAME,2
8715af26850658973741a3a7ecadd433f03f022983e3e83d7ec971ac44d76d0c,dteproveedor_6765.xml,01_Raw/SHOPIFY/Facturacion/dteproveedor_6765.xml,12828,,SHOPIFY/Facturacion,EXACT_DUPLICATE_SAME_NAME,2
875b3c66dd8191ebafeda727b9537750b582b200e7ec0fe48fdc02825f64a810,dteproveedor_5478.xml,01_Raw/SHOPIFY/Documentos Recepcionados/dteproveedor_5478.xml,12808,,SHOPIFY/Documentos Recepcionados,EXACT_DUPLICATE_SAME_NAME,2
875b3c66dd8191ebafeda727b9537750b582b200e7ec0fe48fdc02825f64a810,dteproveedor_5478.xml,01_Raw/SHOPIFY/Facturacion/dteproveedor_5478.xml,12808,,SHOPIFY/Facturacion,EXACT_DUPLICATE_SAME_NAME,2
8fa833ace2025bb03fe9637ed0ee7a4f29336acfbcd1316293dc21c35a419d27,dteproveedor_5598.xml,01_Raw/SHOPIFY/Documentos Recepcionados/dteproveedor_5598.xml,12804,,SHOPIFY/Documentos Recepcionados,EXACT_DUPLICATE_SAME_NAME,2
8fa833ace2025bb03fe9637ed0ee7a4f29336acfbcd1316293dc21c35a419d27,dteproveedor_5598.xml,01_Raw/SHOPIFY/Facturacion/dteproveedor_5598.xml,12804,,SHOPIFY/Facturacion,EXACT_DUPLICATE_SAME_NAME,2
9140feb76baf844f80d2ef3214d74645a2c55d58ac81cdb910f1ff6329f621e5,dteproveedor_7355.xml,01_Raw/SHOPIFY/Documentos Recepcionados/dteproveedor_7355.xml,12932,,SHOPIFY/Documentos Recepcionados,EXACT_DUPLICATE_SAME_NAME,2
9140feb76baf844f80d2ef3214d74645a2c55d58ac81cdb910f1ff6329f621e5,dteproveedor_7355.xml,01_Raw/SHOPIFY/Facturacion/dteproveedor_7355.xml,12932,,SHOPIFY/Facturacion,EXACT_DUPLICATE_SAME_NAME,2
91db190f13fbc038d33396309c5c2b68c614c16874c529c887696609fd71d0a6,dteproveedor_6619.xml,01_Raw/SHOPIFY/Documentos Recepcionados/dteproveedor_6619.xml,12828,,SHOPIFY/Documentos Recepcionados,EXACT_DUPLICATE_SAME_NAME,2
91db190f13fbc038d33396309c5c2b68c614c16874c529c887696609fd71d0a6,dteproveedor_6619.xml,01_Raw/SHOPIFY/Facturacion/dteproveedor_6619.xml,12828,,SHOPIFY/Facturacion,EXACT_DUPLICATE_SAME_NAME,2
91dbc7799177e58acfc22cb673ca9605370adfa4a179bb99611aa2ca221af41d,dteproveedor_7186.xml,01_Raw/SHOPIFY/Documentos Recepcionados/dteproveedor_7186.xml,13056,,SHOPIFY/Documentos Recepcionados,EXACT_DUPLICATE_SAME_NAME,3
91dbc7799177e58acfc22cb673ca9605370adfa4a179bb99611aa2ca221af41d,dteproveedor_7186.xml,01_Raw/SHOPIFY/Facturacion/dteproveedor_7186.xml,13056,,SHOPIFY/Facturacion,EXACT_DUPLICATE_SAME_NAME,3
91dbc7799177e58acfc22cb673ca9605370adfa4a179bb99611aa2ca221af41d,dteproveedor_7186.xml,01_Raw/ML/Documentos Recepcionados/dteproveedor_7186.xml,13056,,ML/Documentos Recepcionados,EXACT_DUPLICATE_SAME_NAME,3
94e4e5c0476649390543a44205c2d02319a968df716c854f1d7d55ebdab2998e,dteproveedor_7168.xml,01_Raw/SHOPIFY/Documentos Recepcionados/dteproveedor_7168.xml,13052,,SHOPIFY/Documentos Recepcionados,EXACT_DUPLICATE_SAME_NAME,3
94e4e5c0476649390543a44205c2d02319a968df716c854f1d7d55ebdab2998e,dteproveedor_7168.xml,01_Raw/SHOPIFY/Facturacion/dteproveedor_7168.xml,13052,,SHOPIFY/Facturacion,EXACT_DUPLICATE_SAME_NAME,3
94e4e5c0476649390543a44205c2d02319a968df716c854f1d7d55ebdab2998e,dteproveedor_7168.xml,01_Raw/ML/Documentos Recepcionados/dteproveedor_7168.xml,13052,,ML/Documentos Recepcionados,EXACT_DUPLICATE_SAME_NAME,3
95a6857d57772c8a2945c017916d1dc7c23837c3e5121e15bb77d3c17702adc9,dteproveedor_7042.xml,01_Raw/SHOPIFY/Documentos Recepcionados/dteproveedor_7042.xml,13055,,SHOPIFY/Documentos Recepcionados,EXACT_DUPLICATE_SAME_NAME,3
95a6857d57772c8a2945c017916d1dc7c23837c3e5121e15bb77d3c17702adc9,dteproveedor_7042.xml,01_Raw/SHOPIFY/Facturacion/dteproveedor_7042.xml,13055,,SHOPIFY/Facturacion,EXACT_DUPLICATE_SAME_NAME,3
95a6857d57772c8a2945c017916d1dc7c23837c3e5121e15bb77d3c17702adc9,dteproveedor_7042.xml,01_Raw/ML/Documentos Recepcionados/dteproveedor_7042.xml,13055,,ML/Documentos Recepcionados,EXACT_DUPLICATE_SAME_NAME,3
9703fbc80a40addce30361d178f1e98ab73aa1c8d9d01233fe0661ba92d9b327,dteproveedor_7128.xml,01_Raw/SHOPIFY/Documentos Recepcionados/dteproveedor_7128.xml,13056,,SHOPIFY/Documentos Recepcionados,EXACT_DUPLICATE_SAME_NAME,3
9703fbc80a40addce30361d178f1e98ab73aa1c8d9d01233fe0661ba92d9b327,dteproveedor_7128.xml,01_Raw/SHOPIFY/Facturacion/dteproveedor_7128.xml,13056,,SHOPIFY/Facturacion,EXACT_DUPLICATE_SAME_NAME,3
9703fbc80a40addce30361d178f1e98ab73aa1c8d9d01233fe0661ba92d9b327,dteproveedor_7128.xml,01_Raw/ML/Documentos Recepcionados/dteproveedor_7128.xml,13056,,ML/Documentos Recepcionados,EXACT_DUPLICATE_SAME_NAME,3
97742ef30feec261ebc9c43ed78c3e8c02792faed62e57799a5e0a2b3cb7cc46,dteproveedor_6037.xml,01_Raw/SHOPIFY/Documentos Recepcionados/dteproveedor_6037.xml,12622,,SHOPIFY/Documentos Recepcionados,EXACT_DUPLICATE_SAME_NAME,2
97742ef30feec261ebc9c43ed78c3e8c02792faed62e57799a5e0a2b3cb7cc46,dteproveedor_6037.xml,01_Raw/SHOPIFY/Facturacion/dteproveedor_6037.xml,12622,,SHOPIFY/Facturacion,EXACT_DUPLICATE_SAME_NAME,2
991cbdef83d7541570c3f76872511f08adf5dd47d77b8086d008525019ab04fb,dteproveedor_6982.xml,01_Raw/SHOPIFY/Documentos Recepcionados/dteproveedor_6982.xml,12901,,SHOPIFY/Documentos Recepcionados,EXACT_DUPLICATE_SAME_NAME,3
991cbdef83d7541570c3f76872511f08adf5dd47d77b8086d008525019ab04fb,dteproveedor_6982.xml,01_Raw/SHOPIFY/Facturacion/dteproveedor_6982.xml,12901,,SHOPIFY/Facturacion,EXACT_DUPLICATE_SAME_NAME,3
991cbdef83d7541570c3f76872511f08adf5dd47d77b8086d008525019ab04fb,dteproveedor_6982.xml,01_Raw/ML/Documentos Recepcionados/dteproveedor_6982.xml,12901,,ML/Documentos Recepcionados,EXACT_DUPLICATE_SAME_NAME,3
99fad679c34870ace28f69e0f8b0082bc32d4a020747d3a7e9e17ea16557dc68,dteproveedor_7207.xml,01_Raw/SHOPIFY/Documentos Recepcionados/dteproveedor_7207.xml,12907,,SHOPIFY/Documentos Recepcionados,EXACT_DUPLICATE_SAME_NAME,3
99fad679c34870ace28f69e0f8b0082bc32d4a020747d3a7e9e17ea16557dc68,dteproveedor_7207.xml,01_Raw/SHOPIFY/Facturacion/dteproveedor_7207.xml,12907,,SHOPIFY/Facturacion,EXACT_DUPLICATE_SAME_NAME,3
99fad679c34870ace28f69e0f8b0082bc32d4a020747d3a7e9e17ea16557dc68,dteproveedor_7207.xml,01_Raw/ML/Documentos Recepcionados/dteproveedor_7207.xml,12907,,ML/Documentos Recepcionados,EXACT_DUPLICATE_SAME_NAME,3
9ccafbc91b3beac03a91908a741ec0f2d0062ac25a8ccfa146f8e3160ea5b8f6,dteproveedor_6837.xml,01_Raw/SHOPIFY/Documentos Recepcionados/dteproveedor_6837.xml,12719,,SHOPIFY/Documentos Recepcionados,EXACT_DUPLICATE_SAME_NAME,3
9ccafbc91b3beac03a91908a741ec0f2d0062ac25a8ccfa146f8e3160ea5b8f6,dteproveedor_6837.xml,01_Raw/SHOPIFY/Facturacion/dteproveedor_6837.xml,12719,,SHOPIFY/Facturacion,EXACT_DUPLICATE_SAME_NAME,3
9ccafbc91b3beac03a91908a741ec0f2d0062ac25a8ccfa146f8e3160ea5b8f6,dteproveedor_6837.xml,01_Raw/ML/Documentos Recepcionados/dteproveedor_6837.xml,12719,,ML/Documentos Recepcionados,EXACT_DUPLICATE_SAME_NAME,3
9d35480dd1cf479e9806943061e08489389b4213577fdf665fe3ac35fab2d65c,dteproveedor_7330.xml,01_Raw/SHOPIFY/Documentos Recepcionados/dteproveedor_7330.xml,12935,,SHOPIFY/Documentos Recepcionados,EXACT_DUPLICATE_SAME_NAME,3
9d35480dd1cf479e9806943061e08489389b4213577fdf665fe3ac35fab2d65c,dteproveedor_7330.xml,01_Raw/SHOPIFY/Facturacion/dteproveedor_7330.xml,12935,,SHOPIFY/Facturacion,EXACT_DUPLICATE_SAME_NAME,3
9d35480dd1cf479e9806943061e08489389b4213577fdf665fe3ac35fab2d65c,dteproveedor_7330.xml,01_Raw/ML/Documentos Recepcionados/dteproveedor_7330.xml,12935,,ML/Documentos Recepcionados,EXACT_DUPLICATE_SAME_NAME,3
a009bf51f7f1ad627cca0bfa513d908824d0cdffcd87be8bc01e1fc7e4ded006,dteproveedor_6981.xml,01_Raw/SHOPIFY/Documentos Recepcionados/dteproveedor_6981.xml,12926,,SHOPIFY/Documentos Recepcionados,EXACT_DUPLICATE_SAME_NAME,3
a009bf51f7f1ad627cca0bfa513d908824d0cdffcd87be8bc01e1fc7e4ded006,dteproveedor_6981.xml,01_Raw/SHOPIFY/Facturacion/dteproveedor_6981.xml,12926,,SHOPIFY/Facturacion,EXACT_DUPLICATE_SAME_NAME,3
a009bf51f7f1ad627cca0bfa513d908824d0cdffcd87be8bc01e1fc7e4ded006,dteproveedor_6981.xml,01_Raw/ML/Documentos Recepcionados/dteproveedor_6981.xml,12926,,ML/Documentos Recepcionados,EXACT_DUPLICATE_SAME_NAME,3
a10b0f41570cd96d6bfce44dbdd8d707dcfdaa2cb886f8461ab386a30090666d,dteproveedor_6980.xml,01_Raw/SHOPIFY/Documentos Recepcionados/dteproveedor_6980.xml,12931,,SHOPIFY/Documentos Recepcionados,EXACT_DUPLICATE_SAME_NAME,3
a10b0f41570cd96d6bfce44dbdd8d707dcfdaa2cb886f8461ab386a30090666d,dteproveedor_6980.xml,01_Raw/SHOPIFY/Facturacion/dteproveedor_6980.xml,12931,,SHOPIFY/Facturacion,EXACT_DUPLICATE_SAME_NAME,3
a10b0f41570cd96d6bfce44dbdd8d707dcfdaa2cb886f8461ab386a30090666d,dteproveedor_6980.xml,01_Raw/ML/Documentos Recepcionados/dteproveedor_6980.xml,12931,,ML/Documentos Recepcionados,EXACT_DUPLICATE_SAME_NAME,3
a33dcae97e74430e09cb1cc8d3bd81163f124c2b5abf4d8883229d62a4de49da,dteproveedor_5925.xml,01_Raw/SHOPIFY/Documentos Recepcionados/dteproveedor_5925.xml,12833,,SHOPIFY/Documentos Recepcionados,EXACT_DUPLICATE_SAME_NAME,2
a33dcae97e74430e09cb1cc8d3bd81163f124c2b5abf4d8883229d62a4de49da,dteproveedor_5925.xml,01_Raw/SHOPIFY/Facturacion/dteproveedor_5925.xml,12833,,SHOPIFY/Facturacion,EXACT_DUPLICATE_SAME_NAME,2
a4005f61ef1355246e4e8ac3755edb43471145f683d7d4ce452fd77e89f2c515,dteproveedor_6039.xml,01_Raw/SHOPIFY/Documentos Recepcionados/dteproveedor_6039.xml,12833,,SHOPIFY/Documentos Recepcionados,EXACT_DUPLICATE_SAME_NAME,2
a4005f61ef1355246e4e8ac3755edb43471145f683d7d4ce452fd77e89f2c515,dteproveedor_6039.xml,01_Raw/SHOPIFY/Facturacion/dteproveedor_6039.xml,12833,,SHOPIFY/Facturacion,EXACT_DUPLICATE_SAME_NAME,2
a72a8fd85b2045227869ee1839b5efb30e844bdff76f7e769f55043dac556037,dteproveedor_7402.xml,01_Raw/SHOPIFY/Documentos Recepcionados/dteproveedor_7402.xml,14777,,SHOPIFY/Documentos Recepcionados,EXACT_DUPLICATE_SAME_NAME,3
a72a8fd85b2045227869ee1839b5efb30e844bdff76f7e769f55043dac556037,dteproveedor_7402.xml,01_Raw/SHOPIFY/Facturacion/dteproveedor_7402.xml,14777,,SHOPIFY/Facturacion,EXACT_DUPLICATE_SAME_NAME,3
a72a8fd85b2045227869ee1839b5efb30e844bdff76f7e769f55043dac556037,dteproveedor_7402.xml,01_Raw/ML/Documentos Recepcionados/dteproveedor_7402.xml,14777,,ML/Documentos Recepcionados,EXACT_DUPLICATE_SAME_NAME,3
aa3b419df9b97fc8c1a87b174eb7b1f5efefac22c999f5b64ec140948323226a,dteproveedor_5602.xml,01_Raw/SHOPIFY/Documentos Recepcionados/dteproveedor_5602.xml,12809,,SHOPIFY/Documentos Recepcionados,EXACT_DUPLICATE_SAME_NAME,2
aa3b419df9b97fc8c1a87b174eb7b1f5efefac22c999f5b64ec140948323226a,dteproveedor_5602.xml,01_Raw/SHOPIFY/Facturacion/dteproveedor_5602.xml,12809,,SHOPIFY/Facturacion,EXACT_DUPLICATE_SAME_NAME,2
ab04a583a388ec8462faa8ef11e393e20204599c652d06c7dd07b1c6029fc859,dteproveedor_5701.xml,01_Raw/SHOPIFY/Documentos Recepcionados/dteproveedor_5701.xml,12602,,SHOPIFY/Documentos Recepcionados,EXACT_DUPLICATE_SAME_NAME,2
ab04a583a388ec8462faa8ef11e393e20204599c652d06c7dd07b1c6029fc859,dteproveedor_5701.xml,01_Raw/SHOPIFY/Facturacion/dteproveedor_5701.xml,12602,,SHOPIFY/Facturacion,EXACT_DUPLICATE_SAME_NAME,2
ab2f23278aa74759a27ad25bf20abfde79b444b331559e97fdc18cec10113505,dteproveedor_6154.xml,01_Raw/SHOPIFY/Documentos Recepcionados/dteproveedor_6154.xml,12833,,SHOPIFY/Documentos Recepcionados,EXACT_DUPLICATE_SAME_NAME,2
ab2f23278aa74759a27ad25bf20abfde79b444b331559e97fdc18cec10113505,dteproveedor_6154.xml,01_Raw/SHOPIFY/Facturacion/dteproveedor_6154.xml,12833,,SHOPIFY/Facturacion,EXACT_DUPLICATE_SAME_NAME,2
ae18ed2495bdc890f60435f3e7fd77aad1ead754719d765efc9aac3fc255c07b,dteproveedor_6507.xml,01_Raw/SHOPIFY/Documentos Recepcionados/dteproveedor_6507.xml,12829,,SHOPIFY/Documentos Recepcionados,EXACT_DUPLICATE_SAME_NAME,2
ae18ed2495bdc890f60435f3e7fd77aad1ead754719d765efc9aac3fc255c07b,dteproveedor_6507.xml,01_Raw/SHOPIFY/Facturacion/dteproveedor_6507.xml,12829,,SHOPIFY/Facturacion,EXACT_DUPLICATE_SAME_NAME,2
afea4ab6835718197f66b56b5d0165d60e9dc245125c03ca4fc088ffae05c692,dteproveedor_5819.xml,01_Raw/SHOPIFY/Documentos Recepcionados/dteproveedor_5819.xml,12813,,SHOPIFY/Documentos Recepcionados,EXACT_DUPLICATE_SAME_NAME,2
afea4ab6835718197f66b56b5d0165d60e9dc245125c03ca4fc088ffae05c692,dteproveedor_5819.xml,01_Raw/SHOPIFY/Facturacion/dteproveedor_5819.xml,12813,,SHOPIFY/Facturacion,EXACT_DUPLICATE_SAME_NAME,2
b0436f73f4ad7c7a3542083dba45e1b2c9cf94e1eb57718e813266b3281ff00d,dteproveedor_7381.xml,01_Raw/SHOPIFY/Documentos Recepcionados/dteproveedor_7381.xml,13058,,SHOPIFY/Documentos Recepcionados,EXACT_DUPLICATE_SAME_NAME,2
b0436f73f4ad7c7a3542083dba45e1b2c9cf94e1eb57718e813266b3281ff00d,dteproveedor_7381.xml,01_Raw/SHOPIFY/Facturacion/dteproveedor_7381.xml,13058,,SHOPIFY/Facturacion,EXACT_DUPLICATE_SAME_NAME,2
b21752f131e7676a2e4823a5d9c58bf199dbd0db3821d25bef23a1d3b6cf24ce,dteproveedor_5926.xml,01_Raw/SHOPIFY/Documentos Recepcionados/dteproveedor_5926.xml,12829,,SHOPIFY/Documentos Recepcionados,EXACT_DUPLICATE_SAME_NAME,2
b21752f131e7676a2e4823a5d9c58bf199dbd0db3821d25bef23a1d3b6cf24ce,dteproveedor_5926.xml,01_Raw/SHOPIFY/Facturacion/dteproveedor_5926.xml,12829,,SHOPIFY/Facturacion,EXACT_DUPLICATE_SAME_NAME,2
b9366dda1a0e800331140491e5912343a25707f8136b5da7547ceccabe4b86b0,dteproveedor_6152.xml,01_Raw/SHOPIFY/Documentos Recepcionados/dteproveedor_6152.xml,12618,,SHOPIFY/Documentos Recepcionados,EXACT_DUPLICATE_SAME_NAME,2
b9366dda1a0e800331140491e5912343a25707f8136b5da7547ceccabe4b86b0,dteproveedor_6152.xml,01_Raw/SHOPIFY/Facturacion/dteproveedor_6152.xml,12618,,SHOPIFY/Facturacion,EXACT_DUPLICATE_SAME_NAME,2
bae255689e22fd9830814eb98c25f6f2da2c808eb370b8ae9d39476156003a08,dteproveedor_5477.xml,01_Raw/SHOPIFY/Documentos Recepcionados/dteproveedor_5477.xml,12597,,SHOPIFY/Documentos Recepcionados,EXACT_DUPLICATE_SAME_NAME,2
bae255689e22fd9830814eb98c25f6f2da2c808eb370b8ae9d39476156003a08,dteproveedor_5477.xml,01_Raw/SHOPIFY/Facturacion/dteproveedor_5477.xml,12597,,SHOPIFY/Facturacion,EXACT_DUPLICATE_SAME_NAME,2
c391204f1e7902207bbcd3cde35adfcb645538e6f622ba25f4b8f7a04f44c1cd,dteproveedor_6620.xml,01_Raw/SHOPIFY/Documentos Recepcionados/dteproveedor_6620.xml,12833,,SHOPIFY/Documentos Recepcionados,EXACT_DUPLICATE_SAME_NAME,2
c391204f1e7902207bbcd3cde35adfcb645538e6f622ba25f4b8f7a04f44c1cd,dteproveedor_6620.xml,01_Raw/SHOPIFY/Facturacion/dteproveedor_6620.xml,12833,,SHOPIFY/Facturacion,EXACT_DUPLICATE_SAME_NAME,2
c51b6a285917e99c8b9b83fa9c2e4e546e0a70ddb1ef5beee06006eacd034624,dteproveedor_7136.xml,01_Raw/SHOPIFY/Documentos Recepcionados/dteproveedor_7136.xml,14240,,SHOPIFY/Documentos Recepcionados,EXACT_DUPLICATE_SAME_NAME,3
c51b6a285917e99c8b9b83fa9c2e4e546e0a70ddb1ef5beee06006eacd034624,dteproveedor_7136.xml,01_Raw/SHOPIFY/Facturacion/dteproveedor_7136.xml,14240,,SHOPIFY/Facturacion,EXACT_DUPLICATE_SAME_NAME,3
c51b6a285917e99c8b9b83fa9c2e4e546e0a70ddb1ef5beee06006eacd034624,dteproveedor_7136.xml,01_Raw/ML/Documentos Recepcionados/dteproveedor_7136.xml,14240,,ML/Documentos Recepcionados,EXACT_DUPLICATE_SAME_NAME,3
c7392812540fb697577865046f28238bef8462ae5162d6735e237b2c7d907048,dteproveedor_6922.xml,01_Raw/SHOPIFY/Documentos Recepcionados/dteproveedor_6922.xml,12833,,SHOPIFY/Documentos Recepcionados,EXACT_DUPLICATE_SAME_NAME,2
c7392812540fb697577865046f28238bef8462ae5162d6735e237b2c7d907048,dteproveedor_6922.xml,01_Raw/SHOPIFY/Facturacion/dteproveedor_6922.xml,12833,,SHOPIFY/Facturacion,EXACT_DUPLICATE_SAME_NAME,2
cad262bfba5bfd5aac5eedd73d9248f969b247734952c9aa78913cf94ca6b31e,dteproveedor_7353.xml,01_Raw/SHOPIFY/Documentos Recepcionados/dteproveedor_7353.xml,12937,,SHOPIFY/Documentos Recepcionados,EXACT_DUPLICATE_SAME_NAME,2
cad262bfba5bfd5aac5eedd73d9248f969b247734952c9aa78913cf94ca6b31e,dteproveedor_7353.xml,01_Raw/SHOPIFY/Facturacion/dteproveedor_7353.xml,12937,,SHOPIFY/Facturacion,EXACT_DUPLICATE_SAME_NAME,2
cbbf2fef0339390f5725708d81d4acdc445a4939bb821ea9a253721fadfadb5c,dteproveedor_7155.xml,01_Raw/SHOPIFY/Documentos Recepcionados/dteproveedor_7155.xml,13057,,SHOPIFY/Documentos Recepcionados,EXACT_DUPLICATE_SAME_NAME,3
cbbf2fef0339390f5725708d81d4acdc445a4939bb821ea9a253721fadfadb5c,dteproveedor_7155.xml,01_Raw/SHOPIFY/Facturacion/dteproveedor_7155.xml,13057,,SHOPIFY/Facturacion,EXACT_DUPLICATE_SAME_NAME,3
cbbf2fef0339390f5725708d81d4acdc445a4939bb821ea9a253721fadfadb5c,dteproveedor_7155.xml,01_Raw/ML/Documentos Recepcionados/dteproveedor_7155.xml,13057,,ML/Documentos Recepcionados,EXACT_DUPLICATE_SAME_NAME,3
d16153986b3769d594f3522f1169ef3ff4454c193677c1132eba8115e7591c3c,dteproveedor_7434.xml,01_Raw/SHOPIFY/Documentos Recepcionados/dteproveedor_7434.xml,13062,,SHOPIFY/Documentos Recepcionados,EXACT_DUPLICATE_SAME_NAME,2
d16153986b3769d594f3522f1169ef3ff4454c193677c1132eba8115e7591c3c,dteproveedor_7434.xml,01_Raw/SHOPIFY/Facturacion/dteproveedor_7434.xml,13062,,SHOPIFY/Facturacion,EXACT_DUPLICATE_SAME_NAME,2
d192f668b3fca5babfbb51de97a9c246768cb3c200359e9469bb3f0e79a263a9,dteproveedor_6506.xml,01_Raw/SHOPIFY/Documentos Recepcionados/dteproveedor_6506.xml,12622,,SHOPIFY/Documentos Recepcionados,EXACT_DUPLICATE_SAME_NAME,2
d192f668b3fca5babfbb51de97a9c246768cb3c200359e9469bb3f0e79a263a9,dteproveedor_6506.xml,01_Raw/SHOPIFY/Facturacion/dteproveedor_6506.xml,12622,,SHOPIFY/Facturacion,EXACT_DUPLICATE_SAME_NAME,2
d5cf250cb7134e99afb3b516e8029139bbc9e158bc49de5c028a618c03f302db,dteproveedor_7348.xml,01_Raw/SHOPIFY/Documentos Recepcionados/dteproveedor_7348.xml,13061,,SHOPIFY/Documentos Recepcionados,EXACT_DUPLICATE_SAME_NAME,2
d5cf250cb7134e99afb3b516e8029139bbc9e158bc49de5c028a618c03f302db,dteproveedor_7348.xml,01_Raw/SHOPIFY/Facturacion/dteproveedor_7348.xml,13061,,SHOPIFY/Facturacion,EXACT_DUPLICATE_SAME_NAME,2
d6520706a6814923dcd1b6c04d444a39dbb2bcfd5d71b25467b15312bdc60a2e,dteproveedor_6974.xml,01_Raw/SHOPIFY/Documentos Recepcionados/dteproveedor_6974.xml,12715,,SHOPIFY/Documentos Recepcionados,EXACT_DUPLICATE_SAME_NAME,3
d6520706a6814923dcd1b6c04d444a39dbb2bcfd5d71b25467b15312bdc60a2e,dteproveedor_6974.xml,01_Raw/SHOPIFY/Facturacion/dteproveedor_6974.xml,12715,,SHOPIFY/Facturacion,EXACT_DUPLICATE_SAME_NAME,3
d6520706a6814923dcd1b6c04d444a39dbb2bcfd5d71b25467b15312bdc60a2e,dteproveedor_6974.xml,01_Raw/ML/Documentos Recepcionados/dteproveedor_6974.xml,12715,,ML/Documentos Recepcionados,EXACT_DUPLICATE_SAME_NAME,3
d7ce4c12eea52d63702d607132d5ee8c18138222086ed0458520b27587666bf4,dteproveedor_7209.xml,01_Raw/SHOPIFY/Documentos Recepcionados/dteproveedor_7209.xml,12893,,SHOPIFY/Documentos Recepcionados,EXACT_DUPLICATE_SAME_NAME,3
d7ce4c12eea52d63702d607132d5ee8c18138222086ed0458520b27587666bf4,dteproveedor_7209.xml,01_Raw/SHOPIFY/Facturacion/dteproveedor_7209.xml,12893,,SHOPIFY/Facturacion,EXACT_DUPLICATE_SAME_NAME,3
d7ce4c12eea52d63702d607132d5ee8c18138222086ed0458520b27587666bf4,dteproveedor_7209.xml,01_Raw/ML/Documentos Recepcionados/dteproveedor_7209.xml,12893,,ML/Documentos Recepcionados,EXACT_DUPLICATE_SAME_NAME,3
d907762b24bcb40c71b88ab331053eabd6ab8d083ead0d60d92efb0dcac85319,dteproveedor_6842.xml,01_Raw/SHOPIFY/Documentos Recepcionados/dteproveedor_6842.xml,12892,,SHOPIFY/Documentos Recepcionados,EXACT_DUPLICATE_SAME_NAME,3
d907762b24bcb40c71b88ab331053eabd6ab8d083ead0d60d92efb0dcac85319,dteproveedor_6842.xml,01_Raw/SHOPIFY/Facturacion/dteproveedor_6842.xml,12892,,SHOPIFY/Facturacion,EXACT_DUPLICATE_SAME_NAME,3
d907762b24bcb40c71b88ab331053eabd6ab8d083ead0d60d92efb0dcac85319,dteproveedor_6842.xml,01_Raw/ML/Documentos Recepcionados/dteproveedor_6842.xml,12892,,ML/Documentos Recepcionados,EXACT_DUPLICATE_SAME_NAME,3
d96a406dabf5567cc3e44e498cec70d37f343aadc9d2739cfe772c88ee3774dc,dteproveedor_7443.xml,01_Raw/SHOPIFY/Documentos Recepcionados/dteproveedor_7443.xml,12833,,SHOPIFY/Documentos Recepcionados,EXACT_DUPLICATE_SAME_NAME,2
d96a406dabf5567cc3e44e498cec70d37f343aadc9d2739cfe772c88ee3774dc,dteproveedor_7443.xml,01_Raw/SHOPIFY/Facturacion/dteproveedor_7443.xml,12833,,SHOPIFY/Facturacion,EXACT_DUPLICATE_SAME_NAME,2
db6f1642aebd4c8dad79218c5aa97a3fe7e6394bae604ae25aafb9c463638a1c,dteproveedor_7048.xml,01_Raw/SHOPIFY/Documentos Recepcionados/dteproveedor_7048.xml,12828,,SHOPIFY/Documentos Recepcionados,EXACT_DUPLICATE_SAME_NAME,2
db6f1642aebd4c8dad79218c5aa97a3fe7e6394bae604ae25aafb9c463638a1c,dteproveedor_7048.xml,01_Raw/SHOPIFY/Facturacion/dteproveedor_7048.xml,12828,,SHOPIFY/Facturacion,EXACT_DUPLICATE_SAME_NAME,2
dd56d5ed6680618d185846aaef50f6b127741281467e7a91462b24d90135a0e4,dteproveedor_7143.xml,01_Raw/SHOPIFY/Documentos Recepcionados/dteproveedor_7143.xml,13564,,SHOPIFY/Documentos Recepcionados,EXACT_DUPLICATE_SAME_NAME,3
dd56d5ed6680618d185846aaef50f6b127741281467e7a91462b24d90135a0e4,dteproveedor_7143.xml,01_Raw/SHOPIFY/Facturacion/dteproveedor_7143.xml,13564,,SHOPIFY/Facturacion,EXACT_DUPLICATE_SAME_NAME,3
dd56d5ed6680618d185846aaef50f6b127741281467e7a91462b24d90135a0e4,dteproveedor_7143.xml,01_Raw/ML/Documentos Recepcionados/dteproveedor_7143.xml,13564,,ML/Documentos Recepcionados,EXACT_DUPLICATE_SAME_NAME,3
e42878bf3161a7f80cd27ae3ff0a5004ec7ea0d32357c67a571df0db9e6be70e,dteproveedor_7315.xml,01_Raw/SHOPIFY/Documentos Recepcionados/dteproveedor_7315.xml,12833,,SHOPIFY/Documentos Recepcionados,EXACT_DUPLICATE_SAME_NAME,2
e42878bf3161a7f80cd27ae3ff0a5004ec7ea0d32357c67a571df0db9e6be70e,dteproveedor_7315.xml,01_Raw/SHOPIFY/Facturacion/dteproveedor_7315.xml,12833,,SHOPIFY/Facturacion,EXACT_DUPLICATE_SAME_NAME,2
e886cc323386192b741d5dc544d3de4142f502baccb0d011e00e337d2c62904b,dteproveedor_7361.xml,01_Raw/SHOPIFY/Documentos Recepcionados/dteproveedor_7361.xml,12889,,SHOPIFY/Documentos Recepcionados,EXACT_DUPLICATE_SAME_NAME,2
e886cc323386192b741d5dc544d3de4142f502baccb0d011e00e337d2c62904b,dteproveedor_7361.xml,01_Raw/SHOPIFY/Facturacion/dteproveedor_7361.xml,12889,,SHOPIFY/Facturacion,EXACT_DUPLICATE_SAME_NAME,2
ea326c56ca66244bde5994406ac8348f1f7a28aa5ed725ddfcdfd59ec42b4b04,dteproveedor_6839.xml,01_Raw/SHOPIFY/Documentos Recepcionados/dteproveedor_6839.xml,12934,,SHOPIFY/Documentos Recepcionados,EXACT_DUPLICATE_SAME_NAME,3
ea326c56ca66244bde5994406ac8348f1f7a28aa5ed725ddfcdfd59ec42b4b04,dteproveedor_6839.xml,01_Raw/SHOPIFY/Facturacion/dteproveedor_6839.xml,12934,,SHOPIFY/Facturacion,EXACT_DUPLICATE_SAME_NAME,3
ea326c56ca66244bde5994406ac8348f1f7a28aa5ed725ddfcdfd59ec42b4b04,dteproveedor_6839.xml,01_Raw/ML/Documentos Recepcionados/dteproveedor_6839.xml,12934,,ML/Documentos Recepcionados,EXACT_DUPLICATE_SAME_NAME,3
eb8add6cad61963b250621d98d1670777294bc139ec1f3d361b9960970db8454,dteproveedor_7442.xml,01_Raw/SHOPIFY/Documentos Recepcionados/dteproveedor_7442.xml,12828,,SHOPIFY/Documentos Recepcionados,EXACT_DUPLICATE_SAME_NAME,2
eb8add6cad61963b250621d98d1670777294bc139ec1f3d361b9960970db8454,dteproveedor_7442.xml,01_Raw/SHOPIFY/Facturacion/dteproveedor_7442.xml,12828,,SHOPIFY/Facturacion,EXACT_DUPLICATE_SAME_NAME,2
f40a39b14acec91295d624870fbb74c6ae8126cfc2e4a7611a2e3f3dcb0631be,dteproveedor_7404.xml,01_Raw/SHOPIFY/Documentos Recepcionados/dteproveedor_7404.xml,14064,,SHOPIFY/Documentos Recepcionados,EXACT_DUPLICATE_SAME_NAME,3
f40a39b14acec91295d624870fbb74c6ae8126cfc2e4a7611a2e3f3dcb0631be,dteproveedor_7404.xml,01_Raw/SHOPIFY/Facturacion/dteproveedor_7404.xml,14064,,SHOPIFY/Facturacion,EXACT_DUPLICATE_SAME_NAME,3
f40a39b14acec91295d624870fbb74c6ae8126cfc2e4a7611a2e3f3dcb0631be,dteproveedor_7404.xml,01_Raw/ML/Documentos Recepcionados/dteproveedor_7404.xml,14064,,ML/Documentos Recepcionados,EXACT_DUPLICATE_SAME_NAME,3
f54aa335cc9cfdf004f55de19e868ea3c8c3a874959142026a542b5e8c31810d,dteproveedor_7157.xml,01_Raw/SHOPIFY/Documentos Recepcionados/dteproveedor_7157.xml,12944,,SHOPIFY/Documentos Recepcionados,EXACT_DUPLICATE_SAME_NAME,3
f54aa335cc9cfdf004f55de19e868ea3c8c3a874959142026a542b5e8c31810d,dteproveedor_7157.xml,01_Raw/SHOPIFY/Facturacion/dteproveedor_7157.xml,12944,,SHOPIFY/Facturacion,EXACT_DUPLICATE_SAME_NAME,3
f54aa335cc9cfdf004f55de19e868ea3c8c3a874959142026a542b5e8c31810d,dteproveedor_7157.xml,01_Raw/ML/Documentos Recepcionados/dteproveedor_7157.xml,12944,,ML/Documentos Recepcionados,EXACT_DUPLICATE_SAME_NAME,3
f54ff31d32f573b9f8111a625510b5423b796df226b06f558d1e53d3aede1a77,dteproveedor_5821.xml,01_Raw/SHOPIFY/Documentos Recepcionados/dteproveedor_5821.xml,12804,,SHOPIFY/Documentos Recepcionados,EXACT_DUPLICATE_SAME_NAME,2
f54ff31d32f573b9f8111a625510b5423b796df226b06f558d1e53d3aede1a77,dteproveedor_5821.xml,01_Raw/SHOPIFY/Facturacion/dteproveedor_5821.xml,12804,,SHOPIFY/Facturacion,EXACT_DUPLICATE_SAME_NAME,2
f70511fce33fde3578fab764e79085ff43521d71d36357ccd3262dd4be07ebf5,dteproveedor_7206.xml,01_Raw/SHOPIFY/Documentos Recepcionados/dteproveedor_7206.xml,12698,,SHOPIFY/Documentos Recepcionados,EXACT_DUPLICATE_SAME_NAME,3
f70511fce33fde3578fab764e79085ff43521d71d36357ccd3262dd4be07ebf5,dteproveedor_7206.xml,01_Raw/SHOPIFY/Facturacion/dteproveedor_7206.xml,12698,,SHOPIFY/Facturacion,EXACT_DUPLICATE_SAME_NAME,3
f70511fce33fde3578fab764e79085ff43521d71d36357ccd3262dd4be07ebf5,dteproveedor_7206.xml,01_Raw/ML/Documentos Recepcionados/dteproveedor_7206.xml,12698,,ML/Documentos Recepcionados,EXACT_DUPLICATE_SAME_NAME,3
f9795e6f4086490bff17c2fe6d59a75516fd1674cf7f8422f4ad1c64d8743cce,dteproveedor_7091.xml,01_Raw/SHOPIFY/Documentos Recepcionados/dteproveedor_7091.xml,12921,,SHOPIFY/Documentos Recepcionados,EXACT_DUPLICATE_SAME_NAME,3
f9795e6f4086490bff17c2fe6d59a75516fd1674cf7f8422f4ad1c64d8743cce,dteproveedor_7091.xml,01_Raw/SHOPIFY/Facturacion/dteproveedor_7091.xml,12921,,SHOPIFY/Facturacion,EXACT_DUPLICATE_SAME_NAME,3
f9795e6f4086490bff17c2fe6d59a75516fd1674cf7f8422f4ad1c64d8743cce,dteproveedor_7091.xml,01_Raw/ML/Documentos Recepcionados/dteproveedor_7091.xml,12921,,ML/Documentos Recepcionados,EXACT_DUPLICATE_SAME_NAME,3
fdc4e62f5db1728c6e6bc91b1fa4fd0f3768ff161186b165648537b615b9200f,dteproveedor_5595.xml,01_Raw/SHOPIFY/Documentos Recepcionados/dteproveedor_5595.xml,12597,,SHOPIFY/Documentos Recepcionados,EXACT_DUPLICATE_SAME_NAME,2
fdc4e62f5db1728c6e6bc91b1fa4fd0f3768ff161186b165648537b615b9200f,dteproveedor_5595.xml,01_Raw/SHOPIFY/Facturacion/dteproveedor_5595.xml,12597,,SHOPIFY/Facturacion,EXACT_DUPLICATE_SAME_NAME,2
fe2793927d842df3e2deaa224a380311610ba7c5455e3f4bf74effffabd80466,dteproveedor_6840.xml,01_Raw/SHOPIFY/Documentos Recepcionados/dteproveedor_6840.xml,12926,,SHOPIFY/Documentos Recepcionados,EXACT_DUPLICATE_SAME_NAME,3
fe2793927d842df3e2deaa224a380311610ba7c5455e3f4bf74effffabd80466,dteproveedor_6840.xml,01_Raw/SHOPIFY/Facturacion/dteproveedor_6840.xml,12926,,SHOPIFY/Facturacion,EXACT_DUPLICATE_SAME_NAME,3
fe2793927d842df3e2deaa224a380311610ba7c5455e3f4bf74effffabd80466,dteproveedor_6840.xml,01_Raw/ML/Documentos Recepcionados/dteproveedor_6840.xml,12926,,ML/Documentos Recepcionados,EXACT_DUPLICATE_SAME_NAME,3
