sha256,current_source,historical_source,classification
00ba379aae87,01_Raw/ML/Documentos Recepcionados/dteproveedor_7309.xml,01_Raw/SHOPIFY/Documentos Recepcionados/dteproveedor_7309.xml,EXACT_DUPLICATE
00ba379aae87,01_Raw/ML/Documentos Recepcionados/dteproveedor_7309.xml,01_Raw/SHOPIFY/Facturacion/dteproveedor_7309.xml,EXACT_DUPLICATE
04b73dc4f584,01_Raw/SHOPIFY/Documentos Recepcionados/dteproveedor_7314.xml,01_Raw/SHOPIFY/Facturacion/dteproveedor_7314.xml,EXACT_DUPLICATE
05297199e649,01_Raw/ML/Documentos Recepcionados/dteproveedor_7256.xml,01_Raw/SHOPIFY/Documentos Recepcionados/dteproveedor_7256.xml,EXACT_DUPLICATE
05297199e649,01_Raw/ML/Documentos Recepcionados/dteproveedor_7256.xml,01_Raw/SHOPIFY/Facturacion/dteproveedor_7256.xml,EXACT_DUPLICATE
0919adf8ac74,01_Raw/SHOPIFY/Documentos Recepcionados/dteproveedor_7349.xml,01_Raw/SHOPIFY/Facturacion/dteproveedor_7349.xml,EXACT_DUPLICATE
0dbbe9f3310a,01_Raw/SHOPIFY/Documentos Recepcionados/dteproveedor_5820.xml,01_Raw/SHOPIFY/Facturacion/dteproveedor_5820.xml,EXACT_DUPLICATE
1142009ad688,01_Raw/ML/Documentos Recepcionados/dteproveedor_7276.xml,01_Raw/SHOPIFY/Documentos Recepcionados/dteproveedor_7276.xml,EXACT_DUPLICATE
1142009ad688,01_Raw/ML/Documentos Recepcionados/dteproveedor_7276.xml,01_Raw/SHOPIFY/Facturacion/dteproveedor_7276.xml,EXACT_DUPLICATE
13fe9f3902c8,01_Raw/ML/Documentos Recepcionados/dteproveedor_6871.xml,01_Raw/SHOPIFY/Documentos Recepcionados/dteproveedor_6871.xml,EXACT_DUPLICATE
13fe9f3902c8,01_Raw/ML/Documentos Recepcionados/dteproveedor_6871.xml,01_Raw/SHOPIFY/Facturacion/dteproveedor_6871.xml,EXACT_DUPLICATE
160bcf52e8d9,01_Raw/SHOPIFY/Documentos Recepcionados/dteproveedor_7435.xml,01_Raw/SHOPIFY/Facturacion/dteproveedor_7435.xml,EXACT_DUPLICATE
178e1ef35727,01_Raw/SHOPIFY/Documentos Recepcionados/dteproveedor_7403.xml,01_Raw/SHOPIFY/Facturacion/dteproveedor_7403.xml,EXACT_DUPLICATE
1c04f25e9d9a,01_Raw/ML/Documentos Recepcionados/dteproveedor_7109.xml,01_Raw/SHOPIFY/Documentos Recepcionados/dteproveedor_7109.xml,EXACT_DUPLICATE
1c04f25e9d9a,01_Raw/ML/Documentos Recepcionados/dteproveedor_7109.xml,01_Raw/SHOPIFY/Facturacion/dteproveedor_7109.xml,EXACT_DUPLICATE
2072edaaa993,01_Raw/ML/Documentos Recepcionados/dteproveedor_6983.xml,01_Raw/SHOPIFY/Documentos Recepcionados/dteproveedor_6983.xml,EXACT_DUPLICATE
2072edaaa993,01_Raw/ML/Documentos Recepcionados/dteproveedor_6983.xml,01_Raw/SHOPIFY/Facturacion/dteproveedor_6983.xml,EXACT_DUPLICATE
24486ece0152,01_Raw/SHOPIFY/Documentos Recepcionados/dteproveedor_5603.xml,01_Raw/SHOPIFY/Facturacion/dteproveedor_5603.xml,EXACT_DUPLICATE
25276011e7d7,01_Raw/ML/Documentos Recepcionados/dteproveedor_7210.xml,01_Raw/SHOPIFY/Documentos Recepcionados/dteproveedor_7210.xml,EXACT_DUPLICATE
25276011e7d7,01_Raw/ML/Documentos Recepcionados/dteproveedor_7210.xml,01_Raw/SHOPIFY/Facturacion/dteproveedor_7210.xml,EXACT_DUPLICATE
2a1f0774d2a7,01_Raw/ML/Documentos Recepcionados/dteproveedor_7208.xml,01_Raw/SHOPIFY/Documentos Recepcionados/dteproveedor_7208.xml,EXACT_DUPLICATE
2a1f0774d2a7,01_Raw/ML/Documentos Recepcionados/dteproveedor_7208.xml,01_Raw/SHOPIFY/Facturacion/dteproveedor_7208.xml,EXACT_DUPLICATE
2b570882a401,01_Raw/SHOPIFY/Documentos Recepcionados/dteproveedor_6275.xml,01_Raw/SHOPIFY/Facturacion/dteproveedor_6275.xml,EXACT_DUPLICATE
31740dbef789,01_Raw/SHOPIFY/Documentos Recepcionados/dteproveedor_6273.xml,01_Raw/SHOPIFY/Facturacion/dteproveedor_6273.xml,EXACT_DUPLICATE
31f8479a2cbc,01_Raw/ML/Documentos Recepcionados/dteproveedor_7015.xml,01_Raw/SHOPIFY/Documentos Recepcionados/dteproveedor_7015.xml,EXACT_DUPLICATE
31f8479a2cbc,01_Raw/ML/Documentos Recepcionados/dteproveedor_7015.xml,01_Raw/SHOPIFY/Facturacion/dteproveedor_7015.xml,EXACT_DUPLICATE
385e4bde895d,01_Raw/ML/Documentos Recepcionados/dteproveedor_6992.xml,01_Raw/SHOPIFY/Documentos Recepcionados/dteproveedor_6992.xml,EXACT_DUPLICATE
385e4bde895d,01_Raw/ML/Documentos Recepcionados/dteproveedor_6992.xml,01_Raw/SHOPIFY/Facturacion/dteproveedor_6992.xml,EXACT_DUPLICATE
3a62209067f9,01_Raw/ML/Documentos Recepcionados/dteproveedor_7086.xml,01_Raw/SHOPIFY/Documentos Recepcionados/dteproveedor_7086.xml,EXACT_DUPLICATE
3a62209067f9,01_Raw/ML/Documentos Recepcionados/dteproveedor_7086.xml,01_Raw/SHOPIFY/Facturacion/dteproveedor_7086.xml,EXACT_DUPLICATE
3a6a8b935558,01_Raw/SHOPIFY/Documentos Recepcionados/dteproveedor_5924.xml,01_Raw/SHOPIFY/Facturacion/dteproveedor_5924.xml,EXACT_DUPLICATE
3ad05a329175,01_Raw/SHOPIFY/Documentos Recepcionados/dteproveedor_6392.xml,01_Raw/SHOPIFY/Facturacion/dteproveedor_6392.xml,EXACT_DUPLICATE
4095646a9220,01_Raw/SHOPIFY/Documentos Recepcionados/dteproveedor_5601.xml,01_Raw/SHOPIFY/Facturacion/dteproveedor_5601.xml,EXACT_DUPLICATE
45d8ec0857c7,01_Raw/ML/Documentos Recepcionados/dteproveedor_7089.xml,01_Raw/SHOPIFY/Documentos Recepcionados/dteproveedor_7089.xml,EXACT_DUPLICATE
45d8ec0857c7,01_Raw/ML/Documentos Recepcionados/dteproveedor_7089.xml,01_Raw/SHOPIFY/Facturacion/dteproveedor_7089.xml,EXACT_DUPLICATE
46446fc3986c,01_Raw/ML/Documentos Recepcionados/dteproveedor_6841.xml,01_Raw/SHOPIFY/Documentos Recepcionados/dteproveedor_6841.xml,EXACT_DUPLICATE
46446fc3986c,01_Raw/ML/Documentos Recepcionados/dteproveedor_6841.xml,01_Raw/SHOPIFY/Facturacion/dteproveedor_6841.xml,EXACT_DUPLICATE
4dba15c29cde,01_Raw/SHOPIFY/Documentos Recepcionados/dteproveedor_7356.xml,01_Raw/SHOPIFY/Facturacion/dteproveedor_7356.xml,EXACT_DUPLICATE
4f410cfb0c08,01_Raw/ML/Documentos Recepcionados/dteproveedor_7047.xml,01_Raw/SHOPIFY/Documentos Recepcionados/dteproveedor_7047.xml,EXACT_DUPLICATE
4f410cfb0c08,01_Raw/ML/Documentos Recepcionados/dteproveedor_7047.xml,01_Raw/SHOPIFY/Facturacion/dteproveedor_7047.xml,EXACT_DUPLICATE
508dfa0fdffb,01_Raw/ML/Documentos Recepcionados/dteproveedor_7090.xml,01_Raw/SHOPIFY/Documentos Recepcionados/dteproveedor_7090.xml,EXACT_DUPLICATE
508dfa0fdffb,01_Raw/ML/Documentos Recepcionados/dteproveedor_7090.xml,01_Raw/SHOPIFY/Facturacion/dteproveedor_7090.xml,EXACT_DUPLICATE
51e1f49c599e,01_Raw/SHOPIFY/Documentos Recepcionados/dteproveedor_5706.xml,01_Raw/SHOPIFY/Facturacion/dteproveedor_5706.xml,EXACT_DUPLICATE
5504915f03df,01_Raw/SHOPIFY/Documentos Recepcionados/dteproveedor_6764.xml,01_Raw/SHOPIFY/Facturacion/dteproveedor_6764.xml,EXACT_DUPLICATE
56c2efd771df,01_Raw/ML/Documentos Recepcionados/dteproveedor_6771.xml,01_Raw/SHOPIFY/Documentos Recepcionados/dteproveedor_6771.xml,EXACT_DUPLICATE
56c2efd771df,01_Raw/ML/Documentos Recepcionados/dteproveedor_6771.xml,01_Raw/SHOPIFY/Facturacion/dteproveedor_6771.xml,EXACT_DUPLICATE
56f807652c9e,01_Raw/SHOPIFY/Documentos Recepcionados/dteproveedor_6614.xml,01_Raw/SHOPIFY/Facturacion/dteproveedor_6614.xml,EXACT_DUPLICATE
58d8788c714e,01_Raw/SHOPIFY/Documentos Recepcionados/dteproveedor_6763.xml,01_Raw/SHOPIFY/Facturacion/dteproveedor_6763.xml,EXACT_DUPLICATE
599796196096,01_Raw/SHOPIFY/Documentos Recepcionados/dteproveedor_6274.xml,01_Raw/SHOPIFY/Facturacion/dteproveedor_6274.xml,EXACT_DUPLICATE
5a9bb483f32a,01_Raw/ML/Documentos Recepcionados/dteproveedor_6923.xml,01_Raw/SHOPIFY/Documentos Recepcionados/dteproveedor_6923.xml,EXACT_DUPLICATE
5a9bb483f32a,01_Raw/ML/Documentos Recepcionados/dteproveedor_6923.xml,01_Raw/SHOPIFY/Facturacion/dteproveedor_6923.xml,EXACT_DUPLICATE
5c357639b0c7,01_Raw/ML/Documentos Recepcionados/dteproveedor_7078.xml,01_Raw/SHOPIFY/Documentos Recepcionados/dteproveedor_7078.xml,EXACT_DUPLICATE
5c357639b0c7,01_Raw/ML/Documentos Recepcionados/dteproveedor_7078.xml,01_Raw/SHOPIFY/Facturacion/dteproveedor_7078.xml,EXACT_DUPLICATE
5f9510bdbd63,01_Raw/ML/Documentos Recepcionados/dteproveedor_7265.xml,01_Raw/SHOPIFY/Documentos Recepcionados/dteproveedor_7265.xml,EXACT_DUPLICATE
5f9510bdbd63,01_Raw/ML/Documentos Recepcionados/dteproveedor_7265.xml,01_Raw/SHOPIFY/Facturacion/dteproveedor_7265.xml,EXACT_DUPLICATE
65f1657b7ab0,01_Raw/ML/Documentos Recepcionados/dteproveedor_6917.xml,01_Raw/SHOPIFY/Documentos Recepcionados/dteproveedor_6917.xml,EXACT_DUPLICATE
65f1657b7ab0,01_Raw/ML/Documentos Recepcionados/dteproveedor_6917.xml,01_Raw/SHOPIFY/Facturacion/dteproveedor_6917.xml,EXACT_DUPLICATE
6babeb7b16c6,01_Raw/SHOPIFY/Documentos Recepcionados/dteproveedor_5818.xml,01_Raw/SHOPIFY/Facturacion/dteproveedor_5818.xml,EXACT_DUPLICATE
6c90d58b4a9c,01_Raw/SHOPIFY/Documentos Recepcionados/dteproveedor_7312.xml,01_Raw/SHOPIFY/Facturacion/dteproveedor_7312.xml,EXACT_DUPLICATE
6ed46e65aa65,01_Raw/SHOPIFY/Documentos Recepcionados/dteproveedor_7169.xml,01_Raw/SHOPIFY/Facturacion/dteproveedor_7169.xml,EXACT_DUPLICATE
70b23e8b78dd,01_Raw/SHOPIFY/Documentos Recepcionados/dteproveedor_5600.xml,01_Raw/SHOPIFY/Facturacion/dteproveedor_5600.xml,EXACT_DUPLICATE
72af37429dc8,01_Raw/SHOPIFY/Documentos Recepcionados/dteproveedor_6921.xml,01_Raw/SHOPIFY/Facturacion/dteproveedor_6921.xml,EXACT_DUPLICATE
738854430c18,01_Raw/ML/Documentos Recepcionados/dteproveedor_6966.xml,01_Raw/SHOPIFY/Documentos Recepcionados/dteproveedor_6966.xml,EXACT_DUPLICATE
738854430c18,01_Raw/ML/Documentos Recepcionados/dteproveedor_6966.xml,01_Raw/SHOPIFY/Facturacion/dteproveedor_6966.xml,EXACT_DUPLICATE
74eca0c1c78a,01_Raw/ML/Documentos Recepcionados/dteproveedor_6887.xml,01_Raw/SHOPIFY/Documentos Recepcionados/dteproveedor_6887.xml,EXACT_DUPLICATE
74eca0c1c78a,01_Raw/ML/Documentos Recepcionados/dteproveedor_6887.xml,01_Raw/SHOPIFY/Facturacion/dteproveedor_6887.xml,EXACT_DUPLICATE
76da8ce20ec9,01_Raw/ML/Documentos Recepcionados/dteproveedor_7093.xml,01_Raw/SHOPIFY/Documentos Recepcionados/dteproveedor_7093.xml,EXACT_DUPLICATE
76da8ce20ec9,01_Raw/ML/Documentos Recepcionados/dteproveedor_7093.xml,01_Raw/SHOPIFY/Facturacion/dteproveedor_7093.xml,EXACT_DUPLICATE
77bc26c343e9,01_Raw/SHOPIFY/Documentos Recepcionados/dteproveedor_7046.xml,01_Raw/SHOPIFY/Facturacion/dteproveedor_7046.xml,EXACT_DUPLICATE
784a08d605eb,01_Raw/SHOPIFY/Documentos Recepcionados/dteproveedor_7317.xml,01_Raw/SHOPIFY/Facturacion/dteproveedor_7317.xml,EXACT_DUPLICATE
7b17d93dbeba,01_Raw/SHOPIFY/Documentos Recepcionados/dteproveedor_5599.xml,01_Raw/SHOPIFY/Facturacion/dteproveedor_5599.xml,EXACT_DUPLICATE
7d20deb55586,01_Raw/ML/Documentos Recepcionados/dteproveedor_6838.xml,01_Raw/SHOPIFY/Documentos Recepcionados/dteproveedor_6838.xml,EXACT_DUPLICATE
7d20deb55586,01_Raw/ML/Documentos Recepcionados/dteproveedor_6838.xml,01_Raw/SHOPIFY/Facturacion/dteproveedor_6838.xml,EXACT_DUPLICATE
7e17849d7915,01_Raw/SHOPIFY/Documentos Recepcionados/dteproveedor_6271.xml,01_Raw/SHOPIFY/Facturacion/dteproveedor_6271.xml,EXACT_DUPLICATE
7ed01c55ac7b,01_Raw/SHOPIFY/Documentos Recepcionados/dteproveedor_5707.xml,01_Raw/SHOPIFY/Facturacion/dteproveedor_5707.xml,EXACT_DUPLICATE
7f679bbadbf1,01_Raw/SHOPIFY/Documentos Recepcionados/dteproveedor_7177.xml,01_Raw/SHOPIFY/Facturacion/dteproveedor_7177.xml,EXACT_DUPLICATE
7f6911bcc3e8,01_Raw/SHOPIFY/Documentos Recepcionados/dteproveedor_5480.xml,01_Raw/SHOPIFY/Facturacion/dteproveedor_5480.xml,EXACT_DUPLICATE
8284f33b1fb6,01_Raw/SHOPIFY/Documentos Recepcionados/dteproveedor_5479.xml,01_Raw/SHOPIFY/Facturacion/dteproveedor_5479.xml,EXACT_DUPLICATE
842cf674ad0d,01_Raw/ML/Documentos Recepcionados/dteproveedor_7281.xml,01_Raw/SHOPIFY/Documentos Recepcionados/dteproveedor_7281.xml,EXACT_DUPLICATE
842cf674ad0d,01_Raw/ML/Documentos Recepcionados/dteproveedor_7281.xml,01_Raw/SHOPIFY/Facturacion/dteproveedor_7281.xml,EXACT_DUPLICATE
86907a3b3d1c,01_Raw/SHOPIFY/Documentos Recepcionados/dteproveedor_6040.xml,01_Raw/SHOPIFY/Facturacion/dteproveedor_6040.xml,EXACT_DUPLICATE
86b40d001757,01_Raw/SHOPIFY/Documentos Recepcionados/dteproveedor_6508.xml,01_Raw/SHOPIFY/Facturacion/dteproveedor_6508.xml,EXACT_DUPLICATE
8715af268506,01_Raw/SHOPIFY/Documentos Recepcionados/dteproveedor_6765.xml,01_Raw/SHOPIFY/Facturacion/dteproveedor_6765.xml,EXACT_DUPLICATE
875b3c66dd81,01_Raw/SHOPIFY/Documentos Recepcionados/dteproveedor_5478.xml,01_Raw/SHOPIFY/Facturacion/dteproveedor_5478.xml,EXACT_DUPLICATE
8fa833ace202,01_Raw/SHOPIFY/Documentos Recepcionados/dteproveedor_5598.xml,01_Raw/SHOPIFY/Facturacion/dteproveedor_5598.xml,EXACT_DUPLICATE
9140feb76baf,01_Raw/SHOPIFY/Documentos Recepcionados/dteproveedor_7355.xml,01_Raw/SHOPIFY/Facturacion/dteproveedor_7355.xml,EXACT_DUPLICATE
91db190f13fb,01_Raw/SHOPIFY/Documentos Recepcionados/dteproveedor_6619.xml,01_Raw/SHOPIFY/Facturacion/dteproveedor_6619.xml,EXACT_DUPLICATE
91dbc7799177,01_Raw/ML/Documentos Recepcionados/dteproveedor_7186.xml,01_Raw/SHOPIFY/Documentos Recepcionados/dteproveedor_7186.xml,EXACT_DUPLICATE
91dbc7799177,01_Raw/ML/Documentos Recepcionados/dteproveedor_7186.xml,01_Raw/SHOPIFY/Facturacion/dteproveedor_7186.xml,EXACT_DUPLICATE
94e4e5c04766,01_Raw/ML/Documentos Recepcionados/dteproveedor_7168.xml,01_Raw/SHOPIFY/Documentos Recepcionados/dteproveedor_7168.xml,EXACT_DUPLICATE
94e4e5c04766,01_Raw/ML/Documentos Recepcionados/dteproveedor_7168.xml,01_Raw/SHOPIFY/Facturacion/dteproveedor_7168.xml,EXACT_DUPLICATE
95a6857d5777,01_Raw/ML/Documentos Recepcionados/dteproveedor_7042.xml,01_Raw/SHOPIFY/Documentos Recepcionados/dteproveedor_7042.xml,EXACT_DUPLICATE
95a6857d5777,01_Raw/ML/Documentos Recepcionados/dteproveedor_7042.xml,01_Raw/SHOPIFY/Facturacion/dteproveedor_7042.xml,EXACT_DUPLICATE
9703fbc80a40,01_Raw/ML/Documentos Recepcionados/dteproveedor_7128.xml,01_Raw/SHOPIFY/Documentos Recepcionados/dteproveedor_7128.xml,EXACT_DUPLICATE
9703fbc80a40,01_Raw/ML/Documentos Recepcionados/dteproveedor_7128.xml,01_Raw/SHOPIFY/Facturacion/dteproveedor_7128.xml,EXACT_DUPLICATE
97742ef30fee,01_Raw/SHOPIFY/Documentos Recepcionados/dteproveedor_6037.xml,01_Raw/SHOPIFY/Facturacion/dteproveedor_6037.xml,EXACT_DUPLICATE
991cbdef83d7,01_Raw/ML/Documentos Recepcionados/dteproveedor_6982.xml,01_Raw/SHOPIFY/Documentos Recepcionados/dteproveedor_6982.xml,EXACT_DUPLICATE
991cbdef83d7,01_Raw/ML/Documentos Recepcionados/dteproveedor_6982.xml,01_Raw/SHOPIFY/Facturacion/dteproveedor_6982.xml,EXACT_DUPLICATE
99fad679c348,01_Raw/ML/Documentos Recepcionados/dteproveedor_7207.xml,01_Raw/SHOPIFY/Documentos Recepcionados/dteproveedor_7207.xml,EXACT_DUPLICATE
99fad679c348,01_Raw/ML/Documentos Recepcionados/dteproveedor_7207.xml,01_Raw/SHOPIFY/Facturacion/dteproveedor_7207.xml,EXACT_DUPLICATE
9ccafbc91b3b,01_Raw/ML/Documentos Recepcionados/dteproveedor_6837.xml,01_Raw/SHOPIFY/Documentos Recepcionados/dteproveedor_6837.xml,EXACT_DUPLICATE
9ccafbc91b3b,01_Raw/ML/Documentos Recepcionados/dteproveedor_6837.xml,01_Raw/SHOPIFY/Facturacion/dteproveedor_6837.xml,EXACT_DUPLICATE
9d35480dd1cf,01_Raw/ML/Documentos Recepcionados/dteproveedor_7330.xml,01_Raw/SHOPIFY/Documentos Recepcionados/dteproveedor_7330.xml,EXACT_DUPLICATE
9d35480dd1cf,01_Raw/ML/Documentos Recepcionados/dteproveedor_7330.xml,01_Raw/SHOPIFY/Facturacion/dteproveedor_7330.xml,EXACT_DUPLICATE
a009bf51f7f1,01_Raw/ML/Documentos Recepcionados/dteproveedor_6981.xml,01_Raw/SHOPIFY/Documentos Recepcionados/dteproveedor_6981.xml,EXACT_DUPLICATE
a009bf51f7f1,01_Raw/ML/Documentos Recepcionados/dteproveedor_6981.xml,01_Raw/SHOPIFY/Facturacion/dteproveedor_6981.xml,EXACT_DUPLICATE
a10b0f41570c,01_Raw/ML/Documentos Recepcionados/dteproveedor_6980.xml,01_Raw/SHOPIFY/Documentos Recepcionados/dteproveedor_6980.xml,EXACT_DUPLICATE
a10b0f41570c,01_Raw/ML/Documentos Recepcionados/dteproveedor_6980.xml,01_Raw/SHOPIFY/Facturacion/dteproveedor_6980.xml,EXACT_DUPLICATE
a33dcae97e74,01_Raw/SHOPIFY/Documentos Recepcionados/dteproveedor_5925.xml,01_Raw/SHOPIFY/Facturacion/dteproveedor_5925.xml,EXACT_DUPLICATE
a4005f61ef13,01_Raw/SHOPIFY/Documentos Recepcionados/dteproveedor_6039.xml,01_Raw/SHOPIFY/Facturacion/dteproveedor_6039.xml,EXACT_DUPLICATE
a72a8fd85b20,01_Raw/ML/Documentos Recepcionados/dteproveedor_7402.xml,01_Raw/SHOPIFY/Documentos Recepcionados/dteproveedor_7402.xml,EXACT_DUPLICATE
a72a8fd85b20,01_Raw/ML/Documentos Recepcionados/dteproveedor_7402.xml,01_Raw/SHOPIFY/Facturacion/dteproveedor_7402.xml,EXACT_DUPLICATE
aa3b419df9b9,01_Raw/SHOPIFY/Documentos Recepcionados/dteproveedor_5602.xml,01_Raw/SHOPIFY/Facturacion/dteproveedor_5602.xml,EXACT_DUPLICATE
ab04a583a388,01_Raw/SHOPIFY/Documentos Recepcionados/dteproveedor_5701.xml,01_Raw/SHOPIFY/Facturacion/dteproveedor_5701.xml,EXACT_DUPLICATE
ab2f23278aa7,01_Raw/SHOPIFY/Documentos Recepcionados/dteproveedor_6154.xml,01_Raw/SHOPIFY/Facturacion/dteproveedor_6154.xml,EXACT_DUPLICATE
ae18ed2495bd,01_Raw/SHOPIFY/Documentos Recepcionados/dteproveedor_6507.xml,01_Raw/SHOPIFY/Facturacion/dteproveedor_6507.xml,EXACT_DUPLICATE
afea4ab68357,01_Raw/SHOPIFY/Documentos Recepcionados/dteproveedor_5819.xml,01_Raw/SHOPIFY/Facturacion/dteproveedor_5819.xml,EXACT_DUPLICATE
b0436f73f4ad,01_Raw/SHOPIFY/Documentos Recepcionados/dteproveedor_7381.xml,01_Raw/SHOPIFY/Facturacion/dteproveedor_7381.xml,EXACT_DUPLICATE
b21752f131e7,01_Raw/SHOPIFY/Documentos Recepcionados/dteproveedor_5926.xml,01_Raw/SHOPIFY/Facturacion/dteproveedor_5926.xml,EXACT_DUPLICATE
b9366dda1a0e,01_Raw/SHOPIFY/Documentos Recepcionados/dteproveedor_6152.xml,01_Raw/SHOPIFY/Facturacion/dteproveedor_6152.xml,EXACT_DUPLICATE
bae255689e22,01_Raw/SHOPIFY/Documentos Recepcionados/dteproveedor_5477.xml,01_Raw/SHOPIFY/Facturacion/dteproveedor_5477.xml,EXACT_DUPLICATE
c391204f1e79,01_Raw/SHOPIFY/Documentos Recepcionados/dteproveedor_6620.xml,01_Raw/SHOPIFY/Facturacion/dteproveedor_6620.xml,EXACT_DUPLICATE
c51b6a285917,01_Raw/ML/Documentos Recepcionados/dteproveedor_7136.xml,01_Raw/SHOPIFY/Documentos Recepcionados/dteproveedor_7136.xml,EXACT_DUPLICATE
c51b6a285917,01_Raw/ML/Documentos Recepcionados/dteproveedor_7136.xml,01_Raw/SHOPIFY/Facturacion/dteproveedor_7136.xml,EXACT_DUPLICATE
c7392812540f,01_Raw/SHOPIFY/Documentos Recepcionados/dteproveedor_6922.xml,01_Raw/SHOPIFY/Facturacion/dteproveedor_6922.xml,EXACT_DUPLICATE
cad262bfba5b,01_Raw/SHOPIFY/Documentos Recepcionados/dteproveedor_7353.xml,01_Raw/SHOPIFY/Facturacion/dteproveedor_7353.xml,EXACT_DUPLICATE
cbbf2fef0339,01_Raw/ML/Documentos Recepcionados/dteproveedor_7155.xml,01_Raw/SHOPIFY/Documentos Recepcionados/dteproveedor_7155.xml,EXACT_DUPLICATE
cbbf2fef0339,01_Raw/ML/Documentos Recepcionados/dteproveedor_7155.xml,01_Raw/SHOPIFY/Facturacion/dteproveedor_7155.xml,EXACT_DUPLICATE
d16153986b37,01_Raw/SHOPIFY/Documentos Recepcionados/dteproveedor_7434.xml,01_Raw/SHOPIFY/Facturacion/dteproveedor_7434.xml,EXACT_DUPLICATE
d192f668b3fc,01_Raw/SHOPIFY/Documentos Recepcionados/dteproveedor_6506.xml,01_Raw/SHOPIFY/Facturacion/dteproveedor_6506.xml,EXACT_DUPLICATE
d5cf250cb713,01_Raw/SHOPIFY/Documentos Recepcionados/dteproveedor_7348.xml,01_Raw/SHOPIFY/Facturacion/dteproveedor_7348.xml,EXACT_DUPLICATE
d6520706a681,01_Raw/ML/Documentos Recepcionados/dteproveedor_6974.xml,01_Raw/SHOPIFY/Documentos Recepcionados/dteproveedor_6974.xml,EXACT_DUPLICATE
d6520706a681,01_Raw/ML/Documentos Recepcionados/dteproveedor_6974.xml,01_Raw/SHOPIFY/Facturacion/dteproveedor_6974.xml,EXACT_DUPLICATE
d7ce4c12eea5,01_Raw/ML/Documentos Recepcionados/dteproveedor_7209.xml,01_Raw/SHOPIFY/Documentos Recepcionados/dteproveedor_7209.xml,EXACT_DUPLICATE
d7ce4c12eea5,01_Raw/ML/Documentos Recepcionados/dteproveedor_7209.xml,01_Raw/SHOPIFY/Facturacion/dteproveedor_7209.xml,EXACT_DUPLICATE
d907762b24bc,01_Raw/ML/Documentos Recepcionados/dteproveedor_6842.xml,01_Raw/SHOPIFY/Documentos Recepcionados/dteproveedor_6842.xml,EXACT_DUPLICATE
d907762b24bc,01_Raw/ML/Documentos Recepcionados/dteproveedor_6842.xml,01_Raw/SHOPIFY/Facturacion/dteproveedor_6842.xml,EXACT_DUPLICATE
d96a406dabf5,01_Raw/SHOPIFY/Documentos Recepcionados/dteproveedor_7443.xml,01_Raw/SHOPIFY/Facturacion/dteproveedor_7443.xml,EXACT_DUPLICATE
db6f1642aebd,01_Raw/SHOPIFY/Documentos Recepcionados/dteproveedor_7048.xml,01_Raw/SHOPIFY/Facturacion/dteproveedor_7048.xml,EXACT_DUPLICATE
dd56d5ed6680,01_Raw/ML/Documentos Recepcionados/dteproveedor_7143.xml,01_Raw/SHOPIFY/Documentos Recepcionados/dteproveedor_7143.xml,EXACT_DUPLICATE
dd56d5ed6680,01_Raw/ML/Documentos Recepcionados/dteproveedor_7143.xml,01_Raw/SHOPIFY/Facturacion/dteproveedor_7143.xml,EXACT_DUPLICATE
e42878bf3161,01_Raw/SHOPIFY/Documentos Recepcionados/dteproveedor_7315.xml,01_Raw/SHOPIFY/Facturacion/dteproveedor_7315.xml,EXACT_DUPLICATE
e886cc323386,01_Raw/SHOPIFY/Documentos Recepcionados/dteproveedor_7361.xml,01_Raw/SHOPIFY/Facturacion/dteproveedor_7361.xml,EXACT_DUPLICATE
ea326c56ca66,01_Raw/ML/Documentos Recepcionados/dteproveedor_6839.xml,01_Raw/SHOPIFY/Documentos Recepcionados/dteproveedor_6839.xml,EXACT_DUPLICATE
ea326c56ca66,01_Raw/ML/Documentos Recepcionados/dteproveedor_6839.xml,01_Raw/SHOPIFY/Facturacion/dteproveedor_6839.xml,EXACT_DUPLICATE
eb8add6cad61,01_Raw/SHOPIFY/Documentos Recepcionados/dteproveedor_7442.xml,01_Raw/SHOPIFY/Facturacion/dteproveedor_7442.xml,EXACT_DUPLICATE
f40a39b14ace,01_Raw/ML/Documentos Recepcionados/dteproveedor_7404.xml,01_Raw/SHOPIFY/Documentos Recepcionados/dteproveedor_7404.xml,EXACT_DUPLICATE
f40a39b14ace,01_Raw/ML/Documentos Recepcionados/dteproveedor_7404.xml,01_Raw/SHOPIFY/Facturacion/dteproveedor_7404.xml,EXACT_DUPLICATE
f54aa335cc9c,01_Raw/ML/Documentos Recepcionados/dteproveedor_7157.xml,01_Raw/SHOPIFY/Documentos Recepcionados/dteproveedor_7157.xml,EXACT_DUPLICATE
f54aa335cc9c,01_Raw/ML/Documentos Recepcionados/dteproveedor_7157.xml,01_Raw/SHOPIFY/Facturacion/dteproveedor_7157.xml,EXACT_DUPLICATE
f54ff31d32f5,01_Raw/SHOPIFY/Documentos Recepcionados/dteproveedor_5821.xml,01_Raw/SHOPIFY/Facturacion/dteproveedor_5821.xml,EXACT_DUPLICATE
f70511fce33f,01_Raw/ML/Documentos Recepcionados/dteproveedor_7206.xml,01_Raw/SHOPIFY/Documentos Recepcionados/dteproveedor_7206.xml,EXACT_DUPLICATE
f70511fce33f,01_Raw/ML/Documentos Recepcionados/dteproveedor_7206.xml,01_Raw/SHOPIFY/Facturacion/dteproveedor_7206.xml,EXACT_DUPLICATE
f9795e6f4086,01_Raw/ML/Documentos Recepcionados/dteproveedor_7091.xml,01_Raw/SHOPIFY/Documentos Recepcionados/dteproveedor_7091.xml,EXACT_DUPLICATE
f9795e6f4086,01_Raw/ML/Documentos Recepcionados/dteproveedor_7091.xml,01_Raw/SHOPIFY/Facturacion/dteproveedor_7091.xml,EXACT_DUPLICATE
fdc4e62f5db1,01_Raw/SHOPIFY/Documentos Recepcionados/dteproveedor_5595.xml,01_Raw/SHOPIFY/Facturacion/dteproveedor_5595.xml,EXACT_DUPLICATE
fe2793927d84,01_Raw/ML/Documentos Recepcionados/dteproveedor_6840.xml,01_Raw/SHOPIFY/Documentos Recepcionados/dteproveedor_6840.xml,EXACT_DUPLICATE
fe2793927d84,01_Raw/ML/Documentos Recepcionados/dteproveedor_6840.xml,01_Raw/SHOPIFY/Facturacion/dteproveedor_6840.xml,EXACT_DUPLICATE
