relative_path,marketplace,folder,filename,extension,size_bytes,created_at,modified_at,sha256,sheet_names,row_count,column_count,column_names,date_min,date_max,embedded_period,declared_period,schema_fingerprint
01_Raw/FALABELLA/Documentos Recepcionados/dteproveedor_7136.xml,FALABELLA,FALABELLA/Documentos Recepcionados,dteproveedor_7136.xml,.xml,13958,2026-07-08T15:51:32,2026-08-07T16:13:43.783880,528c9f9c220f379545e4183e76abde8587e922e5abf47f6242df1e5f22d0671a,,,,,2014-08-22,2014-08-22,2014-08-22 to 2014-08-22,,
01_Raw/FALABELLA/Documentos Recepcionados/dteproveedor_7143.xml,FALABELLA,FALABELLA/Documentos Recepcionados,dteproveedor_7143.xml,.xml,13302,2026-07-08T15:51:32,2026-08-07T16:13:43.783880,b660f100f37be6b54ecfbe17516a882588e5e4d121514ae7eb545bac37a86863,,,,,2014-08-22,2014-08-22,2014-08-22 to 2014-08-22,,
01_Raw/FALABELLA/Documentos Recepcionados/dteproveedor_7265.xml,FALABELLA,FALABELLA/Documentos Recepcionados,dteproveedor_7265.xml,.xml,14234,2026-07-08T15:51:32,2026-08-07T16:13:43.792758,63a0ecd93b474fd12e621bbb9c7e1825d021bc7eb2b5607aa52f6949c80a9af0,,,,,2014-08-22,2014-08-22,2014-08-22 to 2014-08-22,,
01_Raw/FALABELLA/Documentos Recepcionados/dteproveedor_7276.xml,FALABELLA,FALABELLA/Documentos Recepcionados,dteproveedor_7276.xml,.xml,13772,2026-07-08T15:51:32,2026-08-07T16:13:43.792758,4da13b6c1f5c296a4572697fde3f3432c2f9aada7cbbde873f61b59b9c96f71b,,,,,2014-08-22,2014-08-22,2014-08-22 to 2014-08-22,,
01_Raw/FALABELLA/Documentos Recepcionados/dteproveedor_7402.xml,FALABELLA,FALABELLA/Documentos Recepcionados,dteproveedor_7402.xml,.xml,14481,2026-07-08T15:51:32,2026-08-07T16:13:43.798559,f67d349df33134c3b2ef5d56d96115ea1f63a1021ba448f6712e21ebbf61e00c,,,,,2014-08-22,2014-08-22,2014-08-22 to 2014-08-22,,
01_Raw/FALABELLA/Documentos Recepcionados/dteproveedor_7404.xml,FALABELLA,FALABELLA/Documentos Recepcionados,dteproveedor_7404.xml,.xml,13788,2026-07-08T15:51:32,2026-08-07T16:13:43.801697,71ef11f25f4da95fddbaaabe2b65807c7a56a4d3f88e150c33fe7552b27b2b69,,,,,2014-08-22,2014-08-22,2014-08-22 to 2014-08-22,,
01_Raw/FALABELLA/Documentos Recepcionados/dteproveedor_7533.xml,FALABELLA,FALABELLA/Documentos Recepcionados,dteproveedor_7533.xml,.xml,15002,2026-07-22T16:28:28.539273,2026-08-07T16:13:43.802279,72fa39f4db5bcdce9486628f7635e71ca3af9c334b70ae87bd892fbbce206ad7,,,,,2014-08-22,2014-08-22,2014-08-22 to 2014-08-22,,
01_Raw/FALABELLA/Documentos Recepcionados/dteproveedor_7550.xml,FALABELLA,FALABELLA/Documentos Recepcionados,dteproveedor_7550.xml,.xml,14283,2026-07-22T16:28:28.540848,2026-08-07T16:13:43.803303,b2f7b8b3b95b4077b1bdce4d9276a2508886fa11f62048bbc11c6428a4a82b84,,,,,2014-08-22,2014-08-22,2014-08-22 to 2014-08-22,,
01_Raw/FALABELLA/Facturación/21 abril 2026 - 20 mayo 2026.csv,FALABELLA,FALABELLA/Facturación,21 abril 2026 - 20 mayo 2026.csv,.csv,282718,2026-08-26T16:42:55.047704,2026-08-26T16:42:55.552730,1638fd5e61191d134c09b296cbd0fe21200d35570550962305d9754347fc923f,,656,22,Numero de documento|Tipo de documento|Fecha de Transaccion|Descripcion Factura|Tipo de Transaccion|Nombre del producto|SKU vendedor|SKU Falabella|Monto (Sin IVA)|IVA|Monto con IVA|Divisa|N estado de cuenta|N de orden|Referencia de pago Fpay|Falabella-Id|Estado de la orden|Modalidad logistica|Tipo de envio|Detalles de transaccion|Seller ID|Tipo de Seller,2026-05-19,2026-05-20,2026-05-19 to 2026-05-20,21 abril 2026 - 20 mayo 2026,06d5ea8fcc40
01_Raw/FALABELLA/Facturación/21 febrero 2026 - 20 marzo 2026.xlsx,FALABELLA,FALABELLA/Facturación,21 febrero 2026 - 20 marzo 2026.xlsx,.xlsx,8141,2026-08-26T16:41:37.064037,2026-08-26T16:41:37.602285,779164da52db0aae75c7e0fdc78025f10195f6dc64a39d6369b74a4724b6dcf5,settlement invoice,0,1,Numero de documento,,,,21 febrero 2026 - 20 marzo 2026,826df4ace962
01_Raw/FALABELLA/Facturación/21 marzo 2026 - 20 abril 2026.xlsx,FALABELLA,FALABELLA/Facturación,21 marzo 2026 - 20 abril 2026.xlsx,.xlsx,73476,2026-08-26T16:42:16.179455,2026-08-26T16:42:16.762812,356a740c1ad85a9f86a19d773353b4a47e6d506407b85dafb1bf9e9ae20c6e7b,settlement invoice,0,1,Numero de documento,,,,21 marzo 2026 - 20 abril 2026,826df4ace962
01_Raw/FALABELLA/Facturación/21 mayo 2026 - 20 junio 2026.xlsx,FALABELLA,FALABELLA/Facturación,21 mayo 2026 - 20 junio 2026.xlsx,.xlsx,170664,2026-08-26T16:43:37.030417,2026-08-26T16:43:37.902755,b9a1575474ec78f4ded86a93712fcd50c06e972872206d97bd67101e0da98ad0,settlement invoice,0,1,Numero de documento,,,,21 mayo 2026 - 20 junio 2026,826df4ace962
01_Raw/FALABELLA/Órdenes y Transacciones/1  abril   2026 - 31  mayo   2026.xlsx,FALABELLA,FALABELLA/Órdenes y Transacciones,1  abril   2026 - 31  mayo   2026.xlsx,.xlsx,249366,2026-07-22T16:28:28.545688,2026-08-07T16:13:43.827432,b71c0b2fa6c11a212a465fba5819613d5033e48364ef0e594ac71f866d9e1e4e,Reporte Transacciones|Glosario de Terminos Contables,5,31,Fecha de actualización|2026-07-20 11:50:11.347000||||||||||||||||||||||||||||,,,,1  abril   2026 - 31  mayo   2026,6642091809eb
01_Raw/FALABELLA/Órdenes y Transacciones/1  febrero   2026 - 31  marzo   2026.xlsx,FALABELLA,FALABELLA/Órdenes y Transacciones,1  febrero   2026 - 31  marzo   2026.xlsx,.xlsx,69740,2026-07-22T16:28:28.547235,2026-08-07T16:13:43.831122,3c83de644bc002dcfc2814725cd006b41892d07e5ae761fd4eeb2ec314e5c230,Reporte Transacciones|Glosario de Terminos Contables,5,31,Fecha de actualización|2026-07-20 11:49:33.995000||||||||||||||||||||||||||||,,,,1  febrero   2026 - 31  marzo   2026,5696783c0b1e
01_Raw/FALABELLA/Órdenes y Transacciones/1  junio   2026 - 30  junio   2026.xlsx,FALABELLA,FALABELLA/Órdenes y Transacciones,1  junio   2026 - 30  junio   2026.xlsx,.xlsx,328120,2026-07-22T16:28:28.554603,2026-08-07T16:13:43.834362,a0ce2df9e1450830cb6dadde6a811699ebe9fc22db64a55dcbf2982cd1fb8df4,Reporte Transacciones|Glosario de Terminos Contables,5,31,Fecha de actualización|2026-07-20 11:50:51.125000||||||||||||||||||||||||||||,,,,1  junio   2026 - 30  junio   2026,4896d76d3926
