accounting_document_creation_date,currency_iso_code,date_created,id,order_commercial_id,order_id,order_category_type,order_line_id,shipping_type_code,shop_id,shop_name,refund_commission_fee,refund_order_amount,commission_fee,order_amount,transfer_amount,sku_pmm,seller_identification_number,rn,sku_mkp
2026-06-05 04:00:00,CLP,2026-06-01 01:31:57,f5ac6f20-47f6-4351-97bf-ebf336b0ac25,24701114701,24701114701-A,FF,24701114701-A-1,ST,2815,NICOPOLY,0,0,6838,37990,31152,2000409904396,77898100-9,1,MPM10003150039-4
2026-06-05 04:00:00,CLP,2026-06-01 01:31:57,277d8bcc-4c4c-42fe-b8ac-9ac5c73262f9,24701114701,24701114701-A,FF,24701114701-A-2,ST,2815,NICOPOLY,0,0,4858,26990,22132,2000409903665,77898100-9,2,MPM10003150058-3
2026-06-05 04:00:00,CLP,2026-06-01 02:45:51,20a1db12-c9a2-4d01-ba21-dc42fc61fb04,24701901801,24701901801-A,FF,24701901801-A-1,ST,2815,NICOPOLY,0,0,5578,30990,25412,2000408144045,77898100-9,3,MPM10002952989-3
2026-06-05 04:00:00,CLP,2026-06-01 03:19:26,54cdfe6d-61fd-42e3-abc5-2ee2ffdceb07,24702401702,24702401702-A,FF,24702401702-A-1,ST,2815,NICOPOLY,0,0,6748,37490,30742,2000406169293,77898100-9,4,MPM10002725932-2
2026-06-05 04:00:00,CLP,2026-06-01 03:22:09,52616bcf-540d-4b43-96ab-7f4a2a27b739,24702460701,24702460701-A,FF,24702460701-A-1,S,2815,NICOPOLY,0,0,6748,37490,30742,2000410508972,77898100-9,5,MPM10003238337-1
2026-06-05 04:00:00,CLP,2026-06-01 04:07:35,782da77a-adbb-483a-9378-ee480ab726a7,24703565501,24703565501-A,FF,24703565501-A-1,ST,2815,NICOPOLY,0,0,12418,68990,56572,2000410824393,77898100-9,6,MPM10003266258-3
2026-06-05 04:00:00,CLP,2026-06-01 04:19:06,67ff727f-1a08-4f3e-9440-66420a8486a3,24703984302,24703984302-A,FF,24703984302-A-1,ST,2815,NICOPOLY,0,0,2698,14990,12292,2000410378094,77898100-9,7,MPM10003227965-1
2026-06-05 04:00:00,CLP,2026-06-01 04:44:15,ce6bdf92-2940-45a2-b928-e6fac874d8fb,24704906103,24704906103-A,FF,24704906103-A-1,ST,2815,NICOPOLY,0,0,7378,40990,33612,2000410824454,77898100-9,8,MPM10003266244-4
2026-06-05 04:00:00,CLP,2026-06-01 05:08:34,cf856e1a-5834-49f3-8362-55e58648106f,24705581901,24705581901-A,FF,24705581901-A-1,S,2815,NICOPOLY,0,0,6298,34990,28692,2000408089100,77898100-9,9,MPM10002943902-2
2026-06-05 04:00:00,CLP,2026-06-01 05:36:53,3d4f9204-b72f-4d32-a9f3-66b3d21dda82,24706093302,24706093302-A,FF,24706093302-A-1,ST,2815,NICOPOLY,0,0,6838,37990,31152,2000410508668,77898100-9,10,MPM10003238355-3
2026-06-05 04:00:00,CLP,2026-06-01 08:17:14,46d7c2f2-2c09-4410-9261-c71f4ddba819,24706927101,24706927101-A,FF,24706927101-A-1,ST,2815,NICOPOLY,0,0,6262,34790,28528,2000410290143,77898100-9,11,MPM10003221453-3
2026-06-05 04:00:00,CLP,2026-06-01 12:34:16,5d315af9-9582-4cca-84a2-3bd569616ed6,24708257401,24708257401-A,FF,24708257401-A-1,S,2815,NICOPOLY,0,0,7648,42490,34842,2000410508408,77898100-9,12,MPM10003238352-3
2026-06-05 04:00:00,CLP,2026-06-01 13:52:40,865c48e8-d6ef-42e4-869d-d8ac6076cce5,24709874201,24709874201-A,FF,24709874201-A-1,ST,2815,NICOPOLY,0,0,3058,16990,13932,2000408143888,77898100-9,13,MPM10002952993-3
2026-06-05 04:00:00,CLP,2026-06-01 14:00:58,855f945e-8870-4724-bf41-0a01320415f4,24710033201,24710033201-A,FF,24710033201-A-1,ST,2815,NICOPOLY,0,0,6748,37490,30742,2000406169347,77898100-9,14,MPM10002725903-2
2026-06-05 04:00:00,CLP,2026-06-01 15:18:28,7eeb4e94-5800-457c-a4c5-6800c4d6acbc,24712075001,24712075001-A,FF,24712075001-A-1,ST,2815,NICOPOLY,0,0,8278,45990,37712,2000410508750,77898100-9,15,MPM10003238350-1
2026-06-05 04:00:00,CLP,2026-06-01 15:48:43,fd70de6d-78ad-4b84-b898-ca6e3ff33bd3,24712911202,24712911202-A,FF,24712911202-A-1,S,2815,NICOPOLY,0,0,7198,39990,32792,2000410508026,77898100-9,16,MPM10003238341-2
2026-06-05 04:00:00,CLP,2026-06-01 15:48:56,bbbf720f-e81b-488d-b49b-7ae296b750d4,24712932201,24712932201-A,FF,24712932201-A-1,ST,2815,NICOPOLY,0,0,6748,37490,30742,2000406169101,77898100-9,17,MPM10002725914-3
2026-06-05 04:00:00,CLP,2026-06-01 16:36:15,3dd76003-fbe5-463a-864a-81542e8847d6,24714085101,24714085101-A,FF,24714085101-A-1,ST,2815,NICOPOLY,0,0,4138,22990,18852,2000410154643,77898100-9,18,MPM10003195740-3
2026-06-05 04:00:00,CLP,2026-06-01 16:45:21,72d9b147-85c5-4345-831a-dfc1ddab1990,24714284802,24714284802-A,FF,24714284802-A-1,ST,2815,NICOPOLY,0,0,3580,19890,16310,2000410377950,77898100-9,19,MPM10003227960-1
2026-06-05 04:00:00,CLP,2026-06-01 17:02:33,a6af7f92-1f53-4e08-8a25-eeb32b6b2946,24714662301,24714662301-A,FF,24714662301-A-1,ST,2815,NICOPOLY,0,0,3868,21490,17622,2000410182738,77898100-9,20,MPM10003208968-1
2026-06-05 04:00:00,CLP,2026-06-01 17:09:52,45ad8c88-0951-49ee-9197-7e80f78791f0,24714812101,24714812101-A,FF,24714812101-A-1,ST,2815,NICOPOLY,0,0,6748,37490,30742,2000406169347,77898100-9,21,MPM10002725903-2
2026-06-05 04:00:00,CLP,2026-06-01 18:34:43,2137a33c-2574-4912-bb1e-13b23f0abce1,24716997501,24716997501-A,FF,24716997501-A-1,ST,2815,NICOPOLY,0,0,7774,43190,35416,2000406169101,77898100-9,22,MPM10002725914-3
2026-06-05 04:00:00,CLP,2026-06-01 18:42:47,c7ad4542-7b2d-4a68-ba66-48e7398b86a0,24717264101,24717264101-A,FF,24717264101-A-1,S,2815,NICOPOLY,0,0,6748,37490,30742,2000406169101,77898100-9,23,MPM10002725914-3
2026-06-05 04:00:00,CLP,2026-06-01 18:58:58,5695b660-6161-4367-a03b-502987969a58,24717687201,24717687201-A,FF,24717687201-A-1,RC,2815,NICOPOLY,7198,39990,7198,39990,0,2000410290440,77898100-9,24,MPM10003221459-3
2026-06-05 04:00:00,CLP,2026-06-01 18:58:58,30d8d93d-e26d-46ac-8aa9-72146c9cdc3c,24717687201,24717687201-A,FF,24717687201-A-2,RC,2815,NICOPOLY,7018,38990,7018,38990,0,2000410290525,77898100-9,25,MPM10003221480-2
2026-06-05 04:00:00,CLP,2026-06-01 19:35:17,c228c9fa-80f0-4784-92e8-6c9abc776206,24718602201,24718602201-A,FF,24718602201-A-1,ST,2815,NICOPOLY,0,0,7648,42490,34842,2000410508040,77898100-9,26,MPM10003238328-2
2026-06-05 04:00:00,CLP,2026-06-01 19:47:39,af4245b5-e0ab-4023-969c-639090518070,24718861701,24718861701-A,FF,24718861701-A-1,ST,2815,NICOPOLY,0,0,3130,17390,14260,2000410182318,77898100-9,27,MPM10003209021-3
2026-06-05 04:00:00,CLP,2026-06-01 20:13:25,cdd5b3e0-9f2d-4eaf-8ae8-69928f1d8265,24719535101,24719535101-A,FF,24719535101-A-1,S,2815,NICOPOLY,0,0,6298,34990,28692,2000408089285,77898100-9,28,MPM10002943902-1
2026-06-05 04:00:00,CLP,2026-06-01 20:12:05,caa707c0-154e-4cd9-8a21-32538a972b98,24719559801,24719559801-A,FF,24719559801-A-1,ST,2815,NICOPOLY,0,0,3238,17990,14752,2000410289734,77898100-9,29,MPM10003221473-3
2026-06-05 04:00:00,CLP,2026-06-01 20:51:55,ed3f058e-7091-4699-93a2-427f2a24f963,24720480702,24720480702-A,FF,24720480702-A-1,ST,2815,NICOPOLY,0,0,6658,36990,30332,2000409904150,77898100-9,30,MPM10003150039-3
2026-06-05 04:00:00,CLP,2026-06-01 20:58:12,8f26d6ac-fb97-4819-8f49-e433275f32d8,24720591901,24720591901-A,FF,24720591901-A-1,ST,2815,NICOPOLY,0,0,3238,17990,14752,2000410290235,77898100-9,31,MPM10003221463-4
2026-06-05 04:00:00,CLP,2026-06-01 21:12:46,1556a846-25bd-4878-ad49-5e699b6b1be1,24720961401,24720961401-A,FF,24720961401-A-1,ST,2815,NICOPOLY,0,0,2878,15990,13112,2000410289673,77898100-9,32,MPM10003221473-2
2026-06-05 04:00:00,CLP,2026-06-01 22:44:54,cc87c60e-5da3-43e4-bef8-029297da626a,24723083101,24723083101-A,FF,24723083101-A-1,ST,2815,NICOPOLY,0,0,7198,39990,32792,2000410508347,77898100-9,33,MPM10003238351-2
2026-06-05 04:00:00,CLP,2026-06-01 23:14:26,2687a113-c75a-4be2-8f38-416df140168d,24723802202,24723802202-A,FF,24723802202-A-1,S,2815,NICOPOLY,0,0,5398,29990,24592,2000409179190,77898100-9,34,MPM10003087987-2
2026-06-05 04:00:00,CLP,2026-06-01 23:23:42,4ac4e2fb-2fc7-4603-a879-050718e6ec88,24724038501,24724038501-A,FF,24724038501-A-1,ST,2815,NICOPOLY,0,0,7774,43190,35416,2000406168982,77898100-9,35,MPM10002725914-2
2026-06-05 04:00:00,CLP,2026-06-01 23:27:26,e5182faf-8131-43ed-95ba-05209ea225f6,24724099601,24724099601-A,FF,24724099601-A-1,ST,2815,NICOPOLY,0,0,3022,16790,13768,2000410377363,77898100-9,36,MPM10003227965-4
2026-06-05 04:00:00,CLP,2026-06-02 00:00:18,007482a6-cf59-4993-942a-fff5167956c5,24725060101,24725060101-A,FF,24725060101-A-1,ST,2815,NICOPOLY,0,0,10258,56990,46732,2000410819023,77898100-9,37,MPM10003266245-1
2026-06-05 04:00:00,CLP,2026-06-02 00:19:55,22fa0187-1df4-4a4f-9158-6263788313dd,24725608501,24725608501-A,FF,24725608501-A-1,ST,2815,NICOPOLY,0,0,10258,56990,46732,2000410819023,77898100-9,38,MPM10003266245-1
2026-06-05 04:00:00,CLP,2026-06-02 00:24:12,a78d224e-9ba9-4205-9501-4de118dc402e,24725814302,24725814302-A,FF,24725814302-A-1,RC,2815,NICOPOLY,0,0,4408,24490,20082,2000410289710,77898100-9,39,MPM10003221464-4
2026-06-05 04:00:00,CLP,2026-06-02 00:24:12,9bb7a739-a11a-4a0f-ab07-204ed74dccdc,24725814302,24725814302-A,FF,24725814302-A-2,RC,2815,NICOPOLY,0,0,2878,15990,13112,2000410824164,77898100-9,40,MPM10003266266-2
2026-06-05 04:00:00,CLP,2026-06-02 00:24:12,5c0b6351-a24c-48c3-b554-86a498d41c3c,24725814302,24725814302-A,FF,24725814302-A-3,RC,2815,NICOPOLY,0,0,3040,16890,13850,2000410818651,77898100-9,41,MPM10003266243-1
2026-06-05 04:00:00,CLP,2026-06-02 00:24:12,7164b049-dbb1-4409-9a05-7fc4e6bd86fa,24725814302,24725814302-A,FF,24725814302-A-4,RC,2815,NICOPOLY,0,0,4138,22990,18852,2000409903610,77898100-9,42,MPM10003150047-3
2026-06-05 04:00:00,CLP,2026-06-02 01:01:04,6d5e57d3-4fd3-4600-82ca-1d9887f43aaf,24727082901,24727082901-A,FF,24727082901-A-1,S,2815,NICOPOLY,0,0,5398,29990,24592,2000409179190,77898100-9,43,MPM10003087987-2
2026-06-05 04:00:00,CLP,2026-06-02 01:13:39,752ebc91-82db-48f5-81a2-05924b388bcb,24727527801,24727527801-A,FF,24727527801-A-1,ST,2815,NICOPOLY,0,0,4138,22990,18852,2000409904464,77898100-9,44,MPM10003150058-2
2026-06-05 04:00:00,CLP,2026-06-02 01:36:02,51372323-207b-48f4-ad7e-63ec75772b4d,24728321901,24728321901-A,FF,24728321901-A-1,ST,2815,NICOPOLY,0,0,6478,35990,29512,2000410290693,77898100-9,45,MPM10003221454-1
2026-06-05 04:00:00,CLP,2026-06-02 01:41:11,164ac74e-d2ad-475d-9490-1b646c559e68,24728627801,24728627801-A,FF,24728627801-A-1,ST,2815,NICOPOLY,0,0,4498,24990,20492,2000410290860,77898100-9,46,MPM10003221461-1
2026-06-05 04:00:00,CLP,2026-06-02 01:53:23,bcae4ecb-1ebb-437f-af23-919d3228b125,24729069302,24729069302-A,FF,24729069302-A-1,ST,2815,NICOPOLY,0,0,6748,37490,30742,2000406169293,77898100-9,47,MPM10002725932-2
2026-06-05 04:00:00,CLP,2026-06-02 02:12:29,7350ba6a-aee7-4d25-92af-9121efb6aa53,24729644001,24729644001-A,FF,24729644001-A-1,S,2815,NICOPOLY,0,0,6748,37490,30742,2000406083827,77898100-9,48,MPM10002725914-1
2026-06-05 04:00:00,CLP,2026-06-02 02:18:49,12c4aec5-3841-4137-b4bc-74f7aa7a55cf,24730136801,24730136801-A,FF,24730136801-A-1,S,2815,NICOPOLY,0,0,8278,45990,37712,2000410507920,77898100-9,49,MPM10003238350-3
2026-06-05 04:00:00,CLP,2026-06-02 02:22:44,a6c87371-03ef-48f5-a294-3d39a3ad8b61,24730317801,24730317801-A,FF,24730317801-A-1,ST,2815,NICOPOLY,0,0,6838,37990,31152,2000409904396,77898100-9,50,MPM10003150039-4
2026-06-05 04:00:00,CLP,2026-06-02 02:22:44,aa5582cb-9e49-488f-8618-0125410162a9,24730317801,24730317801-A,FF,24730317801-A-2,ST,2815,NICOPOLY,0,0,4138,22990,18852,2000409903702,77898100-9,51,MPM10003150058-4
2026-06-05 04:00:00,CLP,2026-06-02 02:43:06,59daa1a7-8481-4258-81e4-6bb5ed687c3e,24731108201,24731108201-A,FF,24731108201-A-1,ST,2815,NICOPOLY,0,0,6748,37490,30742,2000406169101,77898100-9,52,MPM10002725914-3
2026-06-05 04:00:00,CLP,2026-06-02 02:54:57,ca5cc1dc-d925-4167-af93-2a3a5b23a362,24731627401,24731627401-A,FF,24731627401-A-1,ST,2815,NICOPOLY,0,0,2878,15990,13112,2000410290785,77898100-9,53,MPM10003221463-1
2026-06-05 04:00:00,CLP,2026-06-02 03:21:17,ea011d73-f0ca-457d-b223-4518603b0dad,24732564402,24732564402-A,FF,24732564402-A-1,ST,2815,NICOPOLY,0,0,7198,39990,32792,2000410824485,77898100-9,54,MPM10003266241-2
2026-06-05 04:00:00,CLP,2026-06-02 03:44:59,9773c99a-15e0-43cd-9ce7-84f6ca5c47df,24733308901,24733308901-A,FF,24733308901-A-1,S,2815,NICOPOLY,0,0,7018,38990,31972,2000409904723,77898100-9,55,MPM10003150040-1
2026-06-05 04:00:00,CLP,2026-06-02 03:53:54,4529bd75-7106-443e-a77b-ab24c13a8ee9,24733560501,24733560501-A,FF,24733560501-A-1,ST,2815,NICOPOLY,0,0,4138,22990,18852,2000409903580,77898100-9,56,MPM10003150069-3
2026-06-05 04:00:00,CLP,2026-06-02 04:02:59,39f0fa8a-de20-42f7-943e-b9ddcc646e8a,24733804001,24733804001-A,FF,24733804001-A-1,S,2815,NICOPOLY,0,0,8098,44990,36892,2000409903665,77898100-9,57,MPM10003150058-3
2026-06-05 04:00:00,CLP,2026-06-02 04:31:09,c395039f-b5ce-4b02-a9ed-31e878e6bbb2,24734393402,24734393402-A,FF,24734393402-A-1,S,2815,NICOPOLY,0,0,6748,37490,30742,2000410508729,77898100-9,58,MPM10003238337-4
2026-06-05 04:00:00,CLP,2026-06-02 04:47:13,3fad150d-c6d0-498d-9469-88bec43f6ac0,24734586501,24734586501-A,FF,24734586501-A-1,S,2815,NICOPOLY,0,0,7198,39990,32792,2000410508538,77898100-9,59,MPM10003238351-3
2026-06-05 04:00:00,CLP,2026-06-02 05:19:53,c71475ef-eb6d-4aa3-b51f-cb541ed7c652,24734979601,24734979601-A,FF,24734979601-A-1,ST,2815,NICOPOLY,0,0,6748,37490,30742,2000406168982,77898100-9,60,MPM10002725914-2
2026-06-05 04:00:00,CLP,2026-06-02 05:37:33,daf7aa2c-0e31-468a-b315-2e335e8cba21,24735105501,24735105501-A,FF,24735105501-A-1,RC,2815,NICOPOLY,0,0,6748,37490,30742,2000406169491,77898100-9,61,MPM10002725914-4
2026-06-05 04:00:00,CLP,2026-06-02 10:59:07,4feb7f3a-0dba-4423-af5f-26ede14597f3,24735732204,24735732204-A,FF,24735732204-A-1,ST,2815,NICOPOLY,0,0,6748,37490,30742,2000406168982,77898100-9,62,MPM10002725914-2
2026-06-05 04:00:00,CLP,2026-06-02 10:59:07,fd08e899-d8b4-4c59-a785-a5081442cfce,24735732204,24735732204-A,FF,24735732204-A-2,ST,2815,NICOPOLY,0,0,6748,37490,30742,2000406169293,77898100-9,63,MPM10002725932-2
2026-06-05 04:00:00,CLP,2026-06-02 12:06:16,2bdf68af-33af-4c3f-a942-191f58d0436b,24736142201,24736142201-A,FF,24736142201-A-1,ST,2815,NICOPOLY,0,0,4138,22990,18852,2000408088790,77898100-9,64,MPM10002943911-3
2026-06-05 04:00:00,CLP,2026-06-02 13:02:21,6cd431f2-d501-4dc9-abc5-a80da580b6e7,24736759103,24736759103-A,FF,24736759103-A-1,ST,2815,NICOPOLY,0,0,2698,14990,12292,2000410182189,77898100-9,65,MPM10003209034-2
2026-06-05 04:00:00,CLP,2026-06-02 15:16:49,73c107dc-f426-47ef-b030-3a6dc4da5c67,24739087802,24739087802-A,FF,24739087802-A-1,ST,2815,NICOPOLY,0,0,6748,37490,30742,2000406083858,77898100-9,66,MPM10002725903-1
2026-06-05 04:00:00,CLP,2026-06-02 16:49:25,326bbca1-a551-4266-8101-b8c887ace19f,24740913402,24740913402-A,FF,24740913402-A-1,ST,2815,NICOPOLY,0,0,9358,51990,42632,2000409904129,77898100-9,67,MPM10003150062-3
2026-06-05 04:00:00,CLP,2026-06-02 16:55:00,23555c30-8240-4e22-902d-5546d0b0e923,24741044102,24741044102-A,FF,24741044102-A-1,ST,2815,NICOPOLY,0,0,6748,37490,30742,2000406168982,77898100-9,68,MPM10002725914-2
2026-06-05 04:00:00,CLP,2026-06-02 17:00:25,9e962d7c-f754-433a-a3e3-f4ae457eda32,24741156401,24741156401-A,FF,24741156401-A-1,ST,2815,NICOPOLY,0,0,6838,37990,31152,2000410824232,77898100-9,69,MPM10003266256-3
2026-06-05 04:00:00,CLP,2026-06-02 17:27:41,f5400be8-5737-4e9f-817c-e42837e72376,24741666601,24741666601-A,FF,24741666601-A-1,S,2815,NICOPOLY,0,0,7198,39990,32792,2000410509023,77898100-9,70,MPM10003238351-1
2026-06-05 04:00:00,CLP,2026-06-03 00:30:37,4f9868f0-3ea1-4039-bddf-8b9df03b56af,24750331901,24750331901-A,FF,24750331901-A-1,ST,2815,NICOPOLY,0,0,5218,28990,23772,2000408708766,77898100-9,71,MPM10003037757-1
2026-06-05 04:00:00,CLP,2026-06-03 02:04:10,651ef257-e2bd-4eac-a9e9-80ded848d25c,24753457103,24753457103-A,FF,24753457103-A-1,ND,2815,NICOPOLY,0,0,10798,59990,49192,2000408144472,77898100-9,72,MPM10002952989-1
2026-06-05 04:00:00,CLP,2026-06-03 03:29:08,511b1b0c-ff53-4891-b134-bf935c1a10e6,24756571701,24756571701-A,FF,24756571701-A-1,ND,2815,NICOPOLY,0,0,7018,38990,31972,2000409903948,77898100-9,73,MPM10003150040-2
2026-06-05 04:00:00,CLP,2026-06-03 11:55:12,d4954229-d5d0-4c4b-a0c8-cd04da0fcf32,24759960102,24759960102-A,FF,24759960102-A-1,ST,2815,NICOPOLY,0,0,10798,59990,49192,2000408144472,77898100-9,74,MPM10002952989-1
2026-06-05 04:00:00,CLP,2026-06-03 15:09:25,0a277d75-8108-4ee4-8660-dfcb8b5ccaa6,24762798101,24762798101-A,FF,24762798101-A-1,ST,2815,NICOPOLY,0,0,7198,39990,32792,2000410290334,77898100-9,75,MPM10003221470-2
2026-06-05 04:00:00,CLP,2026-06-04 03:30:47,7384af57-beee-431d-9bf1-9f254deb2284,24786806101,24786806101-A,FF,24786806101-A-1,S,2815,NICOPOLY,0,0,9358,51990,42632,2000409904440,77898100-9,76,MPM10003150062-4
2026-06-05 04:00:00,CLP,2026-06-04 03:54:47,185b8fbf-9115-4239-9afa-46b2ec6b545b,24788394701,24788394701-A,FF,24788394701-A-1,ST,2815,NICOPOLY,0,0,11158,61990,50832,2000410508163,77898100-9,77,MPM10003238324-4
2026-06-05 04:00:00,CLP,2026-06-04 06:27:03,8fb10390-85cd-4639-938e-91d58d7f3f75,24791450501,24791450501-A,FF,24791450501-A-1,S,2815,NICOPOLY,0,0,10078,55990,45912,2000410508866,77898100-9,78,MPM10003238333-1
2026-06-05 04:00:00,CLP,2026-06-04 17:54:14,cc455112-eed0-4f1a-96da-994ac2d484ca,24793914501,24793914501-A,FF,24793914501-A-1,ST,2815,NICOPOLY,0,0,2698,14990,12292,2000408708155,77898100-9,79,MPM10003037779-4
