method,path,endpoint_function,module,classification
GET,/api/v4/health,health_check,api.api,CANONICAL
GET,/api/v4/copilot/ask,copilot_ask,api.api,CANONICAL
GET,/api/v4/financial-intelligence/health,financial_intelligence_health,api.api,CANONICAL
GET,/api/v4/ledger,get_marketplace_ledger,api.api,CANONICAL
GET,/api/v4/financial-structure,get_financial_structure,api.api,CANONICAL
GET,/api/v4/cierre,get_marketplace_cierre,api.api,CANONICAL
GET,/api/v4/cierre/desglose,get_marketplace_cierre_desglose,api.api,CANONICAL
GET,/api/v4/dte/count,get_dte_count,api.api,CANONICAL
GET,/api/v4/dte/samples,get_dte_samples,api.api,CANONICAL
GET,/api/v4/test_regex,diag_regex,api.api,CANONICAL
GET,/api/v4/dte/certify,get_certification,api.api,CANONICAL
GET,/api/v4/dte/document-gap,get_document_gaps,api.api,CANONICAL
GET,/api/v4/dte/document/{transaction_id},get_document_detail,api.api,CANONICAL
GET,/api/v4/dte/risk-summary,get_risk_summary,api.api,CANONICAL
GET,/api/v4/dte/traceability,get_dte_traceability,api.api,CANONICAL
GET,/api/v4/documentary/coverage,get_documentary_coverage,api.api,CANONICAL
GET,/api/v4/periodos,get_periodos,api.api,CANONICAL
GET,/api/v4/exec/summary,get_exec_summary,api.api,CANONICAL
GET,/api/v4/financial-structure,get_financial_structure,api.api,CANONICAL
GET,/api/v4/exec/cobros-breakdown,get_exec_cobros_breakdown,api.api,CANONICAL
GET,/api/v4/exec/waterfall-v3,get_exec_waterfall_v3,api.api,CANONICAL
GET,/api/v4/executive/insights,get_executive_insights,api.api,CANONICAL
GET,/api/v4/intelligence/anomalies,get_anomalies,api.api,CANONICAL
GET,/api/v4/intelligence/insights,get_intelligence_insights,api.api,CANONICAL
GET,/api/v4/intelligence/returns,get_intelligence_returns,api.api,CANONICAL
GET,/api/v4/debug_audit,debug_audit,api.api,CANONICAL
GET,/api/v4/auditoria,get_marketplace_auditoria,api.api,CANONICAL
GET,/api/v4/electronic_certification/status/{tx_id},get_electronic_certification_status,api.api,CANONICAL
POST,/api/v4/correcciones,post_marketplace_correccion,api.api,CANONICAL
POST,/api/v4/run-audit,run_full_audit,api.api,CANONICAL
POST,/api/v4/run-indexer,run_dte_indexer,api.api,CANONICAL
POST,/api/v4/query,run_query,api.api,CANONICAL
GET,/api/v4/electronic_certification/status/{transaction_id},get_electronic_certification_status,api.api,CANONICAL
POST,/api/v4/electronic_certification/validate,validate_electronic_certification,api.api,CANONICAL
POST,/api/v4/knowledge/export,export_to_obsidian,api.api,CANONICAL
GET,/api/v4/traceability/search,traceability_search,api.api,CANONICAL
GET,/api/v4/traceability/transaction/{marketplace}/{transaction_id},traceability_transaction,api.api,CANONICAL
GET,/api/v4/traceability/evidence/{marketplace}/{transaction_id},traceability_evidence,api.api,CANONICAL
GET,/api/v4/traceability/summary,traceability_summary,api.api,CANONICAL
GET,/api/v4/traceability/sap-reconciliation,traceability_sap,api.api,CANONICAL
POST,/api/v4/ingestion/upload,handle_upload,api.api,CANONICAL
GET,/api/v4/ingestion/registry/{execution_id},get_registry,api.api,CANONICAL
GET,/api/v4/ingestion/registry,list_registry,api.api,CANONICAL
GET,/api/v4/ledger/records,get_ledger_records,api.api,CANONICAL
GET,/api/v4/ledger/transaction/{id_transaccion},get_ledger_transaction,api.api,CANONICAL
GET,/api/v4/ledger/order/{id_orden},get_order_ledger_trace,api.api,CANONICAL
GET,/api/v4/ledger/summary,get_ledger_summary,api.api,CANONICAL
GET,/api/v4/classification/summary,get_classification_summary,api.api,CANONICAL
GET,/api/v4/classification/rules,get_classification_rules,api.api,CANONICAL
GET,/api/v4/classification/{transaction_id},explain_transaction_classification,api.api,CANONICAL
POST,/api/v4/classification/rebuild,rebuild_classification,api.api,CANONICAL
GET,/api/v4/truth/health,get_truth_health,api.api,CANONICAL
GET,/api/v4/truth/summary,get_truth_summary,api.api,CANONICAL
GET,/api/v4/truth/query,get_truth_query,api.api,CANONICAL
POST,/api/v4/truth/query,post_truth_query,api.api,CANONICAL
GET,/api/v4/truth/transaction/{transaction_id},get_transaction_truth,api.api,CANONICAL
GET,/api/v4/truth/order/{id_orden},get_order_truth,api.api,CANONICAL
GET,/api/v4/reconciliation/health,get_reconciliation_health,api.api,CANONICAL
GET,/api/v4/reconciliation/summary,get_reconciliation_summary,api.api,CANONICAL
GET,/api/v4/reconciliation/statistics,get_reconciliation_statistics,api.api,CANONICAL
GET,/api/v4/reconciliation/exceptions,get_reconciliation_exceptions,api.api,CANONICAL
POST,/api/v4/reconciliation/execute,execute_reconciliation,api.api,CANONICAL
GET,/api/v4/reconciliation/transaction/{transaction_id},get_reconciled_transaction,api.api,CANONICAL
GET,/api/v4/reconciliation/order/{id_orden},get_reconciled_order,api.api,CANONICAL
GET,/api/v4/exceptions/health,get_exceptions_health,api.api,CANONICAL
GET,/api/v4/exceptions/summary,get_exceptions_summary,api.api,CANONICAL
GET,/api/v4/exceptions/sla,get_exceptions_sla,api.api,CANONICAL
GET,/api/v4/exceptions/statistics,get_exceptions_statistics,api.api,CANONICAL
GET,/api/v4/exceptions/marketplace/{marketplace},get_marketplace_exceptions,api.api,CANONICAL
POST,/api/v4/exceptions/evaluate,evaluate_exception,api.api,CANONICAL
GET,/api/v4/exceptions,get_exceptions_list,api.api,CANONICAL
POST,/api/v4/exceptions/rebuild,rebuild_exceptions,api.api,CANONICAL
GET,/api/v4/exceptions/transaction/{transaction_id},get_transaction_exceptions,api.api,CANONICAL
GET,/api/v4/exceptions/order/{id_orden},get_order_exceptions,api.api,CANONICAL
GET,/api/v4/exceptions/{exception_id},get_exception_by_id,api.api,CANONICAL
