method,path,result
GET,/api/v4/health,PASS
GET,/api/v4/copilot/ask,PASS
GET,/api/v4/financial-intelligence/health,PASS
GET,/api/v4/ledger,PASS
GET,/api/v4/financial-structure,PASS
GET,/api/v4/cierre,PASS
GET,/api/v4/cierre/desglose,PASS
GET,/api/v4/dte/count,PASS
GET,/api/v4/dte/samples,PASS
GET,/api/v4/test_regex,PASS
GET,/api/v4/dte/certify,PASS
GET,/api/v4/dte/document-gap,PASS
GET,/api/v4/dte/document/{transaction_id},PASS
GET,/api/v4/dte/risk-summary,PASS
GET,/api/v4/dte/traceability,PASS
GET,/api/v4/documentary/coverage,PASS
GET,/api/v4/periodos,PASS
GET,/api/v4/exec/summary,PASS
GET,/api/v4/financial-structure,PASS
GET,/api/v4/exec/cobros-breakdown,PASS
GET,/api/v4/exec/waterfall-v3,PASS
GET,/api/v4/executive/insights,PASS
GET,/api/v4/intelligence/anomalies,PASS
GET,/api/v4/intelligence/insights,PASS
GET,/api/v4/intelligence/returns,PASS
GET,/api/v4/debug_audit,PASS
GET,/api/v4/auditoria,PASS
GET,/api/v4/electronic_certification/status/{tx_id},PASS
POST,/api/v4/correcciones,PASS
POST,/api/v4/run-audit,PASS
POST,/api/v4/run-indexer,PASS
GET,/api/v4/electronic_certification/status/{transaction_id},PASS
POST,/api/v4/electronic_certification/validate,PASS
POST,/api/v4/knowledge/export,PASS
GET,/api/v4/traceability/search,PASS
GET,/api/v4/traceability/transaction/{marketplace}/{transaction_id},PASS
GET,/api/v4/traceability/evidence/{marketplace}/{transaction_id},PASS
GET,/api/v4/traceability/summary,PASS
GET,/api/v4/traceability/sap-reconciliation,PASS
GET,/api/v4/ingestion/registry/{execution_id},PASS
GET,/api/v4/ingestion/registry,PASS
GET,/api/v4/ledger/records,PASS
GET,/api/v4/ledger/transaction/{id_transaccion},PASS
GET,/api/v4/ledger/order/{id_orden},PASS
GET,/api/v4/ledger/summary,PASS
GET,/api/v4/classification/summary,PASS
GET,/api/v4/classification/rules,PASS
GET,/api/v4/classification/{transaction_id},PASS
POST,/api/v4/classification/rebuild,PASS
GET,/api/v4/truth/health,PASS
GET,/api/v4/truth/summary,PASS
GET,/api/v4/truth/query,PASS
POST,/api/v4/truth/query,PASS
GET,/api/v4/truth/transaction/{transaction_id},PASS
GET,/api/v4/truth/order/{id_orden},PASS
GET,/api/v4/reconciliation/health,PASS
GET,/api/v4/reconciliation/summary,PASS
GET,/api/v4/reconciliation/statistics,PASS
GET,/api/v4/reconciliation/exceptions,PASS
POST,/api/v4/reconciliation/execute,PASS
GET,/api/v4/reconciliation/transaction/{transaction_id},PASS
GET,/api/v4/reconciliation/order/{id_orden},PASS
GET,/api/v4/exceptions/health,PASS
GET,/api/v4/exceptions/summary,PASS
GET,/api/v4/exceptions/sla,PASS
GET,/api/v4/exceptions/statistics,PASS
GET,/api/v4/exceptions/marketplace/{marketplace},PASS
POST,/api/v4/exceptions/evaluate,PASS
GET,/api/v4/exceptions,PASS
POST,/api/v4/exceptions/rebuild,PASS
GET,/api/v4/exceptions/transaction/{transaction_id},PASS
GET,/api/v4/exceptions/order/{id_orden},PASS
GET,/api/v4/exceptions/{exception_id},PASS
