ui_action_id,result
copilot.html:22,EXPECTED_UNAVAILABLE
copilot.html:23,EXPECTED_UNAVAILABLE
copilot.html:37,EXPECTED_UNAVAILABLE
copilot.html:55,EXPECTED_UNAVAILABLE
copilot.html:57,EXPECTED_UNAVAILABLE
copilot.html:59,EXPECTED_UNAVAILABLE
copilot.html:63,EXPECTED_UNAVAILABLE
copilot.html:69,EXPECTED_UNAVAILABLE
copilot.html:73,PASS
dashboard.html:39,EXPECTED_UNAVAILABLE
dashboard.html:46,EXPECTED_UNAVAILABLE
dashboard.html:53,EXPECTED_UNAVAILABLE
dashboard.html:55,EXPECTED_UNAVAILABLE
dashboard.html:77,EXPECTED_UNAVAILABLE
dashboard.html:79,EXPECTED_UNAVAILABLE
dashboard.html:134,EXPECTED_UNAVAILABLE
dashboard.html:136,EXPECTED_UNAVAILABLE
dashboard.html:175,EXPECTED_UNAVAILABLE
dashboard.html:177,EXPECTED_UNAVAILABLE
dashboard.html:240,EXPECTED_UNAVAILABLE
dashboard.html:242,EXPECTED_UNAVAILABLE
dashboard.html:266,EXPECTED_UNAVAILABLE
dashboard.html:286,EXPECTED_UNAVAILABLE
dashboard.html:288,EXPECTED_UNAVAILABLE
dashboard.html:301,EXPECTED_UNAVAILABLE
dashboard.html:303,EXPECTED_UNAVAILABLE
dashboard.html:475,PASS
dashboard.html:492,PASS
dashboard.html:495,EXPECTED_UNAVAILABLE
dashboard.html:512,EXPECTED_UNAVAILABLE
dashboard.html:522,EXPECTED_UNAVAILABLE
dashboard.html:549,EXPECTED_UNAVAILABLE
dashboard.html:550,EXPECTED_UNAVAILABLE
dashboard.html:558,EXPECTED_UNAVAILABLE
dashboard.html:575,EXPECTED_UNAVAILABLE
dashboard.html:586,EXPECTED_UNAVAILABLE
dashboard.html:631,PASS
dashboard.html:685,EXPECTED_UNAVAILABLE
dashboard.html:687,EXPECTED_UNAVAILABLE
dashboard.html:695,EXPECTED_UNAVAILABLE
dashboard.html:727,EXPECTED_UNAVAILABLE
dashboard.html:741,EXPECTED_UNAVAILABLE
dashboard.html:889,EXPECTED_UNAVAILABLE
dashboard.html:901,EXPECTED_UNAVAILABLE
dashboard.html:927,EXPECTED_UNAVAILABLE
dashboard.html:942,PASS
dashboard.html:944,EXPECTED_UNAVAILABLE
dashboard.html:960,PASS
dashboard.html:995,EXPECTED_UNAVAILABLE
dashboard.html:1000,EXPECTED_UNAVAILABLE
dashboard.html:1001,EXPECTED_UNAVAILABLE
dashboard.html:1006,PASS
dashboard.html:1007,EXPECTED_UNAVAILABLE
dashboard.html:1046,EXPECTED_UNAVAILABLE
dashboard.html:1047,EXPECTED_UNAVAILABLE
dashboard.html:1060,EXPECTED_UNAVAILABLE
dashboard.html:1065,EXPECTED_UNAVAILABLE
dashboard.html:1139,EXPECTED_UNAVAILABLE
dashboard.html:1157,EXPECTED_UNAVAILABLE
dashboard.html:1208,PASS
dashboard.html:1214,EXPECTED_UNAVAILABLE
dashboard.html:1215,EXPECTED_UNAVAILABLE
dashboard.html:1234,EXPECTED_UNAVAILABLE
dashboard.html:1236,EXPECTED_UNAVAILABLE
dashboard.html:1283,EXPECTED_UNAVAILABLE
dashboard.html:1285,EXPECTED_UNAVAILABLE
dashboard.html:1291,EXPECTED_UNAVAILABLE
documentary_dashboard.html:57,EXPECTED_UNAVAILABLE
documentary_dashboard.html:82,EXPECTED_UNAVAILABLE
documentary_dashboard.html:83,EXPECTED_UNAVAILABLE
documentary_dashboard.html:84,EXPECTED_UNAVAILABLE
documentary_dashboard.html:85,EXPECTED_UNAVAILABLE
documentary_dashboard.html:86,EXPECTED_UNAVAILABLE
documentary_dashboard.html:173,EXPECTED_UNAVAILABLE
documentary_dashboard.html:275,EXPECTED_UNAVAILABLE
documentary_dashboard.html:277,EXPECTED_UNAVAILABLE
documentary_dashboard.html:300,EXPECTED_UNAVAILABLE
documentary_dashboard.html:301,EXPECTED_UNAVAILABLE
documentary_dashboard.html:318,EXPECTED_UNAVAILABLE
documentary_dashboard.html:320,EXPECTED_UNAVAILABLE
documentary_dashboard.html:328,EXPECTED_UNAVAILABLE
documentary_dashboard.html:329,EXPECTED_UNAVAILABLE
documentary_dashboard.html:332,EXPECTED_UNAVAILABLE
documentary_dashboard.html:417,EXPECTED_UNAVAILABLE
documentary_dashboard.html:462,EXPECTED_UNAVAILABLE
documentary_dashboard.html:489,PASS
documentary_dashboard.html:555,PASS
documentary_dashboard.html:583,PASS
documentary_dashboard.html:601,EXPECTED_UNAVAILABLE
documentary_dashboard.html:610,EXPECTED_UNAVAILABLE
documentary_dashboard.html:652,EXPECTED_UNAVAILABLE
documentary_dashboard.html:690,EXPECTED_UNAVAILABLE
documentary_dashboard.html:777,PASS
documentary_dashboard.html:807,PASS
documentary_dashboard.html:916,PASS
documentary_dashboard.html:976,PASS
documentary_dashboard.html:1088,PASS
documentary_dashboard.html:1148,PASS
documentary_dashboard.html:1239,EXPECTED_BLOCKED
executive_dashboard.html:46,EXPECTED_UNAVAILABLE
executive_dashboard.html:50,EXPECTED_UNAVAILABLE
executive_dashboard.html:52,EXPECTED_UNAVAILABLE
executive_dashboard.html:107,PASS
executive_dashboard.html:113,EXPECTED_UNAVAILABLE
executive_dashboard.html:120,EXPECTED_UNAVAILABLE
executive_dashboard.html:126,EXPECTED_UNAVAILABLE
executive_dashboard.html:135,EXPECTED_UNAVAILABLE
executive_dashboard.html:138,EXPECTED_UNAVAILABLE
executive_dashboard.html:139,EXPECTED_UNAVAILABLE
executive_dashboard.html:159,EXPECTED_UNAVAILABLE
executive_dashboard.html:263,EXPECTED_UNAVAILABLE
executive_dashboard.html:304,EXPECTED_UNAVAILABLE
executive_dashboard.html:305,EXPECTED_UNAVAILABLE
executive_dashboard.html:308,EXPECTED_UNAVAILABLE
executive_dashboard.html:384,PASS
executive_dashboard.html:402,EXPECTED_UNAVAILABLE
executive_dashboard.html:410,EXPECTED_UNAVAILABLE
executive_dashboard.html:452,EXPECTED_UNAVAILABLE
executive_dashboard.html:490,EXPECTED_UNAVAILABLE
executive_dashboard.html:533,PASS
executive_dashboard.html:612,PASS
executive_dashboard.html:642,PASS
executive_dashboard.html:751,PASS
executive_dashboard.html:811,PASS
traceability.html:29,EXPECTED_UNAVAILABLE
traceability.html:30,EXPECTED_UNAVAILABLE
traceability.html:31,EXPECTED_UNAVAILABLE
traceability.html:32,EXPECTED_UNAVAILABLE
traceability.html:74,EXPECTED_UNAVAILABLE
traceability.html:89,EXPECTED_UNAVAILABLE
traceability.html:153,EXPECTED_UNAVAILABLE
traceability.html:154,EXPECTED_UNAVAILABLE
traceability.html:181,EXPECTED_UNAVAILABLE
traceability.html:194,PASS
traceability.html:239,EXPECTED_UNAVAILABLE
traceability.html:263,EXPECTED_UNAVAILABLE
traceability.html:286,EXPECTED_UNAVAILABLE
traceability.html:287,EXPECTED_UNAVAILABLE
traceability.html:288,EXPECTED_UNAVAILABLE
traceability.html:304,EXPECTED_UNAVAILABLE
upload_center.html:48,EXPECTED_UNAVAILABLE
upload_center.html:61,EXPECTED_UNAVAILABLE
upload_center.html:63,EXPECTED_UNAVAILABLE
upload_center.html:164,EXPECTED_UNAVAILABLE
upload_center.html:191,PASS
