accounting_document_creation_date,currency_iso_code,date_created,order_id,order_category_type,shipping_type_code,shop_id,shop_name,refund_commission_fee,refund_order_amount,commission_fee,order_amount,transfer_amount,Descuento FF - Otros,Descuento FF - pick and pack,Descuento FF - sobreestadía,Descuento operacional (FF),Descuento operación VAS (FF),Descuento por almacenamiento diario (FF),Descuento por almacenamiento prologando (FF),Descuento por cancelación (FF),Descuento por cofinanciamiento logístico (FF),Descuento por compensación (FF),Descuento por cupones de despacho (FF),Descuento por logística inversa (FF),Descuento por planes de medio (FF),Descuento por Recogida (FF),Descuento por retiro anticipado (FF),Devoluciones OPEX (FF),Otros descuentos (FF)
,CLP,,24615256001-A,FF,,2815,NICOPOLY,0,0,0,0,0,0,0,0,0,0,0,0,0,0,0,0,3000,0,0,0,0,0
,CLP,,24622788301-A,FF,,2815,NICOPOLY,0,0,0,0,0,0,0,0,0,0,0,0,0,0,0,0,3000,0,0,0,0,0
2026-06-13,CLP,2026-06-01 05:08:34,24705581901-A,FF,S,2815,NICOPOLY,6298,34990,0,0,-28692,0,0,0,0,0,0,0,0,0,0,0,3000,0,0,0,0,0
,CLP,,24714662301-A,FF,,2815,NICOPOLY,0,0,0,0,0,0,0,0,0,0,0,0,0,0,0,0,3000,0,0,0,0,0
,CLP,,24727082901-A,FF,,2815,NICOPOLY,0,0,0,0,0,0,0,0,0,0,0,0,0,0,0,0,3000,0,0,0,0,0
,CLP,,24759960102-A,FF,,2815,NICOPOLY,0,0,0,0,0,0,0,0,0,0,0,0,0,2600,0,0,0,0,0,0,0,0
,CLP,,24762798101-A,FF,,2815,NICOPOLY,0,0,0,0,0,0,0,0,0,0,0,0,0,2600,0,0,0,0,0,0,0,0
,CLP,,24786806101-A,FF,,2815,NICOPOLY,0,0,0,0,0,0,0,0,0,0,0,0,0,2600,0,0,0,0,0,0,0,0
,CLP,,24788394701-A,FF,,2815,NICOPOLY,0,0,0,0,0,0,0,0,0,0,0,0,0,2600,0,0,0,0,0,0,0,0
,CLP,,24791450501-A,FF,,2815,NICOPOLY,0,0,0,0,0,0,0,0,0,0,0,0,0,2600,0,0,0,0,0,0,0,0
,CLP,,24793914501-A,FF,,2815,NICOPOLY,0,0,0,0,0,0,0,0,0,0,0,0,0,1000,0,0,0,0,0,0,0,0
2026-06-13,CLP,2026-06-05 15:04:56,24797652301-A,FF,ST,2815,NICOPOLY,0,0,8098,44990,36892,0,0,0,0,0,0,0,0,2600,0,0,0,0,0,0,0,0
2026-06-13,CLP,2026-06-05 16:58:43,24797992301-A,FF,ST,2815,NICOPOLY,0,0,10078,55990,45912,0,0,0,0,0,0,0,0,2600,0,0,0,0,0,0,0,0
2026-06-13,CLP,2026-06-06 18:58:09,24801299101-A,FF,ST,2815,NICOPOLY,0,0,7736,42980,35244,0,0,0,0,0,0,0,0,5200,0,0,0,0,0,0,0,0
2026-06-13,CLP,2026-06-06 23:25:20,24802051701-A,FF,ST,2815,NICOPOLY,0,0,11878,65990,54112,0,0,0,0,0,0,0,0,2600,0,0,0,0,0,0,0,0
2026-06-13,CLP,2026-06-07 00:23:42,24802243202-A,FF,S,2815,NICOPOLY,0,0,4138,22990,18852,0,0,0,0,0,0,0,0,2600,0,0,0,0,0,0,0,0
2026-06-13,CLP,2026-06-07 02:43:27,24802745301-A,FF,ST,2815,NICOPOLY,0,0,4318,23990,19672,0,0,0,0,0,0,0,0,2600,0,0,0,0,0,0,0,0
2026-06-13,CLP,2026-06-07 07:33:38,24803228703-A,FF,S,2815,NICOPOLY,0,0,4678,25990,21312,0,0,0,0,0,0,0,0,2600,0,0,0,0,0,0,0,0
2026-06-13,CLP,2026-06-07 13:20:33,24803346701-A,FF,S,2815,NICOPOLY,0,0,8998,49990,40992,0,0,0,0,0,0,0,0,2700,0,0,0,0,0,0,0,0
2026-06-13,CLP,2026-06-07 19:27:57,24804294601-A,FF,S,2815,NICOPOLY,0,0,10796,59980,49184,0,0,0,0,0,0,0,0,5200,0,0,0,0,0,0,0,0
2026-06-13,CLP,2026-06-07 21:18:43,24804688001-A,FF,S,2815,NICOPOLY,0,0,3598,19990,16392,0,0,0,0,0,0,0,0,2600,0,0,0,0,0,0,0,0
2026-06-13,CLP,2026-06-08 04:15:40,24806401301-A,FF,ST,2815,NICOPOLY,0,0,3958,21990,18032,0,0,0,0,0,0,0,0,1000,0,0,0,0,0,0,0,0
2026-06-13,CLP,2026-06-08 05:10:50,24806524103-A,FF,ST,2815,NICOPOLY,0,0,7198,39990,32792,0,0,0,0,0,0,0,0,2600,0,0,0,0,0,0,0,0
2026-06-13,CLP,2026-06-08 22:52:04,24808211101-A,FF,ST,2815,NICOPOLY,0,0,3418,18990,15572,0,0,0,0,0,0,0,0,2600,0,0,0,0,0,0,0,0
,CLP,,,FF,,2815,NICOPOLY,0,0,0,0,0,0,0,0,0,0,4250,0,0,0,0,0,0,0,0,0,0,0
