file,body_type,TipoDTE,Folio,FchEmis,RUTEmisor,RznSoc,RUTRecep,RznSocRecep,MntTotal,n_refs,folio_refs,path
dtef_c33_f25272_ts2025-05-13T153652.xml,DOCUMENTO,33,25272,2025-05-13,77898100-9,IMPORTADORA Y COMERCIALIZADORA NANDA SPA,83382700-6,COMERCIAL ECCSA S.A.,1211206,0,,01_Raw/RIPLEY/Facturacion\dtef_c33_f25272_ts2025-05-13T153652.xml
dtef_c33_f26000_ts2025-10-27T144835.xml,DOCUMENTO,33,26000,2025-10-13,77898100-9,IMPORTADORA Y COMERCIALIZADORA NANDA SPA,83382700-6,COMERCIAL ECCSA S.A.,34932,0,,01_Raw/RIPLEY/Facturacion\dtef_c33_f26000_ts2025-10-27T144835.xml
dtef_c33_f26276_ts2025-12-15T155053.xml,DOCUMENTO,33,26276,2025-12-15,77898100-9,IMPORTADORA Y COMERCIALIZADORA NANDA SPA,83382700-6,COMERCIAL ECCSA S.A.,970151,0,,01_Raw/RIPLEY/Facturacion\dtef_c33_f26276_ts2025-12-15T155053.xml
dtef_c33_f26306_ts2025-12-23T112808.xml,DOCUMENTO,33,26306,2025-12-15,77898100-9,IMPORTADORA Y COMERCIALIZADORA NANDA SPA,83382700-6,COMERCIAL ECCSA S.A.,813391,0,,01_Raw/RIPLEY/Facturacion\dtef_c33_f26306_ts2025-12-23T112808.xml
dtef_c33_f26441_ts2026-02-16T124619.xml,DOCUMENTO,33,26441,2026-02-16,77898100-9,IMPORTADORA Y COMERCIALIZADORA NANDA SPA,83382700-6,COMERCIAL ECCSA S.A.,710542,0,,01_Raw/RIPLEY/Facturacion\dtef_c33_f26441_ts2026-02-16T124619.xml
dtef_c33_f26532_ts2026-03-13T120641.xml,DOCUMENTO,33,26532,2026-03-13,77898100-9,IMPORTADORA Y COMERCIALIZADORA NANDA SPA,83382700-6,COMERCIAL ECCSA S.A.,396884,0,,01_Raw/RIPLEY/Facturacion\dtef_c33_f26532_ts2026-03-13T120641.xml
dtef_c33_f26608_ts2026-03-30T155632.xml,DOCUMENTO,33,26608,2026-03-30,77898100-9,IMPORTADORA Y COMERCIALIZADORA NANDA SPA,83382700-6,COMERCIAL ECCSA S.A.,286213,0,,01_Raw/RIPLEY/Facturacion\dtef_c33_f26608_ts2026-03-30T155632.xml
dtef_c33_f26613_ts2026-03-31T130634.xml,DOCUMENTO,33,26613,2026-03-31,77898100-9,IMPORTADORA Y COMERCIALIZADORA NANDA SPA,83382700-6,COMERCIAL ECCSA S.A.,286213,0,,01_Raw/RIPLEY/Facturacion\dtef_c33_f26613_ts2026-03-31T130634.xml
dtef_c33_f26636_ts2026-04-06T172718.xml,DOCUMENTO,33,26636,2026-04-06,77898100-9,IMPORTADORA Y COMERCIALIZADORA NANDA SPA,83382700-6,COMERCIAL ECCSA S.A.,482744,0,,01_Raw/RIPLEY/Facturacion\dtef_c33_f26636_ts2026-04-06T172718.xml
dtef_c33_f26703_ts2026-04-17T150756.xml,DOCUMENTO,33,26703,2026-04-17,77898100-9,IMPORTADORA Y COMERCIALIZADORA NANDA SPA,83382700-6,COMERCIAL ECCSA S.A.,283344,0,,01_Raw/RIPLEY/Facturacion\dtef_c33_f26703_ts2026-04-17T150756.xml
dtef_c33_f26793_ts2026-05-11T120014.xml,DOCUMENTO,33,26793,2026-05-11,77898100-9,IMPORTADORA Y COMERCIALIZADORA NANDA SPA,83382700-6,COMERCIAL ECCSA S.A.,482744,0,,01_Raw/RIPLEY/Facturacion\dtef_c33_f26793_ts2026-05-11T120014.xml
dtef_c33_f26794_ts2026-05-11T120602.xml,DOCUMENTO,33,26794,2026-05-11,77898100-9,IMPORTADORA Y COMERCIALIZADORA NANDA SPA,83382700-6,COMERCIAL ECCSA S.A.,805643,0,,01_Raw/RIPLEY/Facturacion\dtef_c33_f26794_ts2026-05-11T120602.xml
dtef_c33_f26795_ts2026-05-11T121312.xml,DOCUMENTO,33,26795,2026-05-11,77898100-9,IMPORTADORA Y COMERCIALIZADORA NANDA SPA,83382700-6,COMERCIAL ECCSA S.A.,315079,0,,01_Raw/RIPLEY/Facturacion\dtef_c33_f26795_ts2026-05-11T121312.xml
dtef_c33_f26874_ts2026-06-05T123502.xml,DOCUMENTO,33,26874,2026-06-05,77898100-9,IMPORTADORA Y COMERCIALIZADORA NANDA SPA,83382700-6,COMERCIAL ECCSA S.A.,1669451,0,,01_Raw/RIPLEY/Facturacion\dtef_c33_f26874_ts2026-06-05T123502.xml
dtef_c33_f26875_ts2026-06-05T124420.xml,DOCUMENTO,33,26875,2026-06-05,77898100-9,IMPORTADORA Y COMERCIALIZADORA NANDA SPA,83382700-6,COMERCIAL ECCSA S.A.,730946,0,,01_Raw/RIPLEY/Facturacion\dtef_c33_f26875_ts2026-06-05T124420.xml
dtef_c61_f146730_ts2026-03-31T130421.xml,DOCUMENTO,61,146730,2026-03-30,77898100-9,IMPORTADORA Y COMERCIALIZADORA NANDA SPA,83382700-6,COMERCIAL ECCSA S.A.,286213,1,26608,01_Raw/RIPLEY/Facturacion\dtef_c61_f146730_ts2026-03-31T130421.xml
dtef_c61_f147261_ts2026-05-11T120315.xml,DOCUMENTO,61,147261,2026-05-11,77898100-9,IMPORTADORA Y COMERCIALIZADORA NANDA SPA,83382700-6,COMERCIAL ECCSA S.A.,482744,1,26793,01_Raw/RIPLEY/Facturacion\dtef_c61_f147261_ts2026-05-11T120315.xml
dteproveedor_5393.xml,DOCUMENTO,33,1916076,2025-01-10,83382700-6,Comercial Eccsa S.A.,77898100-9,IMPORTADORA Y COMERCIALIZADOR NANDA,13861,0,,01_Raw/RIPLEY/Facturacion\dteproveedor_5393.xml
dteproveedor_5405.xml,DOCUMENTO,33,1999859,2025-01-10,83382700-6,Comercial Eccsa S.A.,77898100-9,IMPORTADORA Y COMERCIALIZADOR NANDA,426262,0,,01_Raw/RIPLEY/Facturacion\dteproveedor_5405.xml
dteproveedor_5423.xml,DOCUMENTO,33,1978496,2025-01-13,83382700-6,Comercial Eccsa S.A.,77898100-9,IMPORTADORA Y COMERCIALIZADOR NANDA,636930,0,,01_Raw/RIPLEY/Facturacion\dteproveedor_5423.xml
dteproveedor_5435.xml,DOCUMENTO,61,6837014,2025-01-13,83382700-6,Comercial Eccsa S.A.,77898100-9,IMPORTADORA Y COMERCIALIZADOR NANDA,294110,1,0,01_Raw/RIPLEY/Facturacion\dteproveedor_5435.xml
dteproveedor_5453.xml,DOCUMENTO,33,2001633,2025-01-24,83382700-6,Comercial Eccsa S.A.,77898100-9,IMPORTADORA Y COMERCIALIZADOR NANDA,452553,0,,01_Raw/RIPLEY/Facturacion\dteproveedor_5453.xml
dteproveedor_5467.xml,DOCUMENTO,33,2011812,2025-01-28,83382700-6,Comercial Eccsa S.A.,77898100-9,IMPORTADORA Y COMERCIALIZADOR NANDA SPA,488463,0,,01_Raw/RIPLEY/Facturacion\dteproveedor_5467.xml
dteproveedor_5468.xml,DOCUMENTO,33,2011811,2025-01-28,83382700-6,Comercial Eccsa S.A.,77898100-9,IMPORTADORA Y COMERCIALIZADOR NANDA SPA,901268,0,,01_Raw/RIPLEY/Facturacion\dteproveedor_5468.xml
dteproveedor_5524.xml,DOCUMENTO,33,2025359,2025-02-10,83382700-6,Comercial Eccsa S.A.,77898100-9,IMPORTADORA Y COMERCIALIZADOR NANDA SPA,477476,0,,01_Raw/RIPLEY/Facturacion\dteproveedor_5524.xml
dteproveedor_5529.xml,DOCUMENTO,33,2026017,2025-02-10,83382700-6,Comercial Eccsa S.A.,77898100-9,IMPORTADORA Y COMERCIALIZADOR NANDA SPA,2078,0,,01_Raw/RIPLEY/Facturacion\dteproveedor_5529.xml
dteproveedor_5565.xml,DOCUMENTO,33,2015860,2025-02-13,83382700-6,Comercial Eccsa S.A.,77898100-9,IMPORTADORA Y COMERCIALIZADOR NANDA SPA,1132530,0,,01_Raw/RIPLEY/Facturacion\dteproveedor_5565.xml
dteproveedor_5566.xml,DOCUMENTO,33,2015861,2025-02-13,83382700-6,Comercial Eccsa S.A.,77898100-9,IMPORTADORA Y COMERCIALIZADOR NANDA SPA,580323,0,,01_Raw/RIPLEY/Facturacion\dteproveedor_5566.xml
dteproveedor_5574.xml,DOCUMENTO,33,2026989,2025-02-25,83382700-6,Comercial Eccsa S.A.,77898100-9,IMPORTADORA Y COMERCIALIZADOR NANDA SPA,308924,0,,01_Raw/RIPLEY/Facturacion\dteproveedor_5574.xml
dteproveedor_5576.xml,DOCUMENTO,33,2027688,2025-02-26,83382700-6,Comercial Eccsa S.A.,77898100-9,IMPORTADORA Y COMERCIALIZADOR NANDA SPA,756302,0,,01_Raw/RIPLEY/Facturacion\dteproveedor_5576.xml
dteproveedor_5577.xml,DOCUMENTO,33,2027687,2025-02-26,83382700-6,Comercial Eccsa S.A.,77898100-9,IMPORTADORA Y COMERCIALIZADOR NANDA SPA,1764706,0,,01_Raw/RIPLEY/Facturacion\dteproveedor_5577.xml
dteproveedor_5613.xml,DOCUMENTO,33,2019233,2025-02-28,83382700-6,Comercial Eccsa S.A.,77898100-9,IMPORTADORA Y COMERCIALIZADOR NANDA SPA,781582,0,,01_Raw/RIPLEY/Facturacion\dteproveedor_5613.xml
dteproveedor_5614.xml,DOCUMENTO,33,2019234,2025-02-28,83382700-6,Comercial Eccsa S.A.,77898100-9,IMPORTADORA Y COMERCIALIZADOR NANDA SPA,427172,0,,01_Raw/RIPLEY/Facturacion\dteproveedor_5614.xml
dteproveedor_5624.xml,LIQUIDACION,43,108927,2025-02-28,83382700-6,Comercial Eccsa S.A.,77898100-9,IMPORTADORA Y COMERCIALIZADOR NANDA SPA,92766,0,,01_Raw/RIPLEY/Facturacion\dteproveedor_5624.xml
dteproveedor_5625.xml,LIQUIDACION,43,108928,2025-02-28,83382700-6,Comercial Eccsa S.A.,77898100-9,IMPORTADORA Y COMERCIALIZADOR NANDA SPA,726206,0,,01_Raw/RIPLEY/Facturacion\dteproveedor_5625.xml
dteproveedor_5626.xml,LIQUIDACION,43,108929,2025-02-28,83382700-6,Comercial Eccsa S.A.,77898100-9,IMPORTADORA Y COMERCIALIZADOR NANDA SPA,610219,0,,01_Raw/RIPLEY/Facturacion\dteproveedor_5626.xml
dteproveedor_5630.xml,DOCUMENTO,33,2028934,2025-03-10,83382700-6,Comercial Eccsa S.A.,77898100-9,IMPORTADORA Y COMERCIALIZADOR NANDA SPA,268017,0,,01_Raw/RIPLEY/Facturacion\dteproveedor_5630.xml
dteproveedor_5637.xml,DOCUMENTO,33,2029524,2025-03-11,83382700-6,Comercial Eccsa S.A.,77898100-9,IMPORTADORA Y COMERCIALIZADOR NANDA SPA,1329663,0,,01_Raw/RIPLEY/Facturacion\dteproveedor_5637.xml
dteproveedor_5638.xml,DOCUMENTO,33,2029526,2025-03-11,83382700-6,Comercial Eccsa S.A.,77898100-9,IMPORTADORA Y COMERCIALIZADOR NANDA SPA,207015,0,,01_Raw/RIPLEY/Facturacion\dteproveedor_5638.xml
dteproveedor_5639.xml,DOCUMENTO,33,2029525,2025-03-11,83382700-6,Comercial Eccsa S.A.,77898100-9,IMPORTADORA Y COMERCIALIZADOR NANDA SPA,843265,0,,01_Raw/RIPLEY/Facturacion\dteproveedor_5639.xml
dteproveedor_5659.xml,DOCUMENTO,33,2022663,2025-03-13,83382700-6,Comercial Eccsa S.A.,77898100-9,IMPORTADORA Y COMERCIALIZADOR NANDA SPA,824328,0,,01_Raw/RIPLEY/Facturacion\dteproveedor_5659.xml
dteproveedor_5660.xml,DOCUMENTO,33,2022664,2025-03-13,83382700-6,Comercial Eccsa S.A.,77898100-9,IMPORTADORA Y COMERCIALIZADOR NANDA SPA,319539,0,,01_Raw/RIPLEY/Facturacion\dteproveedor_5660.xml
dteproveedor_5688.xml,DOCUMENTO,33,2031519,2025-03-25,83382700-6,Comercial Eccsa S.A.,77898100-9,IMPORTADORA Y COMERCIALIZADOR NANDA SPA,350998,0,,01_Raw/RIPLEY/Facturacion\dteproveedor_5688.xml
dteproveedor_5689.xml,DOCUMENTO,33,2032131,2025-03-25,83382700-6,Comercial Eccsa S.A.,77898100-9,IMPORTADORA Y COMERCIALIZADOR NANDA SPA,4998,0,,01_Raw/RIPLEY/Facturacion\dteproveedor_5689.xml
dteproveedor_5712.xml,DOCUMENTO,33,2035562,2025-03-28,83382700-6,Comercial Eccsa S.A.,77898100-9,IMPORTADORA Y COMERCIALIZADOR NANDA SPA,921532,0,,01_Raw/RIPLEY/Facturacion\dteproveedor_5712.xml
dteproveedor_5713.xml,DOCUMENTO,33,2035563,2025-03-28,83382700-6,Comercial Eccsa S.A.,77898100-9,IMPORTADORA Y COMERCIALIZADOR NANDA SPA,362054,0,,01_Raw/RIPLEY/Facturacion\dteproveedor_5713.xml
dteproveedor_5719.xml,DOCUMENTO,61,7087680,2025-03-31,83382700-6,Comercial Eccsa S.A.,77898100-9,IMPORTADORA Y COMERCIALIZADOR NANDA SPA,56987,1,0,01_Raw/RIPLEY/Facturacion\dteproveedor_5719.xml
dteproveedor_5722.xml,DOCUMENTO,33,2036712,2025-03-27,83382700-6,Comercial Eccsa S.A.,77898100-9,IMPORTADORA Y COMERCIALIZADOR NANDA SPA,149274,1,-,01_Raw/RIPLEY/Facturacion\dteproveedor_5722.xml
dteproveedor_5723.xml,LIQUIDACION,43,110065,2025-03-31,83382700-6,Comercial Eccsa S.A.,77898100-9,IMPORTADORA Y COMERCIALIZADOR NANDA SPA,957775,0,,01_Raw/RIPLEY/Facturacion\dteproveedor_5723.xml
dteproveedor_5724.xml,LIQUIDACION,43,110064,2025-03-31,83382700-6,Comercial Eccsa S.A.,77898100-9,IMPORTADORA Y COMERCIALIZADOR NANDA SPA,604093,0,,01_Raw/RIPLEY/Facturacion\dteproveedor_5724.xml
dteproveedor_5725.xml,LIQUIDACION,43,110063,2025-03-31,83382700-6,Comercial Eccsa S.A.,77898100-9,IMPORTADORA Y COMERCIALIZADOR NANDA SPA,331189,0,,01_Raw/RIPLEY/Facturacion\dteproveedor_5725.xml
dteproveedor_5727.xml,DOCUMENTO,33,2037396,2025-03-31,83382700-6,Comercial Eccsa S.A.,77898100-9,IMPORTADORA Y COMERCIALIZADOR NANDA SPA,299918,0,,01_Raw/RIPLEY/Facturacion\dteproveedor_5727.xml
dteproveedor_5744.xml,DOCUMENTO,33,2033179,2025-04-10,83382700-6,Comercial Eccsa S.A.,77898100-9,IMPORTADORA Y COMERCIALIZADOR NANDA SPA,300559,0,,01_Raw/RIPLEY/Facturacion\dteproveedor_5744.xml
dteproveedor_5745.xml,DOCUMENTO,33,2033178,2025-04-10,83382700-6,Comercial Eccsa S.A.,77898100-9,IMPORTADORA Y COMERCIALIZADOR NANDA SPA,1177196,0,,01_Raw/RIPLEY/Facturacion\dteproveedor_5745.xml
dteproveedor_5747.xml,DOCUMENTO,33,2033597,2025-04-10,83382700-6,Comercial Eccsa S.A.,77898100-9,IMPORTADORA Y COMERCIALIZADOR NANDA SPA,1056046,0,,01_Raw/RIPLEY/Facturacion\dteproveedor_5747.xml
dteproveedor_5768.xml,DOCUMENTO,33,2039403,2025-04-13,83382700-6,Comercial Eccsa S.A.,77898100-9,IMPORTADORA Y COMERCIALIZADOR NANDA SPA,3913492,0,,01_Raw/RIPLEY/Facturacion\dteproveedor_5768.xml
dteproveedor_5769.xml,DOCUMENTO,33,2039404,2025-04-13,83382700-6,Comercial Eccsa S.A.,77898100-9,IMPORTADORA Y COMERCIALIZADOR NANDA SPA,1078927,0,,01_Raw/RIPLEY/Facturacion\dteproveedor_5769.xml
dteproveedor_5788.xml,DOCUMENTO,33,2044800,2025-04-25,83382700-6,Comercial Eccsa S.A.,77898100-9,IMPORTADORA Y COMERCIALIZADOR NANDA SPA,300000,0,,01_Raw/RIPLEY/Facturacion\dteproveedor_5788.xml
dteproveedor_5789.xml,DOCUMENTO,33,2044802,2025-04-25,83382700-6,Comercial Eccsa S.A.,77898100-9,IMPORTADORA Y COMERCIALIZADOR NANDA SPA,1200000,0,,01_Raw/RIPLEY/Facturacion\dteproveedor_5789.xml
dteproveedor_5790.xml,DOCUMENTO,33,2044806,2025-04-25,83382700-6,Comercial Eccsa S.A.,77898100-9,IMPORTADORA Y COMERCIALIZADOR NANDA SPA,222739,0,,01_Raw/RIPLEY/Facturacion\dteproveedor_5790.xml
dteproveedor_5791.xml,DOCUMENTO,33,2044961,2025-04-25,83382700-6,Comercial Eccsa S.A.,77898100-9,IMPORTADORA Y COMERCIALIZADOR NANDA SPA,409967,0,,01_Raw/RIPLEY/Facturacion\dteproveedor_5791.xml
dteproveedor_5800.xml,DOCUMENTO,33,2134205,2025-04-29,83382700-6,Comercial Eccsa S.A.,77898100-9,IMPORTADORA Y COMERCIALIZADOR NANDA SPA,189258,1,-,01_Raw/RIPLEY/Facturacion\dteproveedor_5800.xml
dteproveedor_5802.xml,DOCUMENTO,52,48452290,2025-04-30,83382700-6,COMERCIAL ECCSA S.A.,77898100-9,IMPORTADORA Y COMERCIALIZADORA NANDA SPA,315849,1,12842402,01_Raw/RIPLEY/Facturacion\dteproveedor_5802.xml
dteproveedor_5803.xml,DOCUMENTO,52,48452293,2025-04-30,83382700-6,COMERCIAL ECCSA S.A.,77898100-9,IMPORTADORA Y COMERCIALIZADORA NANDA SPA,447624,1,12842405,01_Raw/RIPLEY/Facturacion\dteproveedor_5803.xml
dteproveedor_5804.xml,DOCUMENTO,52,48452291,2025-04-30,83382700-6,COMERCIAL ECCSA S.A.,77898100-9,IMPORTADORA Y COMERCIALIZADORA NANDA SPA,270614,1,12842403,01_Raw/RIPLEY/Facturacion\dteproveedor_5804.xml
dteproveedor_5805.xml,DOCUMENTO,52,48452294,2025-04-30,83382700-6,COMERCIAL ECCSA S.A.,77898100-9,IMPORTADORA Y COMERCIALIZADORA NANDA SPA,468216,1,12842406,01_Raw/RIPLEY/Facturacion\dteproveedor_5805.xml
dteproveedor_5806.xml,DOCUMENTO,52,48452292,2025-04-30,83382700-6,COMERCIAL ECCSA S.A.,77898100-9,IMPORTADORA Y COMERCIALIZADORA NANDA SPA,284894,1,12842404,01_Raw/RIPLEY/Facturacion\dteproveedor_5806.xml
dteproveedor_5807.xml,DOCUMENTO,52,48452295,2025-04-30,83382700-6,COMERCIAL ECCSA S.A.,77898100-9,IMPORTADORA Y COMERCIALIZADORA NANDA SPA,441366,1,12842407,01_Raw/RIPLEY/Facturacion\dteproveedor_5807.xml
dteproveedor_5808.xml,DOCUMENTO,52,48452296,2025-04-30,83382700-6,COMERCIAL ECCSA S.A.,77898100-9,IMPORTADORA Y COMERCIALIZADORA NANDA SPA,403121,1,12842408,01_Raw/RIPLEY/Facturacion\dteproveedor_5808.xml
dteproveedor_5809.xml,DOCUMENTO,52,48452297,2025-04-30,83382700-6,COMERCIAL ECCSA S.A.,77898100-9,IMPORTADORA Y COMERCIALIZADORA NANDA SPA,618614,1,12842409,01_Raw/RIPLEY/Facturacion\dteproveedor_5809.xml
dteproveedor_5810.xml,DOCUMENTO,52,48452298,2025-04-30,83382700-6,COMERCIAL ECCSA S.A.,77898100-9,IMPORTADORA Y COMERCIALIZADORA NANDA SPA,179330,1,12842410,01_Raw/RIPLEY/Facturacion\dteproveedor_5810.xml
dteproveedor_5811.xml,DOCUMENTO,52,48452299,2025-04-30,83382700-6,COMERCIAL ECCSA S.A.,77898100-9,IMPORTADORA Y COMERCIALIZADORA NANDA SPA,1500,1,12842411,01_Raw/RIPLEY/Facturacion\dteproveedor_5811.xml
dteproveedor_5812.xml,DOCUMENTO,33,2042821,2025-04-28,83382700-6,Comercial Eccsa S.A.,77898100-9,IMPORTADORA Y COMERCIALIZADOR NANDA SPA,139395,0,,01_Raw/RIPLEY/Facturacion\dteproveedor_5812.xml
dteproveedor_5813.xml,DOCUMENTO,33,2042820,2025-04-28,83382700-6,Comercial Eccsa S.A.,77898100-9,IMPORTADORA Y COMERCIALIZADOR NANDA SPA,1209648,0,,01_Raw/RIPLEY/Facturacion\dteproveedor_5813.xml
dteproveedor_5841.xml,DOCUMENTO,61,7087877,2025-04-30,83382700-6,Comercial Eccsa S.A.,77898100-9,IMPORTADORA Y COMERCIALIZADOR NANDA SPA,27713,1,0,01_Raw/RIPLEY/Facturacion\dteproveedor_5841.xml
dteproveedor_5842.xml,DOCUMENTO,33,2135239,2025-04-30,83382700-6,Comercial Eccsa S.A.,77898100-9,IMPORTADORA Y COMERCIALIZADOR NANDA SPA,251930,0,,01_Raw/RIPLEY/Facturacion\dteproveedor_5842.xml
dteproveedor_5843.xml,LIQUIDACION,43,110933,2025-04-30,83382700-6,Comercial Eccsa S.A.,77898100-9,IMPORTADORA Y COMERCIALIZADOR NANDA SPA,345895,0,,01_Raw/RIPLEY/Facturacion\dteproveedor_5843.xml
dteproveedor_5844.xml,LIQUIDACION,43,110934,2025-04-30,83382700-6,Comercial Eccsa S.A.,77898100-9,IMPORTADORA Y COMERCIALIZADOR NANDA SPA,788110,0,,01_Raw/RIPLEY/Facturacion\dteproveedor_5844.xml
dteproveedor_5857.xml,DOCUMENTO,33,2046453,2025-05-09,83382700-6,Comercial Eccsa S.A.,77898100-9,IMPORTADORA Y COMERCIALIZADOR NANDA SPA,716861,0,,01_Raw/RIPLEY/Facturacion\dteproveedor_5857.xml
dteproveedor_5884.xml,DOCUMENTO,33,2136450,2025-05-13,83382700-6,Comercial Eccsa S.A.,77898100-9,IMPORTADORA Y COMERCIALIZADOR NANDA SPA,2533366,0,,01_Raw/RIPLEY/Facturacion\dteproveedor_5884.xml
dteproveedor_5885.xml,DOCUMENTO,33,2136451,2025-05-13,83382700-6,Comercial Eccsa S.A.,77898100-9,IMPORTADORA Y COMERCIALIZADOR NANDA SPA,915709,0,,01_Raw/RIPLEY/Facturacion\dteproveedor_5885.xml
dteproveedor_5901.xml,DOCUMENTO,33,2047292,2025-05-26,83382700-6,Comercial Eccsa S.A.,77898100-9,IMPORTADORA Y COMERCIALIZADOR NANDA SPA,1155416,0,,01_Raw/RIPLEY/Facturacion\dteproveedor_5901.xml
dteproveedor_5902.xml,DOCUMENTO,33,2047294,2025-05-26,83382700-6,Comercial Eccsa S.A.,77898100-9,IMPORTADORA Y COMERCIALIZADOR NANDA SPA,316660,0,,01_Raw/RIPLEY/Facturacion\dteproveedor_5902.xml
dteproveedor_5906.xml,DOCUMENTO,33,2047976,2025-05-26,83382700-6,Comercial Eccsa S.A.,77898100-9,IMPORTADORA Y COMERCIALIZADOR NANDA SPA,370291,0,,01_Raw/RIPLEY/Facturacion\dteproveedor_5906.xml
dteproveedor_5909.xml,DOCUMENTO,33,2139163,2025-05-28,83382700-6,Comercial Eccsa S.A.,77898100-9,IMPORTADORA Y COMERCIALIZADOR NANDA SPA,325203,1,-,01_Raw/RIPLEY/Facturacion\dteproveedor_5909.xml
dteproveedor_5916.xml,DOCUMENTO,33,2139797,2025-05-28,83382700-6,Comercial Eccsa S.A.,77898100-9,IMPORTADORA Y COMERCIALIZADOR NANDA SPA,1022283,0,,01_Raw/RIPLEY/Facturacion\dteproveedor_5916.xml
dteproveedor_5917.xml,DOCUMENTO,33,2139798,2025-05-28,83382700-6,Comercial Eccsa S.A.,77898100-9,IMPORTADORA Y COMERCIALIZADOR NANDA SPA,393124,0,,01_Raw/RIPLEY/Facturacion\dteproveedor_5917.xml
dteproveedor_5944.xml,LIQUIDACION,43,111210,2025-05-31,83382700-6,Comercial Eccsa S.A.,77898100-9,IMPORTADORA Y COMERCIALIZADOR NANDA SPA,450083,0,,01_Raw/RIPLEY/Facturacion\dteproveedor_5944.xml
dteproveedor_5945.xml,LIQUIDACION,43,111211,2025-05-31,83382700-6,Comercial Eccsa S.A.,77898100-9,IMPORTADORA Y COMERCIALIZADOR NANDA SPA,1631479,0,,01_Raw/RIPLEY/Facturacion\dteproveedor_5945.xml
dteproveedor_5946.xml,LIQUIDACION,43,111212,2025-05-31,83382700-6,Comercial Eccsa S.A.,77898100-9,IMPORTADORA Y COMERCIALIZADOR NANDA SPA,1711828,0,,01_Raw/RIPLEY/Facturacion\dteproveedor_5946.xml
dteproveedor_5947.xml,LIQUIDACION,43,111213,2025-05-31,83382700-6,Comercial Eccsa S.A.,77898100-9,IMPORTADORA Y COMERCIALIZADOR NANDA SPA,1395356,0,,01_Raw/RIPLEY/Facturacion\dteproveedor_5947.xml
dteproveedor_5949.xml,DOCUMENTO,33,2141988,2025-05-31,83382700-6,Comercial Eccsa S.A.,77898100-9,IMPORTADORA Y COMERCIALIZADOR NANDA SPA,139970,0,,01_Raw/RIPLEY/Facturacion\dteproveedor_5949.xml
dteproveedor_5952.xml,DOCUMENTO,61,7088040,2025-05-31,83382700-6,Comercial Eccsa S.A.,77898100-9,IMPORTADORA Y COMERCIALIZADOR NANDA SPA,25193,1,0,01_Raw/RIPLEY/Facturacion\dteproveedor_5952.xml
dteproveedor_5969.xml,DOCUMENTO,33,2049508,2025-06-10,83382700-6,Comercial Eccsa S.A.,77898100-9,IMPORTADORA Y COMERCIALIZADOR NANDA SPA,898927,0,,01_Raw/RIPLEY/Facturacion\dteproveedor_5969.xml
dteproveedor_5971.xml,DOCUMENTO,33,2050084,2025-06-10,83382700-6,Comercial Eccsa S.A.,77898100-9,IMPORTADORA Y COMERCIALIZADOR NANDA SPA,11518,0,,01_Raw/RIPLEY/Facturacion\dteproveedor_5971.xml
dteproveedor_6002.xml,DOCUMENTO,33,2143380,2025-06-13,83382700-6,Comercial Eccsa S.A.,77898100-9,IMPORTADORA Y COMERCIALIZADOR NANDA SPA,2660093,0,,01_Raw/RIPLEY/Facturacion\dteproveedor_6002.xml
dteproveedor_6003.xml,DOCUMENTO,33,2143381,2025-06-13,83382700-6,Comercial Eccsa S.A.,77898100-9,IMPORTADORA Y COMERCIALIZADOR NANDA SPA,853945,0,,01_Raw/RIPLEY/Facturacion\dteproveedor_6003.xml
dteproveedor_6014.xml,DOCUMENTO,33,2050325,2025-06-25,83382700-6,Comercial Eccsa S.A.,77898100-9,IMPORTADORA Y COMERCIALIZADOR NANDA SPA,1980,0,,01_Raw/RIPLEY/Facturacion\dteproveedor_6014.xml
dteproveedor_6015.xml,DOCUMENTO,33,2051018,2025-06-25,83382700-6,Comercial Eccsa S.A.,77898100-9,IMPORTADORA Y COMERCIALIZADOR NANDA SPA,303799,0,,01_Raw/RIPLEY/Facturacion\dteproveedor_6015.xml
dteproveedor_6017.xml,DOCUMENTO,33,2051349,2025-06-25,83382700-6,Comercial Eccsa S.A.,77898100-9,IMPORTADORA Y COMERCIALIZADOR NANDA SPA,53874,0,,01_Raw/RIPLEY/Facturacion\dteproveedor_6017.xml
dteproveedor_6050.xml,DOCUMENTO,33,2156789,2025-06-28,83382700-6,Comercial Eccsa S.A.,77898100-9,IMPORTADORA Y COMERCIALIZADOR NANDA SPA,853416,0,,01_Raw/RIPLEY/Facturacion\dteproveedor_6050.xml
dteproveedor_6051.xml,DOCUMENTO,33,2156790,2025-06-28,83382700-6,Comercial Eccsa S.A.,77898100-9,IMPORTADORA Y COMERCIALIZADOR NANDA SPA,323966,0,,01_Raw/RIPLEY/Facturacion\dteproveedor_6051.xml
dteproveedor_6055.xml,LIQUIDACION,43,114184,2025-06-30,83382700-6,Comercial Eccsa S.A.,77898100-9,IMPORTADORA Y COMERCIALIZADOR NANDA SPA,1677506,0,,01_Raw/RIPLEY/Facturacion\dteproveedor_6055.xml
dteproveedor_6056.xml,LIQUIDACION,43,114180,2025-06-30,83382700-6,Comercial Eccsa S.A.,77898100-9,IMPORTADORA Y COMERCIALIZADOR NANDA SPA,204142,0,,01_Raw/RIPLEY/Facturacion\dteproveedor_6056.xml
dteproveedor_6057.xml,LIQUIDACION,43,114181,2025-06-30,83382700-6,Comercial Eccsa S.A.,77898100-9,IMPORTADORA Y COMERCIALIZADOR NANDA SPA,1597162,0,,01_Raw/RIPLEY/Facturacion\dteproveedor_6057.xml
dteproveedor_6058.xml,LIQUIDACION,43,114182,2025-06-30,83382700-6,Comercial Eccsa S.A.,77898100-9,IMPORTADORA Y COMERCIALIZADOR NANDA SPA,1531753,0,,01_Raw/RIPLEY/Facturacion\dteproveedor_6058.xml
dteproveedor_6059.xml,LIQUIDACION,43,114183,2025-06-30,83382700-6,Comercial Eccsa S.A.,77898100-9,IMPORTADORA Y COMERCIALIZADOR NANDA SPA,1293732,0,,01_Raw/RIPLEY/Facturacion\dteproveedor_6059.xml
dteproveedor_6060.xml,DOCUMENTO,33,2158559,2025-06-30,83382700-6,Comercial Eccsa S.A.,77898100-9,IMPORTADORA Y COMERCIALIZADOR NANDA SPA,260048,0,,01_Raw/RIPLEY/Facturacion\dteproveedor_6060.xml
dteproveedor_6063.xml,DOCUMENTO,61,7333235,2025-06-30,83382700-6,Comercial Eccsa S.A.,77898100-9,IMPORTADORA Y COMERCIALIZADOR NANDA SPA,46809,1,0,01_Raw/RIPLEY/Facturacion\dteproveedor_6063.xml
dteproveedor_6065.xml,DOCUMENTO,33,2158839,2025-07-03,83382700-6,Comercial Eccsa S.A.,77898100-9,IMPORTADORA Y COMERCIALIZADOR NANDA SPA,381181,1,-,01_Raw/RIPLEY/Facturacion\dteproveedor_6065.xml
dteproveedor_6087.xml,DOCUMENTO,33,2052480,2025-07-10,83382700-6,Comercial Eccsa S.A.,77898100-9,IMPORTADORA Y COMERCIALIZADOR NANDA SPA,726264,0,,01_Raw/RIPLEY/Facturacion\dteproveedor_6087.xml
dteproveedor_6108.xml,DOCUMENTO,33,2159778,2025-07-13,83382700-6,Comercial Eccsa S.A.,77898100-9,IMPORTADORA Y COMERCIALIZADOR NANDA SPA,2187626,0,,01_Raw/RIPLEY/Facturacion\dteproveedor_6108.xml
dteproveedor_6109.xml,DOCUMENTO,33,2159779,2025-07-13,83382700-6,Comercial Eccsa S.A.,77898100-9,IMPORTADORA Y COMERCIALIZADOR NANDA SPA,767994,0,,01_Raw/RIPLEY/Facturacion\dteproveedor_6109.xml
dteproveedor_6125.xml,DOCUMENTO,33,2053675,2025-07-25,83382700-6,Comercial Eccsa S.A.,77898100-9,IMPORTADORA Y COMERCIALIZADOR NANDA SPA,929430,0,,01_Raw/RIPLEY/Facturacion\dteproveedor_6125.xml
dteproveedor_6126.xml,DOCUMENTO,33,2053677,2025-07-25,83382700-6,Comercial Eccsa S.A.,77898100-9,IMPORTADORA Y COMERCIALIZADOR NANDA SPA,700000,0,,01_Raw/RIPLEY/Facturacion\dteproveedor_6126.xml
dteproveedor_6127.xml,DOCUMENTO,33,2053679,2025-07-25,83382700-6,Comercial Eccsa S.A.,77898100-9,IMPORTADORA Y COMERCIALIZADOR NANDA SPA,262625,0,,01_Raw/RIPLEY/Facturacion\dteproveedor_6127.xml
dteproveedor_6128.xml,DOCUMENTO,33,2053672,2025-07-25,83382700-6,Comercial Eccsa S.A.,77898100-9,IMPORTADORA Y COMERCIALIZADOR NANDA SPA,988011,0,,01_Raw/RIPLEY/Facturacion\dteproveedor_6128.xml
dteproveedor_6129.xml,DOCUMENTO,33,2053827,2025-07-25,83382700-6,Comercial Eccsa S.A.,77898100-9,IMPORTADORA Y COMERCIALIZADOR NANDA SPA,814084,0,,01_Raw/RIPLEY/Facturacion\dteproveedor_6129.xml
dteproveedor_6137.xml,DOCUMENTO,33,2162026,2025-07-29,83382700-6,Comercial Eccsa S.A.,77898100-9,IMPORTADORA Y COMERCIALIZADOR NANDA SPA,594429,1,-,01_Raw/RIPLEY/Facturacion\dteproveedor_6137.xml
dteproveedor_6139.xml,DOCUMENTO,33,2164374,2025-07-25,83382700-6,Comercial Eccsa S.A.,77898100-9,IMPORTADORA Y COMERCIALIZADOR NANDA SPA,321536,0,,01_Raw/RIPLEY/Facturacion\dteproveedor_6139.xml
dteproveedor_6140.xml,DOCUMENTO,33,2164375,2025-07-25,83382700-6,Comercial Eccsa S.A.,77898100-9,IMPORTADORA Y COMERCIALIZADOR NANDA SPA,8842,0,,01_Raw/RIPLEY/Facturacion\dteproveedor_6140.xml
dteproveedor_6141.xml,DOCUMENTO,33,2162422,2025-07-28,83382700-6,Comercial Eccsa S.A.,77898100-9,IMPORTADORA Y COMERCIALIZADOR NANDA SPA,532649,0,,01_Raw/RIPLEY/Facturacion\dteproveedor_6141.xml
dteproveedor_6142.xml,DOCUMENTO,33,2162421,2025-07-28,83382700-6,Comercial Eccsa S.A.,77898100-9,IMPORTADORA Y COMERCIALIZADOR NANDA SPA,1747471,0,,01_Raw/RIPLEY/Facturacion\dteproveedor_6142.xml
dteproveedor_6171.xml,DOCUMENTO,33,2184510,2025-07-31,83382700-6,Comercial Eccsa S.A.,77898100-9,IMPORTADORA Y COMERCIALIZADOR NANDA SPA,497891,0,,01_Raw/RIPLEY/Facturacion\dteproveedor_6171.xml
dteproveedor_6172.xml,DOCUMENTO,61,7333328,2025-07-31,83382700-6,Comercial Eccsa S.A.,77898100-9,IMPORTADORA Y COMERCIALIZADOR NANDA SPA,89620,1,0,01_Raw/RIPLEY/Facturacion\dteproveedor_6172.xml
dteproveedor_6174.xml,LIQUIDACION,43,113039,2025-07-31,83382700-6,Comercial Eccsa S.A.,77898100-9,IMPORTADORA Y COMERCIALIZADOR NANDA SPA,1388807,0,,01_Raw/RIPLEY/Facturacion\dteproveedor_6174.xml
dteproveedor_6175.xml,LIQUIDACION,43,113040,2025-07-31,83382700-6,Comercial Eccsa S.A.,77898100-9,IMPORTADORA Y COMERCIALIZADOR NANDA SPA,1128082,0,,01_Raw/RIPLEY/Facturacion\dteproveedor_6175.xml
dteproveedor_6195.xml,DOCUMENTO,33,2164559,2025-08-11,83382700-6,Comercial Eccsa S.A.,77898100-9,IMPORTADORA Y COMERCIALIZADOR NANDA SPA,990,0,,01_Raw/RIPLEY/Facturacion\dteproveedor_6195.xml
dteproveedor_6198.xml,DOCUMENTO,33,2165374,2025-08-11,83382700-6,Comercial Eccsa S.A.,77898100-9,IMPORTADORA Y COMERCIALIZADOR NANDA SPA,919576,0,,01_Raw/RIPLEY/Facturacion\dteproveedor_6198.xml
dteproveedor_6226.xml,DOCUMENTO,33,2185752,2025-08-13,83382700-6,Comercial Eccsa S.A.,77898100-9,IMPORTADORA Y COMERCIALIZADOR NANDA SPA,1938564,0,,01_Raw/RIPLEY/Facturacion\dteproveedor_6226.xml
dteproveedor_6227.xml,DOCUMENTO,33,2185753,2025-08-13,83382700-6,Comercial Eccsa S.A.,77898100-9,IMPORTADORA Y COMERCIALIZADOR NANDA SPA,613526,0,,01_Raw/RIPLEY/Facturacion\dteproveedor_6227.xml
dteproveedor_6242.xml,DOCUMENTO,52,49851474,2025-08-25,83382700-6,COMERCIAL ECCSA S.A.,77898100-9,IMPORTADORA Y COMERCIALIZADORA NANDA SPA,1402737,1,13074128,01_Raw/RIPLEY/Facturacion\dteproveedor_6242.xml
dteproveedor_6243.xml,DOCUMENTO,52,49851475,2025-08-25,83382700-6,COMERCIAL ECCSA S.A.,77898100-9,IMPORTADORA Y COMERCIALIZADORA NANDA SPA,1217794,1,13074129,01_Raw/RIPLEY/Facturacion\dteproveedor_6243.xml
dteproveedor_6244.xml,DOCUMENTO,52,49851476,2025-08-25,83382700-6,COMERCIAL ECCSA S.A.,77898100-9,IMPORTADORA Y COMERCIALIZADORA NANDA SPA,170790,1,13074130,01_Raw/RIPLEY/Facturacion\dteproveedor_6244.xml
dteproveedor_6245.xml,DOCUMENTO,33,2166682,2025-08-25,83382700-6,Comercial Eccsa S.A.,77898100-9,IMPORTADORA Y COMERCIALIZADOR NANDA SPA,694504,0,,01_Raw/RIPLEY/Facturacion\dteproveedor_6245.xml
dteproveedor_6246.xml,DOCUMENTO,33,2166716,2025-08-25,83382700-6,Comercial Eccsa S.A.,77898100-9,IMPORTADORA Y COMERCIALIZADOR NANDA SPA,809177,0,,01_Raw/RIPLEY/Facturacion\dteproveedor_6246.xml
dteproveedor_6257.xml,DOCUMENTO,33,2188352,2025-08-27,83382700-6,Comercial Eccsa S.A.,77898100-9,IMPORTADORA Y COMERCIALIZADOR NANDA SPA,256647,1,-,01_Raw/RIPLEY/Facturacion\dteproveedor_6257.xml
dteproveedor_6277.xml,DOCUMENTO,33,2188902,2025-08-28,83382700-6,Comercial Eccsa S.A.,77898100-9,IMPORTADORA Y COMERCIALIZADOR NANDA SPA,428855,0,,01_Raw/RIPLEY/Facturacion\dteproveedor_6277.xml
dteproveedor_6278.xml,DOCUMENTO,33,2188901,2025-08-28,83382700-6,Comercial Eccsa S.A.,77898100-9,IMPORTADORA Y COMERCIALIZADOR NANDA SPA,1478435,0,,01_Raw/RIPLEY/Facturacion\dteproveedor_6278.xml
dteproveedor_6297.xml,DOCUMENTO,33,2190924,2025-08-31,83382700-6,Comercial Eccsa S.A.,77898100-9,IMPORTADORA Y COMERCIALIZADOR NANDA SPA,187961,0,,01_Raw/RIPLEY/Facturacion\dteproveedor_6297.xml
dteproveedor_6298.xml,DOCUMENTO,61,7333445,2025-08-31,83382700-6,Comercial Eccsa S.A.,77898100-9,IMPORTADORA Y COMERCIALIZADOR NANDA SPA,33833,1,0,01_Raw/RIPLEY/Facturacion\dteproveedor_6298.xml
dteproveedor_6324.xml,DOCUMENTO,61,7333547,2025-09-11,83382700-6,Comercial Eccsa S.A.,77898100-9,IMPORTADORA Y COMERCIALIZADOR NANDA SPA,33410,1,02044806,01_Raw/RIPLEY/Facturacion\dteproveedor_6324.xml
dteproveedor_6326.xml,DOCUMENTO,33,2168120,2025-09-11,83382700-6,Comercial Eccsa S.A.,77898100-9,IMPORTADORA Y COMERCIALIZADOR NANDA SPA,841817,0,,01_Raw/RIPLEY/Facturacion\dteproveedor_6326.xml
dteproveedor_6356.xml,DOCUMENTO,33,2192294,2025-09-13,83382700-6,Comercial Eccsa S.A.,77898100-9,IMPORTADORA Y COMERCIALIZADOR NANDA SPA,594620,0,,01_Raw/RIPLEY/Facturacion\dteproveedor_6356.xml
dteproveedor_6357.xml,DOCUMENTO,33,2192293,2025-09-13,83382700-6,Comercial Eccsa S.A.,77898100-9,IMPORTADORA Y COMERCIALIZADOR NANDA SPA,1823884,0,,01_Raw/RIPLEY/Facturacion\dteproveedor_6357.xml
dteproveedor_6364.xml,DOCUMENTO,61,7413834,2025-09-23,83382700-6,Comercial Eccsa S.A.,77898100-9,IMPORTADORA Y COMERCIALIZADOR NANDA SPA,162602,1,02139163,01_Raw/RIPLEY/Facturacion\dteproveedor_6364.xml
dteproveedor_6370.xml,DOCUMENTO,33,2169317,2025-09-26,83382700-6,Comercial Eccsa S.A.,77898100-9,IMPORTADORA Y COMERCIALIZADOR NANDA SPA,128803,0,,01_Raw/RIPLEY/Facturacion\dteproveedor_6370.xml
dteproveedor_6372.xml,DOCUMENTO,33,2169655,2025-09-26,83382700-6,Comercial Eccsa S.A.,77898100-9,IMPORTADORA Y COMERCIALIZADOR NANDA SPA,2698,0,,01_Raw/RIPLEY/Facturacion\dteproveedor_6372.xml
dteproveedor_6396.xml,DOCUMENTO,33,2195095,2025-09-28,83382700-6,Comercial Eccsa S.A.,77898100-9,IMPORTADORA Y COMERCIALIZADOR NANDA SPA,238180,0,,01_Raw/RIPLEY/Facturacion\dteproveedor_6396.xml
dteproveedor_6397.xml,DOCUMENTO,33,2195094,2025-09-28,83382700-6,Comercial Eccsa S.A.,77898100-9,IMPORTADORA Y COMERCIALIZADOR NANDA SPA,780536,0,,01_Raw/RIPLEY/Facturacion\dteproveedor_6397.xml
dteproveedor_6401.xml,DOCUMENTO,33,2196355,2025-10-01,83382700-6,Comercial Eccsa S.A.,77898100-9,IMPORTADORA Y COMERCIALIZADOR NANDA SPA,66841,0,,01_Raw/RIPLEY/Facturacion\dteproveedor_6401.xml
dteproveedor_6406.xml,LIQUIDACION,43,115885,2025-09-30,83382700-6,Comercial Eccsa S.A.,77898100-9,IMPORTADORA Y COMERCIALIZADOR NANDA SPA,368087,0,,01_Raw/RIPLEY/Facturacion\dteproveedor_6406.xml
dteproveedor_6407.xml,LIQUIDACION,43,115886,2025-09-30,83382700-6,Comercial Eccsa S.A.,77898100-9,IMPORTADORA Y COMERCIALIZADOR NANDA SPA,595167,0,,01_Raw/RIPLEY/Facturacion\dteproveedor_6407.xml
dteproveedor_6438.xml,DOCUMENTO,33,2170081,2025-10-10,83382700-6,Comercial Eccsa S.A.,77898100-9,IMPORTADORA Y COMERCIALIZADOR NANDA SPA,699544,0,,01_Raw/RIPLEY/Facturacion\dteproveedor_6438.xml
dteproveedor_6439.xml,DOCUMENTO,33,2170083,2025-10-10,83382700-6,Comercial Eccsa S.A.,77898100-9,IMPORTADORA Y COMERCIALIZADOR NANDA SPA,646764,0,,01_Raw/RIPLEY/Facturacion\dteproveedor_6439.xml
dteproveedor_6440.xml,DOCUMENTO,33,2170663,2025-10-10,83382700-6,Comercial Eccsa S.A.,77898100-9,IMPORTADORA Y COMERCIALIZADOR NANDA SPA,956871,0,,01_Raw/RIPLEY/Facturacion\dteproveedor_6440.xml
dteproveedor_6455.xml,DOCUMENTO,33,2198156,2025-10-13,83382700-6,Comercial Eccsa S.A.,77898100-9,IMPORTADORA Y COMERCIALIZADOR NANDA SPA,1967118,0,,01_Raw/RIPLEY/Facturacion\dteproveedor_6455.xml
dteproveedor_6456.xml,DOCUMENTO,33,2198157,2025-10-13,83382700-6,Comercial Eccsa S.A.,77898100-9,IMPORTADORA Y COMERCIALIZADOR NANDA SPA,687838,0,,01_Raw/RIPLEY/Facturacion\dteproveedor_6456.xml
dteproveedor_6463.xml,DOCUMENTO,33,2200539,2025-10-21,83382700-6,Comercial Eccsa S.A.,77898100-9,IMPORTADORA Y COMERCIALIZADOR NANDA SPA,87782,1,-,01_Raw/RIPLEY/Facturacion\dteproveedor_6463.xml
dteproveedor_6466.xml,DOCUMENTO,61,7414029,2025-10-22,83382700-6,Comercial Eccsa S.A.,77898100-9,IMPORTADORA Y COMERCIALIZADOR NANDA SPA,10673,1,02196355,01_Raw/RIPLEY/Facturacion\dteproveedor_6466.xml
dteproveedor_6469.xml,DOCUMENTO,33,2171455,2025-10-24,83382700-6,Comercial Eccsa S.A.,77898100-9,IMPORTADORA Y COMERCIALIZADOR NANDA SPA,990,0,,01_Raw/RIPLEY/Facturacion\dteproveedor_6469.xml
dteproveedor_6471.xml,DOCUMENTO,33,2172270,2025-10-24,83382700-6,Comercial Eccsa S.A.,77898100-9,IMPORTADORA Y COMERCIALIZADOR NANDA SPA,691153,0,,01_Raw/RIPLEY/Facturacion\dteproveedor_6471.xml
dteproveedor_6472.xml,DOCUMENTO,33,2172831,2025-10-24,83382700-6,Comercial Eccsa S.A.,77898100-9,IMPORTADORA Y COMERCIALIZADOR NANDA SPA,3418,0,,01_Raw/RIPLEY/Facturacion\dteproveedor_6472.xml
dteproveedor_6492.xml,DOCUMENTO,33,2201271,2025-10-28,83382700-6,Comercial Eccsa S.A.,77898100-9,IMPORTADORA Y COMERCIALIZADOR NANDA SPA,1676128,0,,01_Raw/RIPLEY/Facturacion\dteproveedor_6492.xml
dteproveedor_6493.xml,DOCUMENTO,33,2201272,2025-10-28,83382700-6,Comercial Eccsa S.A.,77898100-9,IMPORTADORA Y COMERCIALIZADOR NANDA SPA,462528,0,,01_Raw/RIPLEY/Facturacion\dteproveedor_6493.xml
dteproveedor_6514.xml,DOCUMENTO,61,7414139,2025-10-31,83382700-6,Comercial Eccsa S.A.,77898100-9,IMPORTADORA Y COMERCIALIZADOR NANDA SPA,27804,1,0,01_Raw/RIPLEY/Facturacion\dteproveedor_6514.xml
dteproveedor_6520.xml,DOCUMENTO,33,2203572,2025-10-31,83382700-6,Comercial Eccsa S.A.,77898100-9,IMPORTADORA Y COMERCIALIZADOR NANDA SPA,154470,0,,01_Raw/RIPLEY/Facturacion\dteproveedor_6520.xml
dteproveedor_6522.xml,LIQUIDACION,43,116961,2025-10-31,83382700-6,Comercial Eccsa S.A.,77898100-9,IMPORTADORA Y COMERCIALIZADOR NANDA SPA,315442,0,,01_Raw/RIPLEY/Facturacion\dteproveedor_6522.xml
dteproveedor_6523.xml,LIQUIDACION,43,116962,2025-10-31,83382700-6,Comercial Eccsa S.A.,77898100-9,IMPORTADORA Y COMERCIALIZADOR NANDA SPA,661282,0,,01_Raw/RIPLEY/Facturacion\dteproveedor_6523.xml
dteproveedor_6524.xml,LIQUIDACION,43,116963,2025-10-31,83382700-6,Comercial Eccsa S.A.,77898100-9,IMPORTADORA Y COMERCIALIZADOR NANDA SPA,557102,0,,01_Raw/RIPLEY/Facturacion\dteproveedor_6524.xml
dteproveedor_6525.xml,LIQUIDACION,43,116964,2025-10-31,83382700-6,Comercial Eccsa S.A.,77898100-9,IMPORTADORA Y COMERCIALIZADOR NANDA SPA,706054,0,,01_Raw/RIPLEY/Facturacion\dteproveedor_6525.xml
dteproveedor_6526.xml,LIQUIDACION,43,116965,2025-10-31,83382700-6,Comercial Eccsa S.A.,77898100-9,IMPORTADORA Y COMERCIALIZADOR NANDA SPA,580068,0,,01_Raw/RIPLEY/Facturacion\dteproveedor_6526.xml
dteproveedor_6527.xml,LIQUIDACION,43,116966,2025-10-31,83382700-6,Comercial Eccsa S.A.,77898100-9,IMPORTADORA Y COMERCIALIZADOR NANDA SPA,472155,0,,01_Raw/RIPLEY/Facturacion\dteproveedor_6527.xml
dteproveedor_6528.xml,LIQUIDACION,43,116967,2025-10-31,83382700-6,Comercial Eccsa S.A.,77898100-9,IMPORTADORA Y COMERCIALIZADOR NANDA SPA,473860,0,,01_Raw/RIPLEY/Facturacion\dteproveedor_6528.xml
dteproveedor_6529.xml,LIQUIDACION,43,116968,2025-10-31,83382700-6,Comercial Eccsa S.A.,77898100-9,IMPORTADORA Y COMERCIALIZADOR NANDA SPA,595923,0,,01_Raw/RIPLEY/Facturacion\dteproveedor_6529.xml
dteproveedor_6547.xml,DOCUMENTO,33,2173657,2025-11-10,83382700-6,Comercial Eccsa S.A.,77898100-9,IMPORTADORA Y COMERCIALIZADOR NANDA SPA,842001,0,,01_Raw/RIPLEY/Facturacion\dteproveedor_6547.xml
dteproveedor_6578.xml,DOCUMENTO,33,2262579,2025-11-13,83382700-6,Comercial Eccsa S.A.,77898100-9,IMPORTADORA Y COMERCIALIZADOR NANDA SPA,1287980,0,,01_Raw/RIPLEY/Facturacion\dteproveedor_6578.xml
dteproveedor_6579.xml,DOCUMENTO,33,2263211,2025-11-13,83382700-6,Comercial Eccsa S.A.,77898100-9,IMPORTADORA Y COMERCIALIZADOR NANDA SPA,411378,0,,01_Raw/RIPLEY/Facturacion\dteproveedor_6579.xml
dteproveedor_6585.xml,DOCUMENTO,33,2265026,2025-11-20,83382700-6,Comercial Eccsa S.A.,77898100-9,IMPORTADORA Y COMERCIALIZADOR NANDA SPA,388135,0,,01_Raw/RIPLEY/Facturacion\dteproveedor_6585.xml
dteproveedor_6586.xml,DOCUMENTO,33,2265025,2025-11-20,83382700-6,Comercial Eccsa S.A.,77898100-9,IMPORTADORA Y COMERCIALIZADOR NANDA SPA,1072577,0,,01_Raw/RIPLEY/Facturacion\dteproveedor_6586.xml
dteproveedor_6589.xml,DOCUMENTO,33,2282565,2025-11-25,83382700-6,Comercial Eccsa S.A.,77898100-9,IMPORTADORA Y COMERCIALIZADOR NANDA SPA,494171,0,,01_Raw/RIPLEY/Facturacion\dteproveedor_6589.xml
dteproveedor_6591.xml,DOCUMENTO,33,2282983,2025-11-25,83382700-6,Comercial Eccsa S.A.,77898100-9,IMPORTADORA Y COMERCIALIZADOR NANDA SPA,1064738,0,,01_Raw/RIPLEY/Facturacion\dteproveedor_6591.xml
dteproveedor_6592.xml,DOCUMENTO,52,51258036,2025-11-26,83382700-6,COMERCIAL ECCSA S.A.,77898100-9,IMPORTADORA Y COMERCIALIZADORA NANDA SPA,169471,1,13353135,01_Raw/RIPLEY/Facturacion\dteproveedor_6592.xml
dteproveedor_6594.xml,DOCUMENTO,33,2266672,2025-11-25,83382700-6,Comercial Eccsa S.A.,77898100-9,IMPORTADORA Y COMERCIALIZADOR NANDA SPA,595173,1,-,01_Raw/RIPLEY/Facturacion\dteproveedor_6594.xml
dteproveedor_6621.xml,DOCUMENTO,33,2267362,2025-11-28,83382700-6,Comercial Eccsa S.A.,77898100-9,IMPORTADORA Y COMERCIALIZADOR NANDA SPA,736872,0,,01_Raw/RIPLEY/Facturacion\dteproveedor_6621.xml
dteproveedor_6622.xml,DOCUMENTO,33,2267363,2025-11-28,83382700-6,Comercial Eccsa S.A.,77898100-9,IMPORTADORA Y COMERCIALIZADOR NANDA SPA,260091,0,,01_Raw/RIPLEY/Facturacion\dteproveedor_6622.xml
dteproveedor_6626.xml,LIQUIDACION,43,117865,2025-11-30,83382700-6,Comercial Eccsa S.A.,77898100-9,IMPORTADORA Y COMERCIALIZADOR NANDA SPA,397677,0,,01_Raw/RIPLEY/Facturacion\dteproveedor_6626.xml
dteproveedor_6627.xml,LIQUIDACION,43,117866,2025-11-30,83382700-6,Comercial Eccsa S.A.,77898100-9,IMPORTADORA Y COMERCIALIZADOR NANDA SPA,546070,0,,01_Raw/RIPLEY/Facturacion\dteproveedor_6627.xml
dteproveedor_6628.xml,LIQUIDACION,43,117864,2025-11-30,83382700-6,Comercial Eccsa S.A.,77898100-9,IMPORTADORA Y COMERCIALIZADOR NANDA SPA,602341,0,,01_Raw/RIPLEY/Facturacion\dteproveedor_6628.xml
dteproveedor_6629.xml,LIQUIDACION,43,117867,2025-11-30,83382700-6,Comercial Eccsa S.A.,77898100-9,IMPORTADORA Y COMERCIALIZADOR NANDA SPA,609136,0,,01_Raw/RIPLEY/Facturacion\dteproveedor_6629.xml
dteproveedor_6630.xml,LIQUIDACION,43,117869,2025-11-30,83382700-6,Comercial Eccsa S.A.,77898100-9,IMPORTADORA Y COMERCIALIZADOR NANDA SPA,847964,0,,01_Raw/RIPLEY/Facturacion\dteproveedor_6630.xml
dteproveedor_6631.xml,LIQUIDACION,43,117870,2025-11-30,83382700-6,Comercial Eccsa S.A.,77898100-9,IMPORTADORA Y COMERCIALIZADOR NANDA SPA,414921,0,,01_Raw/RIPLEY/Facturacion\dteproveedor_6631.xml
dteproveedor_6632.xml,LIQUIDACION,43,117871,2025-11-30,83382700-6,Comercial Eccsa S.A.,77898100-9,IMPORTADORA Y COMERCIALIZADOR NANDA SPA,358348,0,,01_Raw/RIPLEY/Facturacion\dteproveedor_6632.xml
dteproveedor_6633.xml,LIQUIDACION,43,117872,2025-11-30,83382700-6,Comercial Eccsa S.A.,77898100-9,IMPORTADORA Y COMERCIALIZADOR NANDA SPA,623340,0,,01_Raw/RIPLEY/Facturacion\dteproveedor_6633.xml
dteproveedor_6634.xml,LIQUIDACION,43,117861,2025-11-30,83382700-6,Comercial Eccsa S.A.,77898100-9,IMPORTADORA Y COMERCIALIZADOR NANDA SPA,629950,0,,01_Raw/RIPLEY/Facturacion\dteproveedor_6634.xml
dteproveedor_6635.xml,LIQUIDACION,43,117862,2025-11-30,83382700-6,Comercial Eccsa S.A.,77898100-9,IMPORTADORA Y COMERCIALIZADOR NANDA SPA,769347,0,,01_Raw/RIPLEY/Facturacion\dteproveedor_6635.xml
dteproveedor_6636.xml,LIQUIDACION,43,117863,2025-11-30,83382700-6,Comercial Eccsa S.A.,77898100-9,IMPORTADORA Y COMERCIALIZADOR NANDA SPA,764179,0,,01_Raw/RIPLEY/Facturacion\dteproveedor_6636.xml
dteproveedor_6637.xml,LIQUIDACION,43,117868,2025-11-30,83382700-6,Comercial Eccsa S.A.,77898100-9,IMPORTADORA Y COMERCIALIZADOR NANDA SPA,168780,0,,01_Raw/RIPLEY/Facturacion\dteproveedor_6637.xml
dteproveedor_6638.xml,DOCUMENTO,61,7504327,2025-11-30,83382700-6,Comercial Eccsa S.A.,77898100-9,IMPORTADORA Y COMERCIALIZADOR NANDA SPA,8622,1,0,01_Raw/RIPLEY/Facturacion\dteproveedor_6638.xml
dteproveedor_6639.xml,DOCUMENTO,33,2268956,2025-11-30,83382700-6,Comercial Eccsa S.A.,77898100-9,IMPORTADORA Y COMERCIALIZADOR NANDA SPA,47889,0,,01_Raw/RIPLEY/Facturacion\dteproveedor_6639.xml
dteproveedor_6668.xml,DOCUMENTO,33,2283924,2025-12-11,83382700-6,Comercial Eccsa S.A.,77898100-9,IMPORTADORA Y COMERCIALIZADOR NANDA SPA,339400,0,,01_Raw/RIPLEY/Facturacion\dteproveedor_6668.xml
dteproveedor_6669.xml,DOCUMENTO,33,2284007,2025-12-11,83382700-6,Comercial Eccsa S.A.,77898100-9,IMPORTADORA Y COMERCIALIZADOR NANDA SPA,694072,0,,01_Raw/RIPLEY/Facturacion\dteproveedor_6669.xml
dteproveedor_6670.xml,DOCUMENTO,33,2284006,2025-12-11,83382700-6,Comercial Eccsa S.A.,77898100-9,IMPORTADORA Y COMERCIALIZADOR NANDA SPA,700000,0,,01_Raw/RIPLEY/Facturacion\dteproveedor_6670.xml
dteproveedor_6671.xml,DOCUMENTO,33,2284008,2025-12-11,83382700-6,Comercial Eccsa S.A.,77898100-9,IMPORTADORA Y COMERCIALIZADOR NANDA SPA,592461,0,,01_Raw/RIPLEY/Facturacion\dteproveedor_6671.xml
dteproveedor_6681.xml,DOCUMENTO,33,2271182,2025-12-05,83382700-6,Comercial Eccsa S.A.,77898100-9,IMPORTADORA Y COMERCIALIZADOR NANDA SPA,561355,0,,01_Raw/RIPLEY/Facturacion\dteproveedor_6681.xml
dteproveedor_6682.xml,DOCUMENTO,33,2271181,2025-12-05,83382700-6,Comercial Eccsa S.A.,77898100-9,IMPORTADORA Y COMERCIALIZADOR NANDA SPA,1308597,0,,01_Raw/RIPLEY/Facturacion\dteproveedor_6682.xml
dteproveedor_6702.xml,DOCUMENTO,33,2271872,2025-12-10,83382700-6,Comercial Eccsa S.A.,77898100-9,IMPORTADORA Y COMERCIALIZADOR NANDA SPA,1756370,0,,01_Raw/RIPLEY/Facturacion\dteproveedor_6702.xml
dteproveedor_6713.xml,DOCUMENTO,33,2284772,2025-12-17,83382700-6,Comercial Eccsa S.A.,77898100-9,IMPORTADORA Y COMERCIALIZADOR NANDA SPA,629591,0,,01_Raw/RIPLEY/Facturacion\dteproveedor_6713.xml
dteproveedor_6717.xml,DOCUMENTO,33,2292933,2025-12-13,83382700-6,Comercial Eccsa S.A.,77898100-9,IMPORTADORA Y COMERCIALIZADOR NANDA SPA,488876,0,,01_Raw/RIPLEY/Facturacion\dteproveedor_6717.xml
dteproveedor_6718.xml,DOCUMENTO,33,2292932,2025-12-13,83382700-6,Comercial Eccsa S.A.,77898100-9,IMPORTADORA Y COMERCIALIZADOR NANDA SPA,1606438,0,,01_Raw/RIPLEY/Facturacion\dteproveedor_6718.xml
dteproveedor_6733.xml,DOCUMENTO,33,2295259,2025-12-20,83382700-6,Comercial Eccsa S.A.,77898100-9,IMPORTADORA Y COMERCIALIZADOR NANDA SPA,851643,0,,01_Raw/RIPLEY/Facturacion\dteproveedor_6733.xml
dteproveedor_6734.xml,DOCUMENTO,33,2295260,2025-12-20,83382700-6,Comercial Eccsa S.A.,77898100-9,IMPORTADORA Y COMERCIALIZADOR NANDA SPA,377306,0,,01_Raw/RIPLEY/Facturacion\dteproveedor_6734.xml
dteproveedor_6735.xml,DOCUMENTO,33,2297188,2025-12-22,83382700-6,Comercial Eccsa S.A.,77898100-9,IMPORTADORA Y COMERCIALIZADOR NANDA SPA,816730,1,-,01_Raw/RIPLEY/Facturacion\dteproveedor_6735.xml
dteproveedor_6741.xml,DOCUMENTO,33,2286787,2025-12-26,83382700-6,Comercial Eccsa S.A.,77898100-9,IMPORTADORA Y COMERCIALIZADOR NANDA SPA,625409,0,,01_Raw/RIPLEY/Facturacion\dteproveedor_6741.xml
dteproveedor_6742.xml,DOCUMENTO,33,2286813,2025-12-26,83382700-6,Comercial Eccsa S.A.,77898100-9,IMPORTADORA Y COMERCIALIZADOR NANDA SPA,1077220,0,,01_Raw/RIPLEY/Facturacion\dteproveedor_6742.xml
dteproveedor_6750.xml,DOCUMENTO,33,2297775,2025-12-28,83382700-6,Comercial Eccsa S.A.,77898100-9,IMPORTADORA Y COMERCIALIZADOR NANDA SPA,241290,0,,01_Raw/RIPLEY/Facturacion\dteproveedor_6750.xml
dteproveedor_6751.xml,DOCUMENTO,33,2297774,2025-12-28,83382700-6,Comercial Eccsa S.A.,77898100-9,IMPORTADORA Y COMERCIALIZADOR NANDA SPA,620753,0,,01_Raw/RIPLEY/Facturacion\dteproveedor_6751.xml
dteproveedor_6768.xml,DOCUMENTO,33,2287693,2026-01-02,83382700-6,Comercial Eccsa S.A.,77898100-9,IMPORTADORA Y COMERCIALIZADOR NANDA SPA,700000,0,,01_Raw/RIPLEY/Facturacion\dteproveedor_6768.xml
dteproveedor_6769.xml,DOCUMENTO,33,2287896,2026-01-02,83382700-6,Comercial Eccsa S.A.,77898100-9,IMPORTADORA Y COMERCIALIZADOR NANDA SPA,255159,0,,01_Raw/RIPLEY/Facturacion\dteproveedor_6769.xml
dteproveedor_6786.xml,DOCUMENTO,33,2299818,2025-12-31,83382700-6,Comercial Eccsa S.A.,77898100-9,IMPORTADORA Y COMERCIALIZADOR NANDA SPA,156628,0,,01_Raw/RIPLEY/Facturacion\dteproveedor_6786.xml
dteproveedor_6787.xml,DOCUMENTO,33,2299819,2025-12-31,83382700-6,Comercial Eccsa S.A.,77898100-9,IMPORTADORA Y COMERCIALIZADOR NANDA SPA,742010,0,,01_Raw/RIPLEY/Facturacion\dteproveedor_6787.xml
dteproveedor_6788.xml,DOCUMENTO,33,2299820,2025-12-31,83382700-6,Comercial Eccsa S.A.,77898100-9,IMPORTADORA Y COMERCIALIZADOR NANDA SPA,140139,0,,01_Raw/RIPLEY/Facturacion\dteproveedor_6788.xml
dteproveedor_6789.xml,DOCUMENTO,61,7504482,2025-12-31,83382700-6,Comercial Eccsa S.A.,77898100-9,IMPORTADORA Y COMERCIALIZADOR NANDA SPA,186980,1,0,01_Raw/RIPLEY/Facturacion\dteproveedor_6789.xml
dteproveedor_6790.xml,LIQUIDACION,43,119099,2025-12-31,83382700-6,Comercial Eccsa S.A.,77898100-9,IMPORTADORA Y COMERCIALIZADOR NANDA SPA,694687,0,,01_Raw/RIPLEY/Facturacion\dteproveedor_6790.xml
dteproveedor_6791.xml,LIQUIDACION,43,119100,2025-12-31,83382700-6,Comercial Eccsa S.A.,77898100-9,IMPORTADORA Y COMERCIALIZADOR NANDA SPA,635529,0,,01_Raw/RIPLEY/Facturacion\dteproveedor_6791.xml
dteproveedor_6792.xml,LIQUIDACION,43,119105,2025-12-31,83382700-6,Comercial Eccsa S.A.,77898100-9,IMPORTADORA Y COMERCIALIZADOR NANDA SPA,534127,0,,01_Raw/RIPLEY/Facturacion\dteproveedor_6792.xml
dteproveedor_6793.xml,LIQUIDACION,43,119106,2025-12-31,83382700-6,Comercial Eccsa S.A.,77898100-9,IMPORTADORA Y COMERCIALIZADOR NANDA SPA,430800,0,,01_Raw/RIPLEY/Facturacion\dteproveedor_6793.xml
dteproveedor_6794.xml,LIQUIDACION,43,119101,2025-12-31,83382700-6,Comercial Eccsa S.A.,77898100-9,IMPORTADORA Y COMERCIALIZADOR NANDA SPA,610509,0,,01_Raw/RIPLEY/Facturacion\dteproveedor_6794.xml
dteproveedor_6795.xml,LIQUIDACION,43,119102,2025-12-31,83382700-6,Comercial Eccsa S.A.,77898100-9,IMPORTADORA Y COMERCIALIZADOR NANDA SPA,590096,0,,01_Raw/RIPLEY/Facturacion\dteproveedor_6795.xml
dteproveedor_6796.xml,LIQUIDACION,43,119103,2025-12-31,83382700-6,Comercial Eccsa S.A.,77898100-9,IMPORTADORA Y COMERCIALIZADOR NANDA SPA,487957,0,,01_Raw/RIPLEY/Facturacion\dteproveedor_6796.xml
dteproveedor_6797.xml,LIQUIDACION,43,119104,2025-12-31,83382700-6,Comercial Eccsa S.A.,77898100-9,IMPORTADORA Y COMERCIALIZADOR NANDA SPA,404012,0,,01_Raw/RIPLEY/Facturacion\dteproveedor_6797.xml
dteproveedor_6798.xml,LIQUIDACION,43,119112,2025-12-31,83382700-6,Comercial Eccsa S.A.,77898100-9,IMPORTADORA Y COMERCIALIZADOR NANDA SPA,619597,0,,01_Raw/RIPLEY/Facturacion\dteproveedor_6798.xml
dteproveedor_6799.xml,LIQUIDACION,43,119113,2025-12-31,83382700-6,Comercial Eccsa S.A.,77898100-9,IMPORTADORA Y COMERCIALIZADOR NANDA SPA,695050,0,,01_Raw/RIPLEY/Facturacion\dteproveedor_6799.xml
dteproveedor_6800.xml,LIQUIDACION,43,119107,2025-12-31,83382700-6,Comercial Eccsa S.A.,77898100-9,IMPORTADORA Y COMERCIALIZADOR NANDA SPA,470036,0,,01_Raw/RIPLEY/Facturacion\dteproveedor_6800.xml
dteproveedor_6801.xml,LIQUIDACION,43,119108,2025-12-31,83382700-6,Comercial Eccsa S.A.,77898100-9,IMPORTADORA Y COMERCIALIZADOR NANDA SPA,433197,0,,01_Raw/RIPLEY/Facturacion\dteproveedor_6801.xml
dteproveedor_6802.xml,LIQUIDACION,43,119111,2025-12-31,83382700-6,Comercial Eccsa S.A.,77898100-9,IMPORTADORA Y COMERCIALIZADOR NANDA SPA,271871,0,,01_Raw/RIPLEY/Facturacion\dteproveedor_6802.xml
dteproveedor_6803.xml,LIQUIDACION,43,119109,2025-12-31,83382700-6,Comercial Eccsa S.A.,77898100-9,IMPORTADORA Y COMERCIALIZADOR NANDA SPA,400209,0,,01_Raw/RIPLEY/Facturacion\dteproveedor_6803.xml
dteproveedor_6804.xml,LIQUIDACION,43,119110,2025-12-31,83382700-6,Comercial Eccsa S.A.,77898100-9,IMPORTADORA Y COMERCIALIZADOR NANDA SPA,439992,0,,01_Raw/RIPLEY/Facturacion\dteproveedor_6804.xml
dteproveedor_6816.xml,DOCUMENTO,33,2300143,2026-01-05,83382700-6,Comercial Eccsa S.A.,77898100-9,IMPORTADORA Y COMERCIALIZADOR NANDA SPA,80692,0,,01_Raw/RIPLEY/Facturacion\dteproveedor_6816.xml
dteproveedor_6817.xml,DOCUMENTO,33,2300144,2026-01-05,83382700-6,Comercial Eccsa S.A.,77898100-9,IMPORTADORA Y COMERCIALIZADOR NANDA SPA,111787,0,,01_Raw/RIPLEY/Facturacion\dteproveedor_6817.xml
dteproveedor_6833.xml,DOCUMENTO,33,2289042,2026-01-09,83382700-6,Comercial Eccsa S.A.,77898100-9,IMPORTADORA Y COMERCIALIZADOR NANDA SPA,336740,0,,01_Raw/RIPLEY/Facturacion\dteproveedor_6833.xml
dteproveedor_6860.xml,DOCUMENTO,33,2301846,2026-01-13,83382700-6,Comercial Eccsa S.A.,77898100-9,IMPORTADORA Y COMERCIALIZADOR NANDA SPA,166792,0,,01_Raw/RIPLEY/Facturacion\dteproveedor_6860.xml
dteproveedor_6861.xml,DOCUMENTO,33,2301845,2026-01-13,83382700-6,Comercial Eccsa S.A.,77898100-9,IMPORTADORA Y COMERCIALIZADOR NANDA SPA,302563,0,,01_Raw/RIPLEY/Facturacion\dteproveedor_6861.xml
dteproveedor_6870.xml,DOCUMENTO,33,2290359,2026-01-16,83382700-6,Comercial Eccsa S.A.,77898100-9,IMPORTADORA Y COMERCIALIZADOR NANDA SPA,4282,0,,01_Raw/RIPLEY/Facturacion\dteproveedor_6870.xml
dteproveedor_6878.xml,DOCUMENTO,33,2290366,2026-01-16,83382700-6,Comercial Eccsa S.A.,77898100-9,IMPORTADORA Y COMERCIALIZADOR NANDA SPA,8782,0,,01_Raw/RIPLEY/Facturacion\dteproveedor_6878.xml
dteproveedor_6880.xml,DOCUMENTO,33,2303698,2026-01-20,83382700-6,Comercial Eccsa S.A.,77898100-9,IMPORTADORA Y COMERCIALIZADOR NANDA SPA,161114,0,,01_Raw/RIPLEY/Facturacion\dteproveedor_6880.xml
dteproveedor_6881.xml,DOCUMENTO,33,2303697,2026-01-20,83382700-6,Comercial Eccsa S.A.,77898100-9,IMPORTADORA Y COMERCIALIZADOR NANDA SPA,352652,0,,01_Raw/RIPLEY/Facturacion\dteproveedor_6881.xml
dteproveedor_6898.xml,DOCUMENTO,33,2290994,2026-01-26,83382700-6,Comercial Eccsa S.A.,77898100-9,IMPORTADORA Y COMERCIALIZADOR NANDA SPA,297197,0,,01_Raw/RIPLEY/Facturacion\dteproveedor_6898.xml
dteproveedor_6908.xml,DOCUMENTO,33,2306084,2026-01-28,83382700-6,Comercial Eccsa S.A.,77898100-9,IMPORTADORA Y COMERCIALIZADOR NANDA SPA,335008,0,,01_Raw/RIPLEY/Facturacion\dteproveedor_6908.xml
dteproveedor_6909.xml,DOCUMENTO,33,2306085,2026-01-28,83382700-6,Comercial Eccsa S.A.,77898100-9,IMPORTADORA Y COMERCIALIZADOR NANDA SPA,115767,0,,01_Raw/RIPLEY/Facturacion\dteproveedor_6909.xml
dteproveedor_6924.xml,DOCUMENTO,33,2307106,2026-01-30,83382700-6,Comercial Eccsa S.A.,77898100-9,IMPORTADORA Y COMERCIALIZADOR NANDA SPA,1148809,1,-,01_Raw/RIPLEY/Facturacion\dteproveedor_6924.xml
dteproveedor_6932.xml,DOCUMENTO,61,7504703,2026-01-31,83382700-6,Comercial Eccsa S.A.,77898100-9,IMPORTADORA Y COMERCIALIZADOR NANDA SPA,182034,1,0,01_Raw/RIPLEY/Facturacion\dteproveedor_6932.xml
dteproveedor_6934.xml,DOCUMENTO,33,2291529,2026-02-03,83382700-6,Comercial Eccsa S.A.,77898100-9,IMPORTADORA Y COMERCIALIZADOR NANDA SPA,367056,0,,01_Raw/RIPLEY/Facturacion\dteproveedor_6934.xml
dteproveedor_6935.xml,DOCUMENTO,33,2291537,2026-02-03,83382700-6,Comercial Eccsa S.A.,77898100-9,IMPORTADORA Y COMERCIALIZADOR NANDA SPA,500666,0,,01_Raw/RIPLEY/Facturacion\dteproveedor_6935.xml
dteproveedor_6936.xml,DOCUMENTO,33,2312497,2026-02-03,83382700-6,Comercial Eccsa S.A.,77898100-9,IMPORTADORA Y COMERCIALIZADOR NANDA SPA,255530,0,,01_Raw/RIPLEY/Facturacion\dteproveedor_6936.xml
dteproveedor_6937.xml,DOCUMENTO,33,2307425,2026-01-31,83382700-6,Comercial Eccsa S.A.,77898100-9,IMPORTADORA Y COMERCIALIZADOR NANDA SPA,559822,0,,01_Raw/RIPLEY/Facturacion\dteproveedor_6937.xml
dteproveedor_6938.xml,DOCUMENTO,33,2307424,2026-01-31,83382700-6,Comercial Eccsa S.A.,77898100-9,IMPORTADORA Y COMERCIALIZADOR NANDA SPA,2499,0,,01_Raw/RIPLEY/Facturacion\dteproveedor_6938.xml
dteproveedor_6939.xml,DOCUMENTO,33,2307426,2026-01-31,83382700-6,Comercial Eccsa S.A.,77898100-9,IMPORTADORA Y COMERCIALIZADOR NANDA SPA,145639,0,,01_Raw/RIPLEY/Facturacion\dteproveedor_6939.xml
dteproveedor_6940.xml,DOCUMENTO,33,2307423,2026-01-31,83382700-6,Comercial Eccsa S.A.,77898100-9,IMPORTADORA Y COMERCIALIZADOR NANDA SPA,303339,0,,01_Raw/RIPLEY/Facturacion\dteproveedor_6940.xml
dteproveedor_6942.xml,LIQUIDACION,43,120519,2026-01-31,83382700-6,Comercial Eccsa S.A.,77898100-9,IMPORTADORA Y COMERCIALIZADOR NANDA SPA,380901,0,,01_Raw/RIPLEY/Facturacion\dteproveedor_6942.xml
dteproveedor_6943.xml,LIQUIDACION,43,120520,2026-01-31,83382700-6,Comercial Eccsa S.A.,77898100-9,IMPORTADORA Y COMERCIALIZADOR NANDA SPA,409503,0,,01_Raw/RIPLEY/Facturacion\dteproveedor_6943.xml
dteproveedor_6944.xml,LIQUIDACION,43,120521,2026-01-31,83382700-6,Comercial Eccsa S.A.,77898100-9,IMPORTADORA Y COMERCIALIZADOR NANDA SPA,299606,0,,01_Raw/RIPLEY/Facturacion\dteproveedor_6944.xml
dteproveedor_6945.xml,LIQUIDACION,43,120518,2026-01-31,83382700-6,Comercial Eccsa S.A.,77898100-9,IMPORTADORA Y COMERCIALIZADOR NANDA SPA,461653,0,,01_Raw/RIPLEY/Facturacion\dteproveedor_6945.xml
dteproveedor_6946.xml,LIQUIDACION,43,120522,2026-01-31,83382700-6,Comercial Eccsa S.A.,77898100-9,IMPORTADORA Y COMERCIALIZADOR NANDA SPA,392611,0,,01_Raw/RIPLEY/Facturacion\dteproveedor_6946.xml
dteproveedor_6947.xml,LIQUIDACION,43,120525,2026-01-31,83382700-6,Comercial Eccsa S.A.,77898100-9,IMPORTADORA Y COMERCIALIZADOR NANDA SPA,500828,0,,01_Raw/RIPLEY/Facturacion\dteproveedor_6947.xml
dteproveedor_6948.xml,LIQUIDACION,43,120524,2026-01-31,83382700-6,Comercial Eccsa S.A.,77898100-9,IMPORTADORA Y COMERCIALIZADOR NANDA SPA,288501,0,,01_Raw/RIPLEY/Facturacion\dteproveedor_6948.xml
dteproveedor_6949.xml,LIQUIDACION,43,120523,2026-01-31,83382700-6,Comercial Eccsa S.A.,77898100-9,IMPORTADORA Y COMERCIALIZADOR NANDA SPA,446138,0,,01_Raw/RIPLEY/Facturacion\dteproveedor_6949.xml
dteproveedor_6956.xml,LIQUIDACION,43,120829,2026-02-05,83382700-6,Comercial Eccsa S.A.,77898100-9,IMPORTADORA Y COMERCIALIZADOR NANDA SPA,95079,0,,01_Raw/RIPLEY/Facturacion\dteproveedor_6956.xml
dteproveedor_6957.xml,LIQUIDACION,43,120830,2026-02-05,83382700-6,Comercial Eccsa S.A.,77898100-9,IMPORTADORA Y COMERCIALIZADOR NANDA SPA,278107,0,,01_Raw/RIPLEY/Facturacion\dteproveedor_6957.xml
dteproveedor_6959.xml,DOCUMENTO,33,2307974,2026-02-05,83382700-6,Comercial Eccsa S.A.,77898100-9,IMPORTADORA Y COMERCIALIZADOR NANDA SPA,453554,0,,01_Raw/RIPLEY/Facturacion\dteproveedor_6959.xml
dteproveedor_6960.xml,DOCUMENTO,33,2307975,2026-02-05,83382700-6,Comercial Eccsa S.A.,77898100-9,IMPORTADORA Y COMERCIALIZADOR NANDA SPA,131578,0,,01_Raw/RIPLEY/Facturacion\dteproveedor_6960.xml
dteproveedor_6970.xml,DOCUMENTO,33,2308931,2026-02-09,83382700-6,Comercial Eccsa S.A.,77898100-9,IMPORTADORA Y COMERCIALIZADOR NANDA SPA,465045,1,-,01_Raw/RIPLEY/Facturacion\dteproveedor_6970.xml
dteproveedor_6976.xml,DOCUMENTO,33,2313686,2026-02-11,83382700-6,Comercial Eccsa S.A.,77898100-9,IMPORTADORA Y COMERCIALIZADOR NANDA SPA,217751,0,,01_Raw/RIPLEY/Facturacion\dteproveedor_6976.xml
dteproveedor_6990.xml,DOCUMENTO,33,2309760,2026-02-13,83382700-6,Comercial Eccsa S.A.,77898100-9,IMPORTADORA Y COMERCIALIZADOR NANDA SPA,82869,1,-,01_Raw/RIPLEY/Facturacion\dteproveedor_6990.xml
dteproveedor_6994.xml,DOCUMENTO,33,2310071,2026-02-13,83382700-6,Comercial Eccsa S.A.,77898100-9,IMPORTADORA Y COMERCIALIZADOR NANDA SPA,308815,0,,01_Raw/RIPLEY/Facturacion\dteproveedor_6994.xml
dteproveedor_6995.xml,DOCUMENTO,61,7504788,2026-02-13,83382700-6,Comercial Eccsa S.A.,77898100-9,IMPORTADORA Y COMERCIALIZADOR NANDA SPA,39973,1,0,01_Raw/RIPLEY/Facturacion\dteproveedor_6995.xml
dteproveedor_6998.xml,LIQUIDACION,43,120928,2026-02-13,83382700-6,Comercial Eccsa S.A.,77898100-9,IMPORTADORA Y COMERCIALIZADOR NANDA SPA,285995,0,,01_Raw/RIPLEY/Facturacion\dteproveedor_6998.xml
dteproveedor_6999.xml,LIQUIDACION,43,120927,2026-02-13,83382700-6,Comercial Eccsa S.A.,77898100-9,IMPORTADORA Y COMERCIALIZADOR NANDA SPA,177878,0,,01_Raw/RIPLEY/Facturacion\dteproveedor_6999.xml
dteproveedor_7009.xml,DOCUMENTO,33,2314449,2026-02-19,83382700-6,Comercial Eccsa S.A.,77898100-9,IMPORTADORA Y COMERCIALIZADOR NANDA SPA,199295,0,,01_Raw/RIPLEY/Facturacion\dteproveedor_7009.xml
dteproveedor_7010.xml,DOCUMENTO,33,2314938,2026-02-20,83382700-6,Comercial Eccsa S.A.,77898100-9,IMPORTADORA Y COMERCIALIZADOR NANDA SPA,3715,0,,01_Raw/RIPLEY/Facturacion\dteproveedor_7010.xml
dteproveedor_7011.xml,DOCUMENTO,33,2315030,2026-02-20,83382700-6,Comercial Eccsa S.A.,77898100-9,IMPORTADORA Y COMERCIALIZADOR NANDA SPA,41600,0,,01_Raw/RIPLEY/Facturacion\dteproveedor_7011.xml
dteproveedor_7018.xml,DOCUMENTO,33,2322526,2026-02-20,83382700-6,Comercial Eccsa S.A.,77898100-9,IMPORTADORA Y COMERCIALIZADOR NANDA SPA,236889,0,,01_Raw/RIPLEY/Facturacion\dteproveedor_7018.xml
dteproveedor_7019.xml,DOCUMENTO,33,2322527,2026-02-20,83382700-6,Comercial Eccsa S.A.,77898100-9,IMPORTADORA Y COMERCIALIZADOR NANDA SPA,106589,0,,01_Raw/RIPLEY/Facturacion\dteproveedor_7019.xml
dteproveedor_7020.xml,LIQUIDACION,43,121039,2026-02-20,83382700-6,Comercial Eccsa S.A.,77898100-9,IMPORTADORA Y COMERCIALIZADOR NANDA SPA,24183,0,,01_Raw/RIPLEY/Facturacion\dteproveedor_7020.xml
dteproveedor_7021.xml,LIQUIDACION,43,121040,2026-02-20,83382700-6,Comercial Eccsa S.A.,77898100-9,IMPORTADORA Y COMERCIALIZADOR NANDA SPA,187694,0,,01_Raw/RIPLEY/Facturacion\dteproveedor_7021.xml
dteproveedor_7032.xml,DOCUMENTO,33,2315743,2026-02-27,83382700-6,Comercial Eccsa S.A.,77898100-9,IMPORTADORA Y COMERCIALIZADOR NANDA SPA,210366,0,,01_Raw/RIPLEY/Facturacion\dteproveedor_7032.xml
dteproveedor_7035.xml,DOCUMENTO,33,2316195,2026-02-27,83382700-6,Comercial Eccsa S.A.,77898100-9,IMPORTADORA Y COMERCIALIZADOR NANDA SPA,4969,0,,01_Raw/RIPLEY/Facturacion\dteproveedor_7035.xml
dteproveedor_7036.xml,DOCUMENTO,33,2316313,2026-02-27,83382700-6,Comercial Eccsa S.A.,77898100-9,IMPORTADORA Y COMERCIALIZADOR NANDA SPA,75400,0,,01_Raw/RIPLEY/Facturacion\dteproveedor_7036.xml
dteproveedor_7055.xml,LIQUIDACION,43,121151,2026-02-28,83382700-6,Comercial Eccsa S.A.,77898100-9,IMPORTADORA Y COMERCIALIZADOR NANDA SPA,160646,0,,01_Raw/RIPLEY/Facturacion\dteproveedor_7055.xml
dteproveedor_7056.xml,LIQUIDACION,43,121150,2026-02-28,83382700-6,Comercial Eccsa S.A.,77898100-9,IMPORTADORA Y COMERCIALIZADOR NANDA SPA,36892,0,,01_Raw/RIPLEY/Facturacion\dteproveedor_7056.xml
dteproveedor_7057.xml,LIQUIDACION,43,121152,2026-02-28,83382700-6,Comercial Eccsa S.A.,77898100-9,IMPORTADORA Y COMERCIALIZADOR NANDA SPA,404125,0,,01_Raw/RIPLEY/Facturacion\dteproveedor_7057.xml
dteproveedor_7058.xml,DOCUMENTO,33,2323965,2026-02-28,83382700-6,Comercial Eccsa S.A.,77898100-9,IMPORTADORA Y COMERCIALIZADOR NANDA SPA,124880,0,,01_Raw/RIPLEY/Facturacion\dteproveedor_7058.xml
dteproveedor_7059.xml,DOCUMENTO,33,2323964,2026-02-28,83382700-6,Comercial Eccsa S.A.,77898100-9,IMPORTADORA Y COMERCIALIZADOR NANDA SPA,344662,0,,01_Raw/RIPLEY/Facturacion\dteproveedor_7059.xml
dteproveedor_7061.xml,DOCUMENTO,33,2316810,2026-03-04,83382700-6,Comercial Eccsa S.A.,77898100-9,IMPORTADORA Y COMERCIALIZADOR NANDA SPA,190750,0,,01_Raw/RIPLEY/Facturacion\dteproveedor_7061.xml
dteproveedor_7062.xml,DOCUMENTO,33,2317033,2026-03-04,83382700-6,Comercial Eccsa S.A.,77898100-9,IMPORTADORA Y COMERCIALIZADOR NANDA SPA,7198,0,,01_Raw/RIPLEY/Facturacion\dteproveedor_7062.xml
dteproveedor_7063.xml,DOCUMENTO,33,2317050,2026-03-04,83382700-6,Comercial Eccsa S.A.,77898100-9,IMPORTADORA Y COMERCIALIZADOR NANDA SPA,80600,0,,01_Raw/RIPLEY/Facturacion\dteproveedor_7063.xml
dteproveedor_7064.xml,DOCUMENTO,33,2317169,2026-03-04,83382700-6,Comercial Eccsa S.A.,77898100-9,IMPORTADORA Y COMERCIALIZADOR NANDA SPA,3109,0,,01_Raw/RIPLEY/Facturacion\dteproveedor_7064.xml
dteproveedor_7069.xml,LIQUIDACION,43,121707,2026-02-28,83382700-6,Comercial Eccsa S.A.,77898100-9,IMPORTADORA Y COMERCIALIZADOR NANDA SPA,127880,0,,01_Raw/RIPLEY/Facturacion\dteproveedor_7069.xml
dteproveedor_7073.xml,DOCUMENTO,33,2325858,2026-03-05,83382700-6,Comercial Eccsa S.A.,77898100-9,IMPORTADORA Y COMERCIALIZADOR NANDA SPA,322500,0,,01_Raw/RIPLEY/Facturacion\dteproveedor_7073.xml
dteproveedor_7074.xml,DOCUMENTO,33,2325859,2026-03-05,83382700-6,Comercial Eccsa S.A.,77898100-9,IMPORTADORA Y COMERCIALIZADOR NANDA SPA,99828,0,,01_Raw/RIPLEY/Facturacion\dteproveedor_7074.xml
dteproveedor_7079.xml,LIQUIDACION,43,122391,2026-03-05,83382700-6,Comercial Eccsa S.A.,77898100-9,IMPORTADORA Y COMERCIALIZADOR NANDA SPA,72957,0,,01_Raw/RIPLEY/Facturacion\dteproveedor_7079.xml
dteproveedor_7080.xml,LIQUIDACION,43,122392,2026-03-05,83382700-6,Comercial Eccsa S.A.,77898100-9,IMPORTADORA Y COMERCIALIZADOR NANDA SPA,361902,0,,01_Raw/RIPLEY/Facturacion\dteproveedor_7080.xml
dteproveedor_7096.xml,DOCUMENTO,33,2317503,2026-03-12,83382700-6,Comercial Eccsa S.A.,77898100-9,IMPORTADORA Y COMERCIALIZADOR NANDA SPA,699851,0,,01_Raw/RIPLEY/Facturacion\dteproveedor_7096.xml
dteproveedor_7101.xml,DOCUMENTO,33,2318071,2026-03-12,83382700-6,Comercial Eccsa S.A.,77898100-9,IMPORTADORA Y COMERCIALIZADOR NANDA SPA,4717,0,,01_Raw/RIPLEY/Facturacion\dteproveedor_7101.xml
dteproveedor_7102.xml,DOCUMENTO,33,2318081,2026-03-12,83382700-6,Comercial Eccsa S.A.,77898100-9,IMPORTADORA Y COMERCIALIZADOR NANDA SPA,103400,0,,01_Raw/RIPLEY/Facturacion\dteproveedor_7102.xml
dteproveedor_7103.xml,DOCUMENTO,33,2318134,2026-03-12,83382700-6,Comercial Eccsa S.A.,77898100-9,IMPORTADORA Y COMERCIALIZADOR NANDA SPA,260126,0,,01_Raw/RIPLEY/Facturacion\dteproveedor_7103.xml
dteproveedor_7111.xml,DOCUMENTO,33,2327501,2026-03-13,83382700-6,Comercial Eccsa S.A.,77898100-9,IMPORTADORA Y COMERCIALIZADOR NANDA SPA,718946,0,,01_Raw/RIPLEY/Facturacion\dteproveedor_7111.xml
dteproveedor_7112.xml,DOCUMENTO,33,2327502,2026-03-13,83382700-6,Comercial Eccsa S.A.,77898100-9,IMPORTADORA Y COMERCIALIZADOR NANDA SPA,255940,0,,01_Raw/RIPLEY/Facturacion\dteproveedor_7112.xml
dteproveedor_7115.xml,LIQUIDACION,43,122491,2026-03-13,83382700-6,Comercial Eccsa S.A.,77898100-9,IMPORTADORA Y COMERCIALIZADOR NANDA SPA,385698,0,,01_Raw/RIPLEY/Facturacion\dteproveedor_7115.xml
dteproveedor_7116.xml,LIQUIDACION,43,122492,2026-03-13,83382700-6,Comercial Eccsa S.A.,77898100-9,IMPORTADORA Y COMERCIALIZADOR NANDA SPA,376655,0,,01_Raw/RIPLEY/Facturacion\dteproveedor_7116.xml
dteproveedor_7117.xml,LIQUIDACION,43,122493,2026-03-13,83382700-6,Comercial Eccsa S.A.,77898100-9,IMPORTADORA Y COMERCIALIZADOR NANDA SPA,336067,0,,01_Raw/RIPLEY/Facturacion\dteproveedor_7117.xml
dteproveedor_7120.xml,DOCUMENTO,33,2319120,2026-03-19,83382700-6,Comercial Eccsa S.A.,77898100-9,IMPORTADORA Y COMERCIALIZADOR NANDA SPA,228438,0,,01_Raw/RIPLEY/Facturacion\dteproveedor_7120.xml
dteproveedor_7121.xml,DOCUMENTO,33,2319602,2026-03-19,83382700-6,Comercial Eccsa S.A.,77898100-9,IMPORTADORA Y COMERCIALIZADOR NANDA SPA,15000,0,,01_Raw/RIPLEY/Facturacion\dteproveedor_7121.xml
dteproveedor_7123.xml,DOCUMENTO,33,2319629,2026-03-19,83382700-6,Comercial Eccsa S.A.,77898100-9,IMPORTADORA Y COMERCIALIZADOR NANDA SPA,4455,0,,01_Raw/RIPLEY/Facturacion\dteproveedor_7123.xml
dteproveedor_7124.xml,DOCUMENTO,33,2319764,2026-03-19,83382700-6,Comercial Eccsa S.A.,77898100-9,IMPORTADORA Y COMERCIALIZADOR NANDA SPA,143200,0,,01_Raw/RIPLEY/Facturacion\dteproveedor_7124.xml
dteproveedor_7129.xml,LIQUIDACION,43,122617,2026-03-20,83382700-6,Comercial Eccsa S.A.,77898100-9,IMPORTADORA Y COMERCIALIZADOR NANDA SPA,182395,0,,01_Raw/RIPLEY/Facturacion\dteproveedor_7129.xml
dteproveedor_7130.xml,LIQUIDACION,43,122618,2026-03-20,83382700-6,Comercial Eccsa S.A.,77898100-9,IMPORTADORA Y COMERCIALIZADOR NANDA SPA,448817,0,,01_Raw/RIPLEY/Facturacion\dteproveedor_7130.xml
dteproveedor_7131.xml,LIQUIDACION,43,122619,2026-03-20,83382700-6,Comercial Eccsa S.A.,77898100-9,IMPORTADORA Y COMERCIALIZADOR NANDA SPA,375827,0,,01_Raw/RIPLEY/Facturacion\dteproveedor_7131.xml
dteproveedor_7132.xml,LIQUIDACION,43,122620,2026-03-20,83382700-6,Comercial Eccsa S.A.,77898100-9,IMPORTADORA Y COMERCIALIZADOR NANDA SPA,418903,0,,01_Raw/RIPLEY/Facturacion\dteproveedor_7132.xml
dteproveedor_7133.xml,DOCUMENTO,33,2329310,2026-03-20,83382700-6,Comercial Eccsa S.A.,77898100-9,IMPORTADORA Y COMERCIALIZADOR NANDA SPA,266847,0,,01_Raw/RIPLEY/Facturacion\dteproveedor_7133.xml
dteproveedor_7134.xml,DOCUMENTO,33,2329309,2026-03-20,83382700-6,Comercial Eccsa S.A.,77898100-9,IMPORTADORA Y COMERCIALIZADOR NANDA SPA,685970,0,,01_Raw/RIPLEY/Facturacion\dteproveedor_7134.xml
dteproveedor_7148.xml,DOCUMENTO,33,2320339,2026-03-26,83382700-6,Comercial Eccsa S.A.,77898100-9,IMPORTADORA Y COMERCIALIZADOR NANDA SPA,241991,0,,01_Raw/RIPLEY/Facturacion\dteproveedor_7148.xml
dteproveedor_7149.xml,DOCUMENTO,33,2320816,2026-03-27,83382700-6,Comercial Eccsa S.A.,77898100-9,IMPORTADORA Y COMERCIALIZADOR NANDA SPA,2274,0,,01_Raw/RIPLEY/Facturacion\dteproveedor_7149.xml
dteproveedor_7150.xml,DOCUMENTO,33,2320894,2026-03-27,83382700-6,Comercial Eccsa S.A.,77898100-9,IMPORTADORA Y COMERCIALIZADOR NANDA SPA,86200,0,,01_Raw/RIPLEY/Facturacion\dteproveedor_7150.xml
dteproveedor_7151.xml,DOCUMENTO,33,2320702,2026-03-27,83382700-6,Comercial Eccsa S.A.,77898100-9,IMPORTADORA Y COMERCIALIZADOR NANDA SPA,27000,0,,01_Raw/RIPLEY/Facturacion\dteproveedor_7151.xml
dteproveedor_7159.xml,LIQUIDACION,43,122727,2026-03-28,83382700-6,Comercial Eccsa S.A.,77898100-9,IMPORTADORA Y COMERCIALIZADOR NANDA SPA,289757,0,,01_Raw/RIPLEY/Facturacion\dteproveedor_7159.xml
dteproveedor_7160.xml,LIQUIDACION,43,122728,2026-03-28,83382700-6,Comercial Eccsa S.A.,77898100-9,IMPORTADORA Y COMERCIALIZADOR NANDA SPA,416843,0,,01_Raw/RIPLEY/Facturacion\dteproveedor_7160.xml
dteproveedor_7161.xml,DOCUMENTO,33,2331129,2026-03-28,83382700-6,Comercial Eccsa S.A.,77898100-9,IMPORTADORA Y COMERCIALIZADOR NANDA SPA,795116,0,,01_Raw/RIPLEY/Facturacion\dteproveedor_7161.xml
dteproveedor_7162.xml,DOCUMENTO,33,2331130,2026-03-28,83382700-6,Comercial Eccsa S.A.,77898100-9,IMPORTADORA Y COMERCIALIZADOR NANDA SPA,247505,0,,01_Raw/RIPLEY/Facturacion\dteproveedor_7162.xml
dteproveedor_7181.xml,DOCUMENTO,33,2321608,2026-04-02,83382700-6,Comercial Eccsa S.A.,77898100-9,IMPORTADORA Y COMERCIALIZADOR NANDA SPA,33000,0,,01_Raw/RIPLEY/Facturacion\dteproveedor_7181.xml
dteproveedor_7182.xml,DOCUMENTO,33,2321729,2026-04-02,83382700-6,Comercial Eccsa S.A.,77898100-9,IMPORTADORA Y COMERCIALIZADOR NANDA SPA,2288,0,,01_Raw/RIPLEY/Facturacion\dteproveedor_7182.xml
dteproveedor_7183.xml,DOCUMENTO,33,2321764,2026-04-02,83382700-6,Comercial Eccsa S.A.,77898100-9,IMPORTADORA Y COMERCIALIZADOR NANDA SPA,101200,0,,01_Raw/RIPLEY/Facturacion\dteproveedor_7183.xml
dteproveedor_7185.xml,DOCUMENTO,33,2321893,2026-04-02,83382700-6,Comercial Eccsa S.A.,77898100-9,IMPORTADORA Y COMERCIALIZADOR NANDA SPA,405654,0,,01_Raw/RIPLEY/Facturacion\dteproveedor_7185.xml
dteproveedor_7190.xml,LIQUIDACION,43,122845,2026-03-31,83382700-6,Comercial Eccsa S.A.,77898100-9,IMPORTADORA Y COMERCIALIZADOR NANDA SPA,415192,0,,01_Raw/RIPLEY/Facturacion\dteproveedor_7190.xml
dteproveedor_7191.xml,LIQUIDACION,43,122844,2026-03-31,83382700-6,Comercial Eccsa S.A.,77898100-9,IMPORTADORA Y COMERCIALIZADOR NANDA SPA,136079,0,,01_Raw/RIPLEY/Facturacion\dteproveedor_7191.xml
dteproveedor_7194.xml,DOCUMENTO,33,2359462,2026-04-05,83382700-6,Comercial Eccsa S.A.,77898100-9,IMPORTADORA Y COMERCIALIZADOR NANDA SPA,280013,0,,01_Raw/RIPLEY/Facturacion\dteproveedor_7194.xml
dteproveedor_7195.xml,DOCUMENTO,33,2359461,2026-04-05,83382700-6,Comercial Eccsa S.A.,77898100-9,IMPORTADORA Y COMERCIALIZADOR NANDA SPA,1131721,0,,01_Raw/RIPLEY/Facturacion\dteproveedor_7195.xml
dteproveedor_7196.xml,LIQUIDACION,43,122952,2026-04-05,83382700-6,Comercial Eccsa S.A.,77898100-9,IMPORTADORA Y COMERCIALIZADOR NANDA SPA,28692,0,,01_Raw/RIPLEY/Facturacion\dteproveedor_7196.xml
dteproveedor_7197.xml,LIQUIDACION,43,122953,2026-04-05,83382700-6,Comercial Eccsa S.A.,77898100-9,IMPORTADORA Y COMERCIALIZADOR NANDA SPA,376260,0,,01_Raw/RIPLEY/Facturacion\dteproveedor_7197.xml
dteproveedor_7215.xml,DOCUMENTO,33,2408274,2026-04-10,83382700-6,Comercial Eccsa S.A.,77898100-9,IMPORTADORA Y COMERCIALIZADOR NANDA SPA,33000,0,,01_Raw/RIPLEY/Facturacion\dteproveedor_7215.xml
dteproveedor_7220.xml,DOCUMENTO,33,2408394,2026-04-10,83382700-6,Comercial Eccsa S.A.,77898100-9,IMPORTADORA Y COMERCIALIZADOR NANDA SPA,2288,0,,01_Raw/RIPLEY/Facturacion\dteproveedor_7220.xml
dteproveedor_7221.xml,DOCUMENTO,33,2408400,2026-04-10,83382700-6,Comercial Eccsa S.A.,77898100-9,IMPORTADORA Y COMERCIALIZADOR NANDA SPA,101200,0,,01_Raw/RIPLEY/Facturacion\dteproveedor_7221.xml
dteproveedor_7222.xml,DOCUMENTO,33,2408463,2026-04-10,83382700-6,Comercial Eccsa S.A.,77898100-9,IMPORTADORA Y COMERCIALIZADOR NANDA SPA,700000,0,,01_Raw/RIPLEY/Facturacion\dteproveedor_7222.xml
dteproveedor_7224.xml,DOCUMENTO,33,2408744,2026-04-10,83382700-6,Comercial Eccsa S.A.,77898100-9,IMPORTADORA Y COMERCIALIZADOR NANDA SPA,432807,0,,01_Raw/RIPLEY/Facturacion\dteproveedor_7224.xml
dteproveedor_7227.xml,DOCUMENTO,61,7707230,2026-04-10,83382700-6,Comercial Eccsa S.A.,77898100-9,IMPORTADORA Y COMERCIALIZADOR NANDA SPA,33000,1,0,01_Raw/RIPLEY/Facturacion\dteproveedor_7227.xml
dteproveedor_7228.xml,DOCUMENTO,61,7707263,2026-04-10,83382700-6,Comercial Eccsa S.A.,77898100-9,IMPORTADORA Y COMERCIALIZADOR NANDA SPA,101200,1,0,01_Raw/RIPLEY/Facturacion\dteproveedor_7228.xml
dteproveedor_7229.xml,DOCUMENTO,61,7707356,2026-04-10,83382700-6,Comercial Eccsa S.A.,77898100-9,IMPORTADORA Y COMERCIALIZADOR NANDA SPA,2288,1,0,01_Raw/RIPLEY/Facturacion\dteproveedor_7229.xml
dteproveedor_7232.xml,DOCUMENTO,33,2361281,2026-04-13,83382700-6,Comercial Eccsa S.A.,77898100-9,IMPORTADORA Y COMERCIALIZADOR NANDA SPA,1241005,0,,01_Raw/RIPLEY/Facturacion\dteproveedor_7232.xml
dteproveedor_7233.xml,DOCUMENTO,33,2361282,2026-04-13,83382700-6,Comercial Eccsa S.A.,77898100-9,IMPORTADORA Y COMERCIALIZADOR NANDA SPA,310646,0,,01_Raw/RIPLEY/Facturacion\dteproveedor_7233.xml
dteproveedor_7236.xml,DOCUMENTO,33,2409430,2026-04-14,83382700-6,Comercial Eccsa S.A.,77898100-9,IMPORTADORA Y COMERCIALIZADOR NANDA SPA,18000,0,,01_Raw/RIPLEY/Facturacion\dteproveedor_7236.xml
dteproveedor_7237.xml,DOCUMENTO,33,2409566,2026-04-14,83382700-6,Comercial Eccsa S.A.,77898100-9,IMPORTADORA Y COMERCIALIZADOR NANDA SPA,3582,0,,01_Raw/RIPLEY/Facturacion\dteproveedor_7237.xml
dteproveedor_7238.xml,LIQUIDACION,43,123124,2026-04-13,83382700-6,Comercial Eccsa S.A.,77898100-9,IMPORTADORA Y COMERCIALIZADOR NANDA SPA,145936,0,,01_Raw/RIPLEY/Facturacion\dteproveedor_7238.xml
dteproveedor_7239.xml,LIQUIDACION,43,123125,2026-04-13,83382700-6,Comercial Eccsa S.A.,77898100-9,IMPORTADORA Y COMERCIALIZADOR NANDA SPA,367484,0,,01_Raw/RIPLEY/Facturacion\dteproveedor_7239.xml
dteproveedor_7240.xml,LIQUIDACION,43,123126,2026-04-13,83382700-6,Comercial Eccsa S.A.,77898100-9,IMPORTADORA Y COMERCIALIZADOR NANDA SPA,616052,0,,01_Raw/RIPLEY/Facturacion\dteproveedor_7240.xml
dteproveedor_7243.xml,DOCUMENTO,33,2409607,2026-04-14,83382700-6,Comercial Eccsa S.A.,77898100-9,IMPORTADORA Y COMERCIALIZADOR NANDA SPA,89400,0,,01_Raw/RIPLEY/Facturacion\dteproveedor_7243.xml
dteproveedor_7250.xml,DOCUMENTO,33,2410103,2026-04-17,83382700-6,Comercial Eccsa S.A.,77898100-9,IMPORTADORA Y COMERCIALIZADOR NANDA SPA,700000,0,,01_Raw/RIPLEY/Facturacion\dteproveedor_7250.xml
dteproveedor_7251.xml,DOCUMENTO,33,2410158,2026-04-17,83382700-6,Comercial Eccsa S.A.,77898100-9,IMPORTADORA Y COMERCIALIZADOR NANDA SPA,24000,0,,01_Raw/RIPLEY/Facturacion\dteproveedor_7251.xml
dteproveedor_7252.xml,DOCUMENTO,33,2410208,2026-04-17,83382700-6,Comercial Eccsa S.A.,77898100-9,IMPORTADORA Y COMERCIALIZADOR NANDA SPA,3192,0,,01_Raw/RIPLEY/Facturacion\dteproveedor_7252.xml
dteproveedor_7253.xml,DOCUMENTO,33,2410225,2026-04-17,83382700-6,Comercial Eccsa S.A.,77898100-9,IMPORTADORA Y COMERCIALIZADOR NANDA SPA,80000,0,,01_Raw/RIPLEY/Facturacion\dteproveedor_7253.xml
dteproveedor_7254.xml,DOCUMENTO,33,2410621,2026-04-17,83382700-6,Comercial Eccsa S.A.,77898100-9,IMPORTADORA Y COMERCIALIZADOR NANDA SPA,370690,0,,01_Raw/RIPLEY/Facturacion\dteproveedor_7254.xml
dteproveedor_7255.xml,DOCUMENTO,33,2410740,2026-04-17,83382700-6,Comercial Eccsa S.A.,77898100-9,IMPORTADORA Y COMERCIALIZADOR NANDA SPA,13855,0,,01_Raw/RIPLEY/Facturacion\dteproveedor_7255.xml
dteproveedor_7258.xml,LIQUIDACION,43,123248,2026-04-20,83382700-6,Comercial Eccsa S.A.,77898100-9,IMPORTADORA Y COMERCIALIZADOR NANDA SPA,136901,0,,01_Raw/RIPLEY/Facturacion\dteproveedor_7258.xml
dteproveedor_7259.xml,LIQUIDACION,43,123249,2026-04-20,83382700-6,Comercial Eccsa S.A.,77898100-9,IMPORTADORA Y COMERCIALIZADOR NANDA SPA,425056,0,,01_Raw/RIPLEY/Facturacion\dteproveedor_7259.xml
dteproveedor_7260.xml,DOCUMENTO,33,2363285,2026-04-20,83382700-6,Comercial Eccsa S.A.,77898100-9,IMPORTADORA Y COMERCIALIZADOR NANDA SPA,208388,0,,01_Raw/RIPLEY/Facturacion\dteproveedor_7260.xml
dteproveedor_7261.xml,DOCUMENTO,33,2363284,2026-04-20,83382700-6,Comercial Eccsa S.A.,77898100-9,IMPORTADORA Y COMERCIALIZADOR NANDA SPA,496088,0,,01_Raw/RIPLEY/Facturacion\dteproveedor_7261.xml
dteproveedor_7266.xml,DOCUMENTO,52,53136430,2026-04-23,83382700-6,COMERCIAL ECCSA S.A.,77898100-9,IMPORTADORA Y COMERCIALIZADORA NANDA SPA,314744,1,13717043,01_Raw/RIPLEY/Facturacion\dteproveedor_7266.xml
dteproveedor_7267.xml,DOCUMENTO,52,53136431,2026-04-23,83382700-6,COMERCIAL ECCSA S.A.,77898100-9,IMPORTADORA Y COMERCIALIZADORA NANDA SPA,249087,1,13717044,01_Raw/RIPLEY/Facturacion\dteproveedor_7267.xml
dteproveedor_7268.xml,DOCUMENTO,52,53136432,2026-04-23,83382700-6,COMERCIAL ECCSA S.A.,77898100-9,IMPORTADORA Y COMERCIALIZADORA NANDA SPA,285552,1,13717045,01_Raw/RIPLEY/Facturacion\dteproveedor_7268.xml
dteproveedor_7269.xml,DOCUMENTO,52,53136433,2026-04-23,83382700-6,COMERCIAL ECCSA S.A.,77898100-9,IMPORTADORA Y COMERCIALIZADORA NANDA SPA,193056,1,13717046,01_Raw/RIPLEY/Facturacion\dteproveedor_7269.xml
dteproveedor_7270.xml,DOCUMENTO,52,53136434,2026-04-23,83382700-6,COMERCIAL ECCSA S.A.,77898100-9,IMPORTADORA Y COMERCIALIZADORA NANDA SPA,180028,1,13717047,01_Raw/RIPLEY/Facturacion\dteproveedor_7270.xml
dteproveedor_7271.xml,DOCUMENTO,52,53136435,2026-04-23,83382700-6,COMERCIAL ECCSA S.A.,77898100-9,IMPORTADORA Y COMERCIALIZADORA NANDA SPA,253988,1,13717048,01_Raw/RIPLEY/Facturacion\dteproveedor_7271.xml
dteproveedor_7272.xml,DOCUMENTO,52,53136437,2026-04-23,83382700-6,COMERCIAL ECCSA S.A.,77898100-9,IMPORTADORA Y COMERCIALIZADORA NANDA SPA,454746,1,13717049,01_Raw/RIPLEY/Facturacion\dteproveedor_7272.xml
dteproveedor_7273.xml,DOCUMENTO,52,53136438,2026-04-23,83382700-6,COMERCIAL ECCSA S.A.,77898100-9,IMPORTADORA Y COMERCIALIZADORA NANDA SPA,183713,1,13717050,01_Raw/RIPLEY/Facturacion\dteproveedor_7273.xml
dteproveedor_7274.xml,DOCUMENTO,52,53136439,2026-04-23,83382700-6,COMERCIAL ECCSA S.A.,77898100-9,IMPORTADORA Y COMERCIALIZADORA NANDA SPA,6000,1,13717051,01_Raw/RIPLEY/Facturacion\dteproveedor_7274.xml
dteproveedor_7280.xml,DOCUMENTO,61,7707465,2026-04-21,83382700-6,Comercial Eccsa S.A.,77898100-9,IMPORTADORA Y COMERCIALIZADOR NANDA SPA,700000,1,02410103,01_Raw/RIPLEY/Facturacion\dteproveedor_7280.xml
dteproveedor_7289.xml,DOCUMENTO,33,2411699,2026-04-27,83382700-6,Comercial Eccsa S.A.,77898100-9,IMPORTADORA Y COMERCIALIZADOR NANDA SPA,299280,0,,01_Raw/RIPLEY/Facturacion\dteproveedor_7289.xml
dteproveedor_7290.xml,DOCUMENTO,33,2412199,2026-04-27,83382700-6,Comercial Eccsa S.A.,77898100-9,IMPORTADORA Y COMERCIALIZADOR NANDA SPA,18000,0,,01_Raw/RIPLEY/Facturacion\dteproveedor_7290.xml
dteproveedor_7291.xml,DOCUMENTO,33,2412242,2026-04-27,83382700-6,Comercial Eccsa S.A.,77898100-9,IMPORTADORA Y COMERCIALIZADOR NANDA SPA,3628,0,,01_Raw/RIPLEY/Facturacion\dteproveedor_7291.xml
dteproveedor_7292.xml,DOCUMENTO,33,2412262,2026-04-27,83382700-6,Comercial Eccsa S.A.,77898100-9,IMPORTADORA Y COMERCIALIZADOR NANDA SPA,48800,0,,01_Raw/RIPLEY/Facturacion\dteproveedor_7292.xml
dteproveedor_7293.xml,DOCUMENTO,33,2365047,2026-04-28,83382700-6,Comercial Eccsa S.A.,77898100-9,IMPORTADORA Y COMERCIALIZADOR NANDA SPA,612236,0,,01_Raw/RIPLEY/Facturacion\dteproveedor_7293.xml
dteproveedor_7294.xml,DOCUMENTO,33,2365048,2026-04-28,83382700-6,Comercial Eccsa S.A.,77898100-9,IMPORTADORA Y COMERCIALIZADOR NANDA SPA,270595,0,,01_Raw/RIPLEY/Facturacion\dteproveedor_7294.xml
dteproveedor_7295.xml,LIQUIDACION,43,123358,2026-04-28,83382700-6,Comercial Eccsa S.A.,77898100-9,IMPORTADORA Y COMERCIALIZADOR NANDA SPA,219712,0,,01_Raw/RIPLEY/Facturacion\dteproveedor_7295.xml
dteproveedor_7296.xml,LIQUIDACION,43,123357,2026-04-28,83382700-6,Comercial Eccsa S.A.,77898100-9,IMPORTADORA Y COMERCIALIZADOR NANDA SPA,117244,0,,01_Raw/RIPLEY/Facturacion\dteproveedor_7296.xml
dteproveedor_7320.xml,DOCUMENTO,33,2412920,2026-05-04,83382700-6,Comercial Eccsa S.A.,77898100-9,IMPORTADORA Y COMERCIALIZADOR NANDA SPA,27000,0,,01_Raw/RIPLEY/Facturacion\dteproveedor_7320.xml
dteproveedor_7321.xml,DOCUMENTO,33,2413038,2026-05-04,83382700-6,Comercial Eccsa S.A.,77898100-9,IMPORTADORA Y COMERCIALIZADOR NANDA SPA,2722,0,,01_Raw/RIPLEY/Facturacion\dteproveedor_7321.xml
dteproveedor_7322.xml,DOCUMENTO,33,2413067,2026-05-04,83382700-6,Comercial Eccsa S.A.,77898100-9,IMPORTADORA Y COMERCIALIZADOR NANDA SPA,29600,0,,01_Raw/RIPLEY/Facturacion\dteproveedor_7322.xml
dteproveedor_7323.xml,DOCUMENTO,33,2413156,2026-05-04,83382700-6,Comercial Eccsa S.A.,77898100-9,IMPORTADORA Y COMERCIALIZADOR NANDA SPA,209853,0,,01_Raw/RIPLEY/Facturacion\dteproveedor_7323.xml
dteproveedor_7333.xml,LIQUIDACION,43,124278,2026-04-30,83382700-6,Comercial Eccsa S.A.,77898100-9,IMPORTADORA Y COMERCIALIZADOR NANDA SPA,127053,0,,01_Raw/RIPLEY/Facturacion\dteproveedor_7333.xml
dteproveedor_7335.xml,LIQUIDACION,43,124357,2026-05-05,83382700-6,Comercial Eccsa S.A.,77898100-9,IMPORTADORA Y COMERCIALIZADOR NANDA SPA,418900,0,,01_Raw/RIPLEY/Facturacion\dteproveedor_7335.xml
dteproveedor_7340.xml,DOCUMENTO,33,2366949,2026-05-05,83382700-6,Comercial Eccsa S.A.,77898100-9,IMPORTADORA Y COMERCIALIZADOR NANDA SPA,125884,0,,01_Raw/RIPLEY/Facturacion\dteproveedor_7340.xml
dteproveedor_7341.xml,DOCUMENTO,33,2366948,2026-05-05,83382700-6,Comercial Eccsa S.A.,77898100-9,IMPORTADORA Y COMERCIALIZADOR NANDA SPA,288542,0,,01_Raw/RIPLEY/Facturacion\dteproveedor_7341.xml
dteproveedor_7362.xml,DOCUMENTO,33,2413794,2026-05-12,83382700-6,Comercial Eccsa S.A.,77898100-9,IMPORTADORA Y COMERCIALIZADOR NANDA SPA,700021,0,,01_Raw/RIPLEY/Facturacion\dteproveedor_7362.xml
dteproveedor_7363.xml,DOCUMENTO,33,2414291,2026-05-12,83382700-6,Comercial Eccsa S.A.,77898100-9,IMPORTADORA Y COMERCIALIZADOR NANDA SPA,241275,0,,01_Raw/RIPLEY/Facturacion\dteproveedor_7363.xml
dteproveedor_7364.xml,DOCUMENTO,33,2414827,2026-05-12,83382700-6,Comercial Eccsa S.A.,77898100-9,IMPORTADORA Y COMERCIALIZADOR NANDA SPA,24000,0,,01_Raw/RIPLEY/Facturacion\dteproveedor_7364.xml
dteproveedor_7365.xml,DOCUMENTO,33,2414874,2026-05-12,83382700-6,Comercial Eccsa S.A.,77898100-9,IMPORTADORA Y COMERCIALIZADOR NANDA SPA,4735,0,,01_Raw/RIPLEY/Facturacion\dteproveedor_7365.xml
dteproveedor_7366.xml,DOCUMENTO,33,2414889,2026-05-12,83382700-6,Comercial Eccsa S.A.,77898100-9,IMPORTADORA Y COMERCIALIZADOR NANDA SPA,111200,0,,01_Raw/RIPLEY/Facturacion\dteproveedor_7366.xml
dteproveedor_7369.xml,LIQUIDACION,43,124476,2026-05-13,83382700-6,Comercial Eccsa S.A.,77898100-9,IMPORTADORA Y COMERCIALIZADOR NANDA SPA,332816,0,,01_Raw/RIPLEY/Facturacion\dteproveedor_7369.xml
dteproveedor_7370.xml,LIQUIDACION,43,124475,2026-05-13,83382700-6,Comercial Eccsa S.A.,77898100-9,IMPORTADORA Y COMERCIALIZADOR NANDA SPA,104117,0,,01_Raw/RIPLEY/Facturacion\dteproveedor_7370.xml
dteproveedor_7371.xml,LIQUIDACION,43,124477,2026-05-13,83382700-6,Comercial Eccsa S.A.,77898100-9,IMPORTADORA Y COMERCIALIZADOR NANDA SPA,309053,0,,01_Raw/RIPLEY/Facturacion\dteproveedor_7371.xml
dteproveedor_7372.xml,DOCUMENTO,33,2418907,2026-05-13,83382700-6,Comercial Eccsa S.A.,77898100-9,IMPORTADORA Y COMERCIALIZADOR NANDA SPA,793874,0,,01_Raw/RIPLEY/Facturacion\dteproveedor_7372.xml
dteproveedor_7373.xml,DOCUMENTO,33,2418908,2026-05-13,83382700-6,Comercial Eccsa S.A.,77898100-9,IMPORTADORA Y COMERCIALIZADOR NANDA SPA,287450,0,,01_Raw/RIPLEY/Facturacion\dteproveedor_7373.xml
dteproveedor_7382.xml,DOCUMENTO,52,53395064,2026-05-18,83382700-6,COMERCIAL ECCSA S.A.,77898100-9,IMPORTADORA Y COMERCIALIZADORA NANDA SPA,76631,1,13761166,01_Raw/RIPLEY/Facturacion\dteproveedor_7382.xml
dteproveedor_7383.xml,DOCUMENTO,52,53395058,2026-05-18,83382700-6,COMERCIAL ECCSA S.A.,77898100-9,IMPORTADORA Y COMERCIALIZADORA NANDA SPA,666169,1,13761160,01_Raw/RIPLEY/Facturacion\dteproveedor_7383.xml
dteproveedor_7384.xml,DOCUMENTO,52,53395059,2026-05-18,83382700-6,COMERCIAL ECCSA S.A.,77898100-9,IMPORTADORA Y COMERCIALIZADORA NANDA SPA,483099,1,13761161,01_Raw/RIPLEY/Facturacion\dteproveedor_7384.xml
dteproveedor_7385.xml,DOCUMENTO,52,53395060,2026-05-18,83382700-6,COMERCIAL ECCSA S.A.,77898100-9,IMPORTADORA Y COMERCIALIZADORA NANDA SPA,299498,1,13761162,01_Raw/RIPLEY/Facturacion\dteproveedor_7385.xml
dteproveedor_7386.xml,DOCUMENTO,52,53395061,2026-05-18,83382700-6,COMERCIAL ECCSA S.A.,77898100-9,IMPORTADORA Y COMERCIALIZADORA NANDA SPA,216312,1,13761163,01_Raw/RIPLEY/Facturacion\dteproveedor_7386.xml
dteproveedor_7387.xml,DOCUMENTO,52,53395062,2026-05-18,83382700-6,COMERCIAL ECCSA S.A.,77898100-9,IMPORTADORA Y COMERCIALIZADORA NANDA SPA,352499,1,13761164,01_Raw/RIPLEY/Facturacion\dteproveedor_7387.xml
dteproveedor_7388.xml,DOCUMENTO,52,53395063,2026-05-18,83382700-6,COMERCIAL ECCSA S.A.,77898100-9,IMPORTADORA Y COMERCIALIZADORA NANDA SPA,402451,1,13761165,01_Raw/RIPLEY/Facturacion\dteproveedor_7388.xml
dteproveedor_7391.xml,DOCUMENTO,33,2415485,2026-05-19,83382700-6,Comercial Eccsa S.A.,77898100-9,IMPORTADORA Y COMERCIALIZADOR NANDA SPA,239352,0,,01_Raw/RIPLEY/Facturacion\dteproveedor_7391.xml
dteproveedor_7392.xml,DOCUMENTO,33,2415980,2026-05-19,83382700-6,Comercial Eccsa S.A.,77898100-9,IMPORTADORA Y COMERCIALIZADOR NANDA SPA,21000,0,,01_Raw/RIPLEY/Facturacion\dteproveedor_7392.xml
dteproveedor_7393.xml,DOCUMENTO,33,2416003,2026-05-19,83382700-6,Comercial Eccsa S.A.,77898100-9,IMPORTADORA Y COMERCIALIZADOR NANDA SPA,3273,0,,01_Raw/RIPLEY/Facturacion\dteproveedor_7393.xml
dteproveedor_7394.xml,DOCUMENTO,33,2416135,2026-05-19,83382700-6,Comercial Eccsa S.A.,77898100-9,IMPORTADORA Y COMERCIALIZADOR NANDA SPA,79001,0,,01_Raw/RIPLEY/Facturacion\dteproveedor_7394.xml
dteproveedor_7396.xml,LIQUIDACION,43,124585,2026-05-20,83382700-6,Comercial Eccsa S.A.,77898100-9,IMPORTADORA Y COMERCIALIZADOR NANDA SPA,200025,0,,01_Raw/RIPLEY/Facturacion\dteproveedor_7396.xml
dteproveedor_7397.xml,LIQUIDACION,43,124584,2026-05-20,83382700-6,Comercial Eccsa S.A.,77898100-9,IMPORTADORA Y COMERCIALIZADOR NANDA SPA,469742,0,,01_Raw/RIPLEY/Facturacion\dteproveedor_7397.xml
dteproveedor_7398.xml,DOCUMENTO,33,2420714,2026-05-20,83382700-6,Comercial Eccsa S.A.,77898100-9,IMPORTADORA Y COMERCIALIZADOR NANDA SPA,177950,0,,01_Raw/RIPLEY/Facturacion\dteproveedor_7398.xml
dteproveedor_7399.xml,DOCUMENTO,33,2420713,2026-05-20,83382700-6,Comercial Eccsa S.A.,77898100-9,IMPORTADORA Y COMERCIALIZADOR NANDA SPA,564382,0,,01_Raw/RIPLEY/Facturacion\dteproveedor_7399.xml
dteproveedor_7409.xml,DOCUMENTO,33,2416511,2026-05-27,83382700-6,Comercial Eccsa S.A.,77898100-9,IMPORTADORA Y COMERCIALIZADOR NANDA SPA,30000,0,,01_Raw/RIPLEY/Facturacion\dteproveedor_7409.xml
dteproveedor_7410.xml,DOCUMENTO,33,2416625,2026-05-27,83382700-6,Comercial Eccsa S.A.,77898100-9,IMPORTADORA Y COMERCIALIZADOR NANDA SPA,3843,0,,01_Raw/RIPLEY/Facturacion\dteproveedor_7410.xml
dteproveedor_7411.xml,DOCUMENTO,33,2416663,2026-05-27,83382700-6,Comercial Eccsa S.A.,77898100-9,IMPORTADORA Y COMERCIALIZADOR NANDA SPA,65000,0,,01_Raw/RIPLEY/Facturacion\dteproveedor_7411.xml
dteproveedor_7413.xml,DOCUMENTO,33,2417106,2026-05-27,83382700-6,Comercial Eccsa S.A.,77898100-9,IMPORTADORA Y COMERCIALIZADOR NANDA SPA,226233,0,,01_Raw/RIPLEY/Facturacion\dteproveedor_7413.xml
dteproveedor_7426.xml,LIQUIDACION,43,124691,2026-05-28,83382700-6,Comercial Eccsa S.A.,77898100-9,IMPORTADORA Y COMERCIALIZADOR NANDA SPA,68044,0,,01_Raw/RIPLEY/Facturacion\dteproveedor_7426.xml
dteproveedor_7427.xml,LIQUIDACION,43,124692,2026-05-28,83382700-6,Comercial Eccsa S.A.,77898100-9,IMPORTADORA Y COMERCIALIZADOR NANDA SPA,300025,0,,01_Raw/RIPLEY/Facturacion\dteproveedor_7427.xml
dteproveedor_7428.xml,DOCUMENTO,33,2422332,2026-05-28,83382700-6,Comercial Eccsa S.A.,77898100-9,IMPORTADORA Y COMERCIALIZADOR NANDA SPA,188560,0,,01_Raw/RIPLEY/Facturacion\dteproveedor_7428.xml
dteproveedor_7429.xml,DOCUMENTO,33,2422331,2026-05-28,83382700-6,Comercial Eccsa S.A.,77898100-9,IMPORTADORA Y COMERCIALIZADOR NANDA SPA,545018,0,,01_Raw/RIPLEY/Facturacion\dteproveedor_7429.xml
dteproveedor_7455.xml,DOCUMENTO,33,2417893,2026-06-04,83382700-6,Comercial Eccsa S.A.,77898100-9,IMPORTADORA Y COMERCIALIZADOR NANDA SPA,12000,0,,01_Raw/RIPLEY/Facturacion\dteproveedor_7455.xml
dteproveedor_7456.xml,DOCUMENTO,33,2417992,2026-06-04,83382700-6,Comercial Eccsa S.A.,77898100-9,IMPORTADORA Y COMERCIALIZADOR NANDA SPA,3916,0,,01_Raw/RIPLEY/Facturacion\dteproveedor_7456.xml
dteproveedor_7459.xml,DOCUMENTO,33,2418097,2026-06-04,83382700-6,Comercial Eccsa S.A.,77898100-9,IMPORTADORA Y COMERCIALIZADOR NANDA SPA,205700,0,,01_Raw/RIPLEY/Facturacion\dteproveedor_7459.xml
dteproveedor_7464.xml,LIQUIDACION,43,125614,2026-05-31,83382700-6,Comercial Eccsa S.A.,77898100-9,IMPORTADORA Y COMERCIALIZADOR NANDA SPA,111489,0,,01_Raw/RIPLEY/Facturacion\dteproveedor_7464.xml
dteproveedor_7467.xml,DOCUMENTO,33,2428676,2026-06-04,83382700-6,Comercial Eccsa S.A.,77898100-9,IMPORTADORA Y COMERCIALIZADOR NANDA SPA,901112,0,,01_Raw/RIPLEY/Facturacion\dteproveedor_7467.xml
dteproveedor_7469.xml,DOCUMENTO,33,2424458,2026-06-05,83382700-6,Comercial Eccsa S.A.,77898100-9,IMPORTADORA Y COMERCIALIZADOR NANDA SPA,359162,0,,01_Raw/RIPLEY/Facturacion\dteproveedor_7469.xml
dteproveedor_7470.xml,DOCUMENTO,33,2424457,2026-06-05,83382700-6,Comercial Eccsa S.A.,77898100-9,IMPORTADORA Y COMERCIALIZADOR NANDA SPA,1172107,0,,01_Raw/RIPLEY/Facturacion\dteproveedor_7470.xml
dteproveedor_7472.xml,LIQUIDACION,43,125741,2026-06-05,83382700-6,Comercial Eccsa S.A.,77898100-9,IMPORTADORA Y COMERCIALIZADOR NANDA SPA,819284,0,,01_Raw/RIPLEY/Facturacion\dteproveedor_7472.xml
dteproveedor_7473.xml,LIQUIDACION,43,125742,2026-06-05,83382700-6,Comercial Eccsa S.A.,77898100-9,IMPORTADORA Y COMERCIALIZADOR NANDA SPA,452452,0,,01_Raw/RIPLEY/Facturacion\dteproveedor_7473.xml
dteproveedor_7474.xml,LIQUIDACION,43,125744,2026-06-05,83382700-6,Comercial Eccsa S.A.,77898100-9,IMPORTADORA Y COMERCIALIZADOR NANDA SPA,469313,0,,01_Raw/RIPLEY/Facturacion\dteproveedor_7474.xml
dteproveedor_7475.xml,LIQUIDACION,43,125743,2026-06-05,83382700-6,Comercial Eccsa S.A.,77898100-9,IMPORTADORA Y COMERCIALIZADOR NANDA SPA,468396,0,,01_Raw/RIPLEY/Facturacion\dteproveedor_7475.xml
dteproveedor_7496.xml,DOCUMENTO,33,2429286,2026-06-12,83382700-6,Comercial Eccsa S.A.,77898100-9,IMPORTADORA Y COMERCIALIZADOR NANDA SPA,15000,0,,01_Raw/RIPLEY/Facturacion\dteproveedor_7496.xml
dteproveedor_7497.xml,DOCUMENTO,33,2429321,2026-06-12,83382700-6,Comercial Eccsa S.A.,77898100-9,IMPORTADORA Y COMERCIALIZADOR NANDA SPA,4249,0,,01_Raw/RIPLEY/Facturacion\dteproveedor_7497.xml
dteproveedor_7498.xml,DOCUMENTO,33,2429436,2026-06-12,83382700-6,Comercial Eccsa S.A.,77898100-9,IMPORTADORA Y COMERCIALIZADOR NANDA SPA,51500,0,,01_Raw/RIPLEY/Facturacion\dteproveedor_7498.xml
dteproveedor_7501.xml,DOCUMENTO,33,2430050,2026-06-12,83382700-6,Comercial Eccsa S.A.,77898100-9,IMPORTADORA Y COMERCIALIZADOR NANDA SPA,277663,0,,01_Raw/RIPLEY/Facturacion\dteproveedor_7501.xml
dteproveedor_7511.xml,LIQUIDACION,43,125929,2026-06-13,83382700-6,Comercial Eccsa S.A.,77898100-9,IMPORTADORA Y COMERCIALIZADOR NANDA SPA,117236,0,,01_Raw/RIPLEY/Facturacion\dteproveedor_7511.xml
dteproveedor_7512.xml,LIQUIDACION,43,125930,2026-06-13,83382700-6,Comercial Eccsa S.A.,77898100-9,IMPORTADORA Y COMERCIALIZADOR NANDA SPA,298375,0,,01_Raw/RIPLEY/Facturacion\dteproveedor_7512.xml
dteproveedor_7515.xml,DOCUMENTO,33,2426419,2026-06-13,83382700-6,Comercial Eccsa S.A.,77898100-9,IMPORTADORA Y COMERCIALIZADOR NANDA SPA,396002,0,,01_Raw/RIPLEY/Facturacion\dteproveedor_7515.xml
dteproveedor_7516.xml,DOCUMENTO,33,2426418,2026-06-13,83382700-6,Comercial Eccsa S.A.,77898100-9,IMPORTADORA Y COMERCIALIZADOR NANDA SPA,2134712,0,,01_Raw/RIPLEY/Facturacion\dteproveedor_7516.xml
dteproveedor_7520.xml,DOCUMENTO,33,2431205,2026-06-19,83382700-6,Comercial Eccsa S.A.,77898100-9,IMPORTADORA Y COMERCIALIZADOR NANDA SPA,352572,0,,01_Raw/RIPLEY/Facturacion\dteproveedor_7520.xml
dteproveedor_7521.xml,DOCUMENTO,33,2431560,2026-06-19,83382700-6,Comercial Eccsa S.A.,77898100-9,IMPORTADORA Y COMERCIALIZADOR NANDA SPA,12000,0,,01_Raw/RIPLEY/Facturacion\dteproveedor_7521.xml
dteproveedor_7522.xml,DOCUMENTO,33,2431581,2026-06-19,83382700-6,Comercial Eccsa S.A.,77898100-9,IMPORTADORA Y COMERCIALIZADOR NANDA SPA,3966,0,,01_Raw/RIPLEY/Facturacion\dteproveedor_7522.xml
dteproveedor_7523.xml,DOCUMENTO,33,2431677,2026-06-19,83382700-6,Comercial Eccsa S.A.,77898100-9,IMPORTADORA Y COMERCIALIZADOR NANDA SPA,20800,0,,01_Raw/RIPLEY/Facturacion\dteproveedor_7523.xml
dteproveedor_7530.xml,LIQUIDACION,43,126048,2026-06-20,83382700-6,Comercial Eccsa S.A.,77898100-9,IMPORTADORA Y COMERCIALIZADOR NANDA SPA,273832,0,,01_Raw/RIPLEY/Facturacion\dteproveedor_7530.xml
dteproveedor_7531.xml,DOCUMENTO,33,2428162,2026-06-20,83382700-6,Comercial Eccsa S.A.,77898100-9,IMPORTADORA Y COMERCIALIZADOR NANDA SPA,646736,0,,01_Raw/RIPLEY/Facturacion\dteproveedor_7531.xml
dteproveedor_7532.xml,DOCUMENTO,33,2428163,2026-06-20,83382700-6,Comercial Eccsa S.A.,77898100-9,IMPORTADORA Y COMERCIALIZADOR NANDA SPA,200425,0,,01_Raw/RIPLEY/Facturacion\dteproveedor_7532.xml
dteproveedor_7537.xml,DOCUMENTO,52,54087132,2026-06-25,83382700-6,COMERCIAL ECCSA S.A.,77898100-9,IMPORTADORA Y COMERCIALIZADORA NANDA SPA,329925,1,13835678,01_Raw/RIPLEY/Facturacion\dteproveedor_7537.xml
dteproveedor_7538.xml,DOCUMENTO,52,54087133,2026-06-25,83382700-6,COMERCIAL ECCSA S.A.,77898100-9,IMPORTADORA Y COMERCIALIZADORA NANDA SPA,242994,1,13835679,01_Raw/RIPLEY/Facturacion\dteproveedor_7538.xml
dteproveedor_7539.xml,DOCUMENTO,52,54087134,2026-06-25,83382700-6,COMERCIAL ECCSA S.A.,77898100-9,IMPORTADORA Y COMERCIALIZADORA NANDA SPA,174818,1,13835680,01_Raw/RIPLEY/Facturacion\dteproveedor_7539.xml
dteproveedor_7540.xml,DOCUMENTO,52,54087130,2026-06-25,83382700-6,COMERCIAL ECCSA S.A.,77898100-9,IMPORTADORA Y COMERCIALIZADORA NANDA SPA,247547,1,13835676,01_Raw/RIPLEY/Facturacion\dteproveedor_7540.xml
dteproveedor_7541.xml,DOCUMENTO,52,54087131,2026-06-25,83382700-6,COMERCIAL ECCSA S.A.,77898100-9,IMPORTADORA Y COMERCIALIZADORA NANDA SPA,335121,1,13835677,01_Raw/RIPLEY/Facturacion\dteproveedor_7541.xml
dteproveedor_7542.xml,DOCUMENTO,52,54087135,2026-06-25,83382700-6,COMERCIAL ECCSA S.A.,77898100-9,IMPORTADORA Y COMERCIALIZADORA NANDA SPA,244144,1,13835681,01_Raw/RIPLEY/Facturacion\dteproveedor_7542.xml
dteproveedor_7543.xml,DOCUMENTO,52,54087136,2026-06-25,83382700-6,COMERCIAL ECCSA S.A.,77898100-9,IMPORTADORA Y COMERCIALIZADORA NANDA SPA,142634,1,13835682,01_Raw/RIPLEY/Facturacion\dteproveedor_7543.xml
dteproveedor_7544.xml,DOCUMENTO,52,54087139,2026-06-25,83382700-6,COMERCIAL ECCSA S.A.,77898100-9,IMPORTADORA Y COMERCIALIZADORA NANDA SPA,226291,1,13835685,01_Raw/RIPLEY/Facturacion\dteproveedor_7544.xml
dteproveedor_7545.xml,DOCUMENTO,52,54087137,2026-06-25,83382700-6,COMERCIAL ECCSA S.A.,77898100-9,IMPORTADORA Y COMERCIALIZADORA NANDA SPA,261167,1,13835683,01_Raw/RIPLEY/Facturacion\dteproveedor_7545.xml
dteproveedor_7546.xml,DOCUMENTO,52,54087138,2026-06-25,83382700-6,COMERCIAL ECCSA S.A.,77898100-9,IMPORTADORA Y COMERCIALIZADORA NANDA SPA,202666,1,13835684,01_Raw/RIPLEY/Facturacion\dteproveedor_7546.xml
dteproveedor_7547.xml,DOCUMENTO,52,54087140,2026-06-25,83382700-6,COMERCIAL ECCSA S.A.,77898100-9,IMPORTADORA Y COMERCIALIZADORA NANDA SPA,341026,1,13835686,01_Raw/RIPLEY/Facturacion\dteproveedor_7547.xml
dteproveedor_7548.xml,DOCUMENTO,52,54087141,2026-06-25,83382700-6,COMERCIAL ECCSA S.A.,77898100-9,IMPORTADORA Y COMERCIALIZADORA NANDA SPA,173856,1,13835687,01_Raw/RIPLEY/Facturacion\dteproveedor_7548.xml
dteproveedor_7549.xml,DOCUMENTO,52,54087142,2026-06-25,83382700-6,COMERCIAL ECCSA S.A.,77898100-9,IMPORTADORA Y COMERCIALIZADORA NANDA SPA,4000,1,13835688,01_Raw/RIPLEY/Facturacion\dteproveedor_7549.xml
dteproveedor_7554.xml,DOCUMENTO,33,2432529,2026-06-26,83382700-6,Comercial Eccsa S.A.,77898100-9,IMPORTADORA Y COMERCIALIZADOR NANDA SPA,15000,0,,01_Raw/RIPLEY/Facturacion\dteproveedor_7554.xml
dteproveedor_7555.xml,DOCUMENTO,33,2432568,2026-06-26,83382700-6,Comercial Eccsa S.A.,77898100-9,IMPORTADORA Y COMERCIALIZADOR NANDA SPA,3305,0,,01_Raw/RIPLEY/Facturacion\dteproveedor_7555.xml
dteproveedor_7556.xml,DOCUMENTO,33,2432894,2026-06-26,83382700-6,Comercial Eccsa S.A.,77898100-9,IMPORTADORA Y COMERCIALIZADOR NANDA SPA,587848,0,,01_Raw/RIPLEY/Facturacion\dteproveedor_7556.xml
dteproveedor_7557.xml,DOCUMENTO,33,2432925,2026-06-26,83382700-6,Comercial Eccsa S.A.,77898100-9,IMPORTADORA Y COMERCIALIZADOR NANDA SPA,28600,0,,01_Raw/RIPLEY/Facturacion\dteproveedor_7557.xml
dteproveedor_7558.xml,DOCUMENTO,33,2433189,2026-06-26,83382700-6,Comercial Eccsa S.A.,77898100-9,IMPORTADORA Y COMERCIALIZADOR NANDA SPA,293496,0,,01_Raw/RIPLEY/Facturacion\dteproveedor_7558.xml
dteproveedor_7587.xml,LIQUIDACION,43,126172,2026-06-28,83382700-6,Comercial Eccsa S.A.,77898100-9,IMPORTADORA Y COMERCIALIZADOR NANDA SPA,372176,0,,01_Raw/RIPLEY/Facturacion\dteproveedor_7587.xml
dteproveedor_7588.xml,DOCUMENTO,33,2440509,2026-06-28,83382700-6,Comercial Eccsa S.A.,77898100-9,IMPORTADORA Y COMERCIALIZADOR NANDA SPA,198530,0,,01_Raw/RIPLEY/Facturacion\dteproveedor_7588.xml
dteproveedor_7589.xml,DOCUMENTO,33,2440508,2026-06-28,83382700-6,Comercial Eccsa S.A.,77898100-9,IMPORTADORA Y COMERCIALIZADOR NANDA SPA,685002,0,,01_Raw/RIPLEY/Facturacion\dteproveedor_7589.xml
dteproveedor_7607.xml,LIQUIDACION,43,127038,2026-06-30,83382700-6,Comercial Eccsa S.A.,77898100-9,IMPORTADORA Y COMERCIALIZADOR NANDA SPA,256345,0,,01_Raw/RIPLEY/Facturacion\dteproveedor_7607.xml
