invoice_number,ciclos_count,seller_count,folio_sii,tipo_dte,xml_file,match_strategy,match_status,evidence
562946,319,171,,,,DIRECT_NUMBER_MATCH,NO_DTE_FOUND,No literal reference to settlement invoice in any of 472 XMLs; namespace disjoint (invoice 500346-602050 vs SII folio 108927-53395064)
569570,280,207,,,,DIRECT_NUMBER_MATCH,NO_DTE_FOUND,No literal reference to settlement invoice in any of 472 XMLs; namespace disjoint (invoice 500346-602050 vs SII folio 108927-53395064)
575911,230,164,,,,DIRECT_NUMBER_MATCH,NO_DTE_FOUND,No literal reference to settlement invoice in any of 472 XMLs; namespace disjoint (invoice 500346-602050 vs SII folio 108927-53395064)
582603,353,271,,,,DIRECT_NUMBER_MATCH,NO_DTE_FOUND,No literal reference to settlement invoice in any of 472 XMLs; namespace disjoint (invoice 500346-602050 vs SII folio 108927-53395064)
589546,201,151,,,,DIRECT_NUMBER_MATCH,NO_DTE_FOUND,No literal reference to settlement invoice in any of 472 XMLs; namespace disjoint (invoice 500346-602050 vs SII folio 108927-53395064)
596684,504,379,,,,DIRECT_NUMBER_MATCH,NO_DTE_FOUND,No literal reference to settlement invoice in any of 472 XMLs; namespace disjoint (invoice 500346-602050 vs SII folio 108927-53395064)
556626,750,427,,,,DIRECT_NUMBER_MATCH,NO_DTE_FOUND,No literal reference to settlement invoice in any of 472 XMLs; namespace disjoint (invoice 500346-602050 vs SII folio 108927-53395064)
503106,645,482,,,,DIRECT_NUMBER_MATCH,NO_DTE_FOUND,No literal reference to settlement invoice in any of 472 XMLs; namespace disjoint (invoice 500346-602050 vs SII folio 108927-53395064)
564540,224,127,,,,DIRECT_NUMBER_MATCH,NO_DTE_FOUND,No literal reference to settlement invoice in any of 472 XMLs; namespace disjoint (invoice 500346-602050 vs SII folio 108927-53395064)
508667,378,256,,,,DIRECT_NUMBER_MATCH,NO_DTE_FOUND,No literal reference to settlement invoice in any of 472 XMLs; namespace disjoint (invoice 500346-602050 vs SII folio 108927-53395064)
571181,102,63,,,,DIRECT_NUMBER_MATCH,NO_DTE_FOUND,No literal reference to settlement invoice in any of 472 XMLs; namespace disjoint (invoice 500346-602050 vs SII folio 108927-53395064)
514115,366,258,,,,DIRECT_NUMBER_MATCH,NO_DTE_FOUND,No literal reference to settlement invoice in any of 472 XMLs; namespace disjoint (invoice 500346-602050 vs SII folio 108927-53395064)
577566,254,156,,,,DIRECT_NUMBER_MATCH,NO_DTE_FOUND,No literal reference to settlement invoice in any of 472 XMLs; namespace disjoint (invoice 500346-602050 vs SII folio 108927-53395064)
519418,654,498,,,,DIRECT_NUMBER_MATCH,NO_DTE_FOUND,No literal reference to settlement invoice in any of 472 XMLs; namespace disjoint (invoice 500346-602050 vs SII folio 108927-53395064)
584269,213,0,,,,DIRECT_NUMBER_MATCH,NO_DTE_FOUND,No literal reference to settlement invoice in any of 472 XMLs; namespace disjoint (invoice 500346-602050 vs SII folio 108927-53395064)
524491,407,251,,,,DIRECT_NUMBER_MATCH,NO_DTE_FOUND,No literal reference to settlement invoice in any of 472 XMLs; namespace disjoint (invoice 500346-602050 vs SII folio 108927-53395064)
591235,190,129,,,,DIRECT_NUMBER_MATCH,NO_DTE_FOUND,No literal reference to settlement invoice in any of 472 XMLs; namespace disjoint (invoice 500346-602050 vs SII folio 108927-53395064)
529315,462,303,,,,DIRECT_NUMBER_MATCH,NO_DTE_FOUND,No literal reference to settlement invoice in any of 472 XMLs; namespace disjoint (invoice 500346-602050 vs SII folio 108927-53395064)
598638,213,185,,,,DIRECT_NUMBER_MATCH,NO_DTE_FOUND,No literal reference to settlement invoice in any of 472 XMLs; namespace disjoint (invoice 500346-602050 vs SII folio 108927-53395064)
533710,512,405,,,,DIRECT_NUMBER_MATCH,NO_DTE_FOUND,No literal reference to settlement invoice in any of 472 XMLs; namespace disjoint (invoice 500346-602050 vs SII folio 108927-53395064)
538209,404,335,,,,DIRECT_NUMBER_MATCH,NO_DTE_FOUND,No literal reference to settlement invoice in any of 472 XMLs; namespace disjoint (invoice 500346-602050 vs SII folio 108927-53395064)
543422,240,205,,,,DIRECT_NUMBER_MATCH,NO_DTE_FOUND,No literal reference to settlement invoice in any of 472 XMLs; namespace disjoint (invoice 500346-602050 vs SII folio 108927-53395064)
548494,700,485,,,,DIRECT_NUMBER_MATCH,NO_DTE_FOUND,No literal reference to settlement invoice in any of 472 XMLs; namespace disjoint (invoice 500346-602050 vs SII folio 108927-53395064)
551904,331,238,,,,DIRECT_NUMBER_MATCH,NO_DTE_FOUND,No literal reference to settlement invoice in any of 472 XMLs; namespace disjoint (invoice 500346-602050 vs SII folio 108927-53395064)
557771,462,291,,,,DIRECT_NUMBER_MATCH,NO_DTE_FOUND,No literal reference to settlement invoice in any of 472 XMLs; namespace disjoint (invoice 500346-602050 vs SII folio 108927-53395064)
566213,181,108,,,,DIRECT_NUMBER_MATCH,NO_DTE_FOUND,No literal reference to settlement invoice in any of 472 XMLs; namespace disjoint (invoice 500346-602050 vs SII folio 108927-53395064)
572859,150,107,,,,DIRECT_NUMBER_MATCH,NO_DTE_FOUND,No literal reference to settlement invoice in any of 472 XMLs; namespace disjoint (invoice 500346-602050 vs SII folio 108927-53395064)
579224,263,173,,,,DIRECT_NUMBER_MATCH,NO_DTE_FOUND,No literal reference to settlement invoice in any of 472 XMLs; namespace disjoint (invoice 500346-602050 vs SII folio 108927-53395064)
586105,261,180,,,,DIRECT_NUMBER_MATCH,NO_DTE_FOUND,No literal reference to settlement invoice in any of 472 XMLs; namespace disjoint (invoice 500346-602050 vs SII folio 108927-53395064)
592974,181,130,,,,DIRECT_NUMBER_MATCH,NO_DTE_FOUND,No literal reference to settlement invoice in any of 472 XMLs; namespace disjoint (invoice 500346-602050 vs SII folio 108927-53395064)
600339,192,158,,,,DIRECT_NUMBER_MATCH,NO_DTE_FOUND,No literal reference to settlement invoice in any of 472 XMLs; namespace disjoint (invoice 500346-602050 vs SII folio 108927-53395064)
553661,327,232,,,,DIRECT_NUMBER_MATCH,NO_DTE_FOUND,No literal reference to settlement invoice in any of 472 XMLs; namespace disjoint (invoice 500346-602050 vs SII folio 108927-53395064)
560350,331,213,,,,DIRECT_NUMBER_MATCH,NO_DTE_FOUND,No literal reference to settlement invoice in any of 472 XMLs; namespace disjoint (invoice 500346-602050 vs SII folio 108927-53395064)
505930,567,416,,,,DIRECT_NUMBER_MATCH,NO_DTE_FOUND,No literal reference to settlement invoice in any of 472 XMLs; namespace disjoint (invoice 500346-602050 vs SII folio 108927-53395064)
567819,213,145,,,,DIRECT_NUMBER_MATCH,NO_DTE_FOUND,No literal reference to settlement invoice in any of 472 XMLs; namespace disjoint (invoice 500346-602050 vs SII folio 108927-53395064)
511338,324,215,,,,DIRECT_NUMBER_MATCH,NO_DTE_FOUND,No literal reference to settlement invoice in any of 472 XMLs; namespace disjoint (invoice 500346-602050 vs SII folio 108927-53395064)
574264,127,82,,,,DIRECT_NUMBER_MATCH,NO_DTE_FOUND,No literal reference to settlement invoice in any of 472 XMLs; namespace disjoint (invoice 500346-602050 vs SII folio 108927-53395064)
517031,812,590,,,,DIRECT_NUMBER_MATCH,NO_DTE_FOUND,No literal reference to settlement invoice in any of 472 XMLs; namespace disjoint (invoice 500346-602050 vs SII folio 108927-53395064)
580832,332,233,,,,DIRECT_NUMBER_MATCH,NO_DTE_FOUND,No literal reference to settlement invoice in any of 472 XMLs; namespace disjoint (invoice 500346-602050 vs SII folio 108927-53395064)
521993,507,410,,,,DIRECT_NUMBER_MATCH,NO_DTE_FOUND,No literal reference to settlement invoice in any of 472 XMLs; namespace disjoint (invoice 500346-602050 vs SII folio 108927-53395064)
587807,114,81,,,,DIRECT_NUMBER_MATCH,NO_DTE_FOUND,No literal reference to settlement invoice in any of 472 XMLs; namespace disjoint (invoice 500346-602050 vs SII folio 108927-53395064)
526971,755,521,,,,DIRECT_NUMBER_MATCH,NO_DTE_FOUND,No literal reference to settlement invoice in any of 472 XMLs; namespace disjoint (invoice 500346-602050 vs SII folio 108927-53395064)
594818,279,223,,,,DIRECT_NUMBER_MATCH,NO_DTE_FOUND,No literal reference to settlement invoice in any of 472 XMLs; namespace disjoint (invoice 500346-602050 vs SII folio 108927-53395064)
531516,579,430,,,,DIRECT_NUMBER_MATCH,NO_DTE_FOUND,No literal reference to settlement invoice in any of 472 XMLs; namespace disjoint (invoice 500346-602050 vs SII folio 108927-53395064)
602050,224,164,,,,DIRECT_NUMBER_MATCH,NO_DTE_FOUND,No literal reference to settlement invoice in any of 472 XMLs; namespace disjoint (invoice 500346-602050 vs SII folio 108927-53395064)
535997,564,482,,,,DIRECT_NUMBER_MATCH,NO_DTE_FOUND,No literal reference to settlement invoice in any of 472 XMLs; namespace disjoint (invoice 500346-602050 vs SII folio 108927-53395064)
540610,467,400,,,,DIRECT_NUMBER_MATCH,NO_DTE_FOUND,No literal reference to settlement invoice in any of 472 XMLs; namespace disjoint (invoice 500346-602050 vs SII folio 108927-53395064)
546116,590,439,,,,DIRECT_NUMBER_MATCH,NO_DTE_FOUND,No literal reference to settlement invoice in any of 472 XMLs; namespace disjoint (invoice 500346-602050 vs SII folio 108927-53395064)
550779,506,323,,,,DIRECT_NUMBER_MATCH,NO_DTE_FOUND,No literal reference to settlement invoice in any of 472 XMLs; namespace disjoint (invoice 500346-602050 vs SII folio 108927-53395064)
554612,588,353,,,,DIRECT_NUMBER_MATCH,NO_DTE_FOUND,No literal reference to settlement invoice in any of 472 XMLs; namespace disjoint (invoice 500346-602050 vs SII folio 108927-53395064)
500346,945,818,,,,DIRECT_NUMBER_MATCH,NO_DTE_FOUND,No literal reference to settlement invoice in any of 472 XMLs; namespace disjoint (invoice 500346-602050 vs SII folio 108927-53395064)
561221,240,112,,,,DIRECT_NUMBER_MATCH,NO_DTE_FOUND,No literal reference to settlement invoice in any of 472 XMLs; namespace disjoint (invoice 500346-602050 vs SII folio 108927-53395064)
