invoice_number,status,reason
562946,NO_DTE_FOUND,No DTE references this settlement invoice number
569570,NO_DTE_FOUND,No DTE references this settlement invoice number
575911,NO_DTE_FOUND,No DTE references this settlement invoice number
582603,NO_DTE_FOUND,No DTE references this settlement invoice number
589546,NO_DTE_FOUND,No DTE references this settlement invoice number
596684,NO_DTE_FOUND,No DTE references this settlement invoice number
556626,NO_DTE_FOUND,No DTE references this settlement invoice number
503106,NO_DTE_FOUND,No DTE references this settlement invoice number
564540,NO_DTE_FOUND,No DTE references this settlement invoice number
508667,NO_DTE_FOUND,No DTE references this settlement invoice number
571181,NO_DTE_FOUND,No DTE references this settlement invoice number
514115,NO_DTE_FOUND,No DTE references this settlement invoice number
577566,NO_DTE_FOUND,No DTE references this settlement invoice number
519418,NO_DTE_FOUND,No DTE references this settlement invoice number
584269,NO_DTE_FOUND,No DTE references this settlement invoice number
524491,NO_DTE_FOUND,No DTE references this settlement invoice number
591235,NO_DTE_FOUND,No DTE references this settlement invoice number
529315,NO_DTE_FOUND,No DTE references this settlement invoice number
598638,NO_DTE_FOUND,No DTE references this settlement invoice number
533710,NO_DTE_FOUND,No DTE references this settlement invoice number
538209,NO_DTE_FOUND,No DTE references this settlement invoice number
543422,NO_DTE_FOUND,No DTE references this settlement invoice number
548494,NO_DTE_FOUND,No DTE references this settlement invoice number
551904,NO_DTE_FOUND,No DTE references this settlement invoice number
557771,NO_DTE_FOUND,No DTE references this settlement invoice number
566213,NO_DTE_FOUND,No DTE references this settlement invoice number
572859,NO_DTE_FOUND,No DTE references this settlement invoice number
579224,NO_DTE_FOUND,No DTE references this settlement invoice number
586105,NO_DTE_FOUND,No DTE references this settlement invoice number
592974,NO_DTE_FOUND,No DTE references this settlement invoice number
600339,NO_DTE_FOUND,No DTE references this settlement invoice number
553661,NO_DTE_FOUND,No DTE references this settlement invoice number
560350,NO_DTE_FOUND,No DTE references this settlement invoice number
505930,NO_DTE_FOUND,No DTE references this settlement invoice number
567819,NO_DTE_FOUND,No DTE references this settlement invoice number
511338,NO_DTE_FOUND,No DTE references this settlement invoice number
574264,NO_DTE_FOUND,No DTE references this settlement invoice number
517031,NO_DTE_FOUND,No DTE references this settlement invoice number
580832,NO_DTE_FOUND,No DTE references this settlement invoice number
521993,NO_DTE_FOUND,No DTE references this settlement invoice number
587807,NO_DTE_FOUND,No DTE references this settlement invoice number
526971,NO_DTE_FOUND,No DTE references this settlement invoice number
594818,NO_DTE_FOUND,No DTE references this settlement invoice number
531516,NO_DTE_FOUND,No DTE references this settlement invoice number
602050,NO_DTE_FOUND,No DTE references this settlement invoice number
535997,NO_DTE_FOUND,No DTE references this settlement invoice number
540610,NO_DTE_FOUND,No DTE references this settlement invoice number
546116,NO_DTE_FOUND,No DTE references this settlement invoice number
550779,NO_DTE_FOUND,No DTE references this settlement invoice number
554612,NO_DTE_FOUND,No DTE references this settlement invoice number
500346,NO_DTE_FOUND,No DTE references this settlement invoice number
561221,NO_DTE_FOUND,No DTE references this settlement invoice number
