id_transaccion,id_orden,settlement_ref,chain_status,folio_xml,monto,match_status,match_rule,has_folio_xml,matched_dte_folio
RIP_TH_2339_facturamanual,23191134201-A,,NO_CHAIN,499799.0,-2800.0,UNMATCHED,SETTLEMENT_CHAIN_V2_ORDER_ID,True,
RIP_TH_2333_facturamanual,23197098201-A,,NO_CHAIN,499799.0,-2800.0,UNMATCHED,SETTLEMENT_CHAIN_V2_ORDER_ID,True,
RIP_TH_1711_facturamanual,23215515901-A,,NO_CHAIN,499799.0,-1000.0,UNMATCHED,SETTLEMENT_CHAIN_V2_ORDER_ID,True,
RIP_TH_2123_facturamanual,23215525501-A,,NO_CHAIN,499799.0,-1990.0,UNMATCHED,SETTLEMENT_CHAIN_V2_ORDER_ID,True,
RIP_TH_1707_facturamanual,23215725502-A,,NO_CHAIN,499799.0,-1990.0,UNMATCHED,SETTLEMENT_CHAIN_V2_ORDER_ID,True,
RIP_TH_1873_facturamanual,23215880201-A,,NO_CHAIN,499799.0,-1000.0,UNMATCHED,SETTLEMENT_CHAIN_V2_ORDER_ID,True,
RIP_TH_2121_facturamanual,23216349301-A,,NO_CHAIN,499799.0,-1000.0,UNMATCHED,SETTLEMENT_CHAIN_V2_ORDER_ID,True,
RIP_TH_1849_facturamanual,23216414801-A,,NO_CHAIN,499799.0,-1990.0,UNMATCHED,SETTLEMENT_CHAIN_V2_ORDER_ID,True,
RIP_TH_1685_facturamanual,23216680101-A,,NO_CHAIN,499799.0,-1990.0,UNMATCHED,SETTLEMENT_CHAIN_V2_ORDER_ID,True,
RIP_TH_1871_facturamanual,23216703401-A,,NO_CHAIN,499799.0,-1990.0,UNMATCHED,SETTLEMENT_CHAIN_V2_ORDER_ID,True,
RIP_TH_2081_facturamanual,23217264603-A,,NO_CHAIN,499799.0,-1000.0,UNMATCHED,SETTLEMENT_CHAIN_V2_ORDER_ID,True,
RIP_TH_1709_facturamanual,23217662901-A,,NO_CHAIN,499799.0,-1000.0,UNMATCHED,SETTLEMENT_CHAIN_V2_ORDER_ID,True,
RIP_TH_1865_facturamanual,23217763801-A,,NO_CHAIN,499799.0,-1990.0,UNMATCHED,SETTLEMENT_CHAIN_V2_ORDER_ID,True,
RIP_TH_2107_facturamanual,23217942301-A,,NO_CHAIN,499799.0,-1000.0,UNMATCHED,SETTLEMENT_CHAIN_V2_ORDER_ID,True,
RIP_TH_2075_facturamanual,23218418201-A,,NO_CHAIN,499799.0,-1990.0,UNMATCHED,SETTLEMENT_CHAIN_V2_ORDER_ID,True,
RIP_TH_1955_facturamanual,23218761701-A,,NO_CHAIN,499799.0,-1990.0,UNMATCHED,SETTLEMENT_CHAIN_V2_ORDER_ID,True,
RIP_TH_2087_facturamanual,23218826902-A,,NO_CHAIN,499799.0,-1000.0,UNMATCHED,SETTLEMENT_CHAIN_V2_ORDER_ID,True,
RIP_TH_1889_facturamanual,23218894001-A,,NO_CHAIN,499799.0,-1990.0,UNMATCHED,SETTLEMENT_CHAIN_V2_ORDER_ID,True,
RIP_TH_2077_facturamanual,23218941401-A,,NO_CHAIN,499799.0,-1000.0,UNMATCHED,SETTLEMENT_CHAIN_V2_ORDER_ID,True,
RIP_TH_1867_facturamanual,23218942201-A,,NO_CHAIN,499799.0,-1000.0,UNMATCHED,SETTLEMENT_CHAIN_V2_ORDER_ID,True,
RIP_TH_1869_facturamanual,23218984901-A,,NO_CHAIN,499799.0,-1000.0,UNMATCHED,SETTLEMENT_CHAIN_V2_ORDER_ID,True,
RIP_TH_1683_facturamanual,23219224701-A,,NO_CHAIN,499799.0,-1990.0,UNMATCHED,SETTLEMENT_CHAIN_V2_ORDER_ID,True,
RIP_TH_2097_facturamanual,23219385301-A,,NO_CHAIN,499799.0,-1990.0,UNMATCHED,SETTLEMENT_CHAIN_V2_ORDER_ID,True,
RIP_TH_1863_facturamanual,23219677401-A,,NO_CHAIN,499799.0,-1000.0,UNMATCHED,SETTLEMENT_CHAIN_V2_ORDER_ID,True,
RIP_TH_1703_facturamanual,23221050501-A,,NO_CHAIN,499799.0,-1000.0,UNMATCHED,SETTLEMENT_CHAIN_V2_ORDER_ID,True,
RIP_TH_14311_importedelpedido,23377642001-A,,NO_CHAIN,,9990.0,UNMATCHED,SETTLEMENT_CHAIN_V2_ORDER_ID,False,
RIP_TH_14312_importedelenviodelpedido,23377642001-A,,NO_CHAIN,,495.0,UNMATCHED,SETTLEMENT_CHAIN_V2_ORDER_ID,False,
RIP_TH_14313_gastosdeenviopagadosporeloperador,23377642001-A,,NO_CHAIN,,-495.0,UNMATCHED,SETTLEMENT_CHAIN_V2_ORDER_ID,False,
RIP_TH_14314_comisiones,23377642001-A,,NO_CHAIN,,-1998.0,UNMATCHED,SETTLEMENT_CHAIN_V2_ORDER_ID,False,
RIP_TH_14316_importedelpedido,23377642001-A,,NO_CHAIN,,12990.0,UNMATCHED,SETTLEMENT_CHAIN_V2_ORDER_ID,False,
RIP_TH_14317_importedelenviodelpedido,23377642001-A,,NO_CHAIN,,495.0,UNMATCHED,SETTLEMENT_CHAIN_V2_ORDER_ID,False,
RIP_TH_14318_gastosdeenviopagadosporeloperador,23377642001-A,,NO_CHAIN,,-495.0,UNMATCHED,SETTLEMENT_CHAIN_V2_ORDER_ID,False,
RIP_TH_14319_comisiones,23377642001-A,,NO_CHAIN,,-2598.0,UNMATCHED,SETTLEMENT_CHAIN_V2_ORDER_ID,False,
RIP_TH_14776_facturamanual,23377642001-A,,NO_CHAIN,510854.0,-1000.0,UNMATCHED,SETTLEMENT_CHAIN_V2_ORDER_ID,True,
RIP_TH_17002_importedelpedidoreembolsado,23377642001-A,,NO_CHAIN,,-9990.0,UNMATCHED,SETTLEMENT_CHAIN_V2_ORDER_ID,False,
RIP_TH_17003_importedelenviodelpedidoreembolsado,23377642001-A,,NO_CHAIN,,-495.0,UNMATCHED,SETTLEMENT_CHAIN_V2_ORDER_ID,False,
RIP_TH_17004_gastosdeenvioreembolsadospagadosporeloperador,23377642001-A,,NO_CHAIN,,495.0,UNMATCHED,SETTLEMENT_CHAIN_V2_ORDER_ID,False,
RIP_TH_17005_comisiondereembolso,23377642001-A,,NO_CHAIN,,1998.0,UNMATCHED,SETTLEMENT_CHAIN_V2_ORDER_ID,False,
