action_id,template,line,screen,control_type,label,user_intent,handler,http_method,endpoint,current_status,current_reason,visible_in_production,enabled_in_production,marketplace_scope,period_scope,business_value
copilot.html:22,copilot.html,copilot.html:22,General,control,.copilot-input { background: #1e293b; border: 1px solid #334,view,.copilot-input { background: #1e293b; border: 1px solid #334,GET,,UNUSED_ROUTE,EXPECTED_UNAVAILABLE generic,true,false,ALL,ALL,low
copilot.html:23,copilot.html,copilot.html:23,General,control,.copilot-input:focus { border-color: #6366f1; },view,.copilot-input:focus { border-color: #6366f1; },GET,,UNUSED_ROUTE,EXPECTED_UNAVAILABLE generic,true,false,ALL,ALL,low
copilot.html:37,copilot.html,copilot.html:37,General,control,"<a href=""/copilot"" class=""nav-link px-4 py-2 text-sm font-se",view,"<a href=""/copilot"" class=""nav-link px-4 py-2 text-sm font-se",GET,,UNUSED_ROUTE,EXPECTED_UNAVAILABLE generic,true,false,ALL,ALL,low
copilot.html:55,copilot.html,copilot.html:55,General,control,"<input id=""copilot-question"" class=""copilot-input pl-10"" pla",view,"<input id=""copilot-question"" class=""copilot-input pl-10"" pla",GET,,UNUSED_ROUTE,EXPECTED_UNAVAILABLE generic,true,false,ALL,ALL,low
copilot.html:57,copilot.html,copilot.html:57,General,button,"<button onclick=""askCopilot()"" class=""bg-indigo-600 hover:bg",view,"<button onclick=""askCopilot()"" class=""bg-indigo-600 hover:bg",GET,,UNUSED_ROUTE,EXPECTED_UNAVAILABLE generic,true,false,ALL,ALL,low
copilot.html:59,copilot.html,copilot.html:59,General,button,</button>,view,</button>,GET,,UNUSED_ROUTE,EXPECTED_UNAVAILABLE generic,true,false,ALL,ALL,low
copilot.html:63,copilot.html,copilot.html:63,General,control,"<div id=""copilot-response"" class=""space-y-6""></div>",view,"<div id=""copilot-response"" class=""space-y-6""></div>",GET,,UNUSED_ROUTE,EXPECTED_UNAVAILABLE generic,true,false,ALL,ALL,low
copilot.html:69,copilot.html,copilot.html:69,General,control,const container = document.getElementById('copilot-response',view,const container = document.getElementById('copilot-response',GET,,UNUSED_ROUTE,EXPECTED_UNAVAILABLE generic,true,false,ALL,ALL,low
dashboard.html:39,dashboard.html,dashboard.html:39,Auditor,control,"<select id=""marketplace-selector"" onchange=""loadDashboard()""",view,"<select id=""marketplace-selector"" onchange=""loadDashboard()""",GET,,UNUSED_ROUTE,EXPECTED_UNAVAILABLE generic,true,false,ALL,ALL,low
dashboard.html:46,dashboard.html,dashboard.html:46,Auditor,control,"<select id=""period-selector"" onchange=""loadDashboard()"" clas",view,"<select id=""period-selector"" onchange=""loadDashboard()"" clas",GET,,UNUSED_ROUTE,EXPECTED_UNAVAILABLE generic,true,false,ALL,ALL,low
dashboard.html:53,dashboard.html,dashboard.html:53,Auditor,button,"<button onclick=""runAudit()"" class=""bg-indigo-600 text-white",view,"<button onclick=""runAudit()"" class=""bg-indigo-600 text-white",GET,,UNUSED_ROUTE,EXPECTED_UNAVAILABLE generic,true,false,ALL,ALL,low
dashboard.html:55,dashboard.html,dashboard.html:55,Auditor,button,</button>,view,</button>,GET,,UNUSED_ROUTE,EXPECTED_UNAVAILABLE generic,true,false,ALL,ALL,low
dashboard.html:77,dashboard.html,dashboard.html:77,Auditor,button,"<button id=""mode-toggle"" onclick=""toggleMode()"" role=""switch",view,"<button id=""mode-toggle"" onclick=""toggleMode()"" role=""switch",GET,,UNUSED_ROUTE,EXPECTED_UNAVAILABLE generic,true,false,ALL,ALL,low
dashboard.html:79,dashboard.html,dashboard.html:79,Auditor,button,</button>,view,</button>,GET,,UNUSED_ROUTE,EXPECTED_UNAVAILABLE generic,true,false,ALL,ALL,low
dashboard.html:134,dashboard.html,dashboard.html:134,Auditor,button,"<button onclick=""clearFinancialFilter()"" class=""text-indigo-",filter/view/export,"<button onclick=""clearFinancialFilter()"" class=""text-indigo-",GET,,UNUSED_ROUTE,EXPECTED_UNAVAILABLE generic,true,false,ALL,ALL,low
dashboard.html:136,dashboard.html,dashboard.html:136,Auditor,button,</button>,view,</button>,GET,,UNUSED_ROUTE,EXPECTED_UNAVAILABLE generic,true,false,ALL,ALL,low
dashboard.html:175,dashboard.html,dashboard.html:175,Auditor,button,"<button id=""btn-load-more"" onclick=""loadMoreLedger()"" class=",view,"<button id=""btn-load-more"" onclick=""loadMoreLedger()"" class=",GET,,UNUSED_ROUTE,EXPECTED_UNAVAILABLE generic,true,false,ALL,ALL,low
dashboard.html:177,dashboard.html,dashboard.html:177,Auditor,button,</button>,view,</button>,GET,,UNUSED_ROUTE,EXPECTED_UNAVAILABLE generic,true,false,ALL,ALL,low
dashboard.html:240,dashboard.html,dashboard.html:240,Auditor,button,"<button onclick=""closeInspector()"" class=""text-slate-400 hov",view,"<button onclick=""closeInspector()"" class=""text-slate-400 hov",GET,,UNUSED_ROUTE,EXPECTED_UNAVAILABLE generic,true,false,ALL,ALL,low
dashboard.html:242,dashboard.html,dashboard.html:242,Auditor,button,</button>,view,</button>,GET,,UNUSED_ROUTE,EXPECTED_UNAVAILABLE generic,true,false,ALL,ALL,low
dashboard.html:266,dashboard.html,dashboard.html:266,Auditor,click,"<div onclick=""registerCorrection()"" class=""bg-indigo-50/50 p",view,"<div onclick=""registerCorrection()"" class=""bg-indigo-50/50 p",GET,,UNUSED_ROUTE,EXPECTED_UNAVAILABLE generic,true,false,ALL,ALL,low
dashboard.html:286,dashboard.html,dashboard.html:286,Auditor,button,"<button onclick=""closeCorrection()"" class=""text-indigo-400 h",view,"<button onclick=""closeCorrection()"" class=""text-indigo-400 h",GET,,UNUSED_ROUTE,EXPECTED_UNAVAILABLE generic,true,false,ALL,ALL,low
dashboard.html:288,dashboard.html,dashboard.html:288,Auditor,button,</button>,view,</button>,GET,,UNUSED_ROUTE,EXPECTED_UNAVAILABLE generic,true,false,ALL,ALL,low
dashboard.html:301,dashboard.html,dashboard.html:301,Auditor,button,"<button onclick=""submitCorrection()"" id=""btn-submit-corr"" cl",view,"<button onclick=""submitCorrection()"" id=""btn-submit-corr"" cl",GET,,UNUSED_ROUTE,EXPECTED_UNAVAILABLE generic,true,false,ALL,ALL,low
dashboard.html:303,dashboard.html,dashboard.html:303,Auditor,button,</button>,view,</button>,GET,,UNUSED_ROUTE,EXPECTED_UNAVAILABLE generic,true,false,ALL,ALL,low
dashboard.html:495,dashboard.html,dashboard.html:495,Auditor,control,await loadDashboard();,view,await loadDashboard();,GET,,UNUSED_ROUTE,EXPECTED_UNAVAILABLE generic,true,false,ALL,ALL,low
dashboard.html:512,dashboard.html,dashboard.html:512,Auditor,control,const periodos = await ApiClient.getPeriodos();,view,const periodos = await ApiClient.getPeriodos();,GET,,UNUSED_ROUTE,EXPECTED_UNAVAILABLE generic,true,false,ALL,ALL,low
dashboard.html:522,dashboard.html,dashboard.html:522,Auditor,control,loadDashboard();,view,loadDashboard();,GET,,UNUSED_ROUTE,EXPECTED_UNAVAILABLE generic,true,false,ALL,ALL,low
dashboard.html:549,dashboard.html,dashboard.html:549,Auditor,fetch,function fetchLedgerFromServer() {,view,function fetchLedgerFromServer() {,GET,,UNUSED_ROUTE,EXPECTED_UNAVAILABLE generic,true,false,ALL,ALL,low
dashboard.html:550,dashboard.html,dashboard.html:550,Auditor,fetch,ApiClient.safeFetch(buildLedgerUrl(0)).then(page => {,view,ApiClient.safeFetch(buildLedgerUrl(0)).then(page => {,GET,,UNUSED_ROUTE,EXPECTED_UNAVAILABLE generic,true,false,ALL,ALL,low
dashboard.html:558,dashboard.html,dashboard.html:558,Auditor,fetch,".catch(e => console.error('fetchLedger error:', e));",view,".catch(e => console.error('fetchLedger error:', e));",GET,,UNUSED_ROUTE,EXPECTED_UNAVAILABLE generic,true,false,ALL,ALL,low
dashboard.html:575,dashboard.html,dashboard.html:575,Auditor,fetch,fetchLedgerFromServer();,view,fetchLedgerFromServer();,GET,,UNUSED_ROUTE,EXPECTED_UNAVAILABLE generic,true,false,ALL,ALL,low
dashboard.html:586,dashboard.html,dashboard.html:586,Auditor,fetch,fetchLedgerFromServer();,view,fetchLedgerFromServer();,GET,,UNUSED_ROUTE,EXPECTED_UNAVAILABLE generic,true,false,ALL,ALL,low
dashboard.html:685,dashboard.html,dashboard.html:685,Auditor,button,"role=""button""",view,"role=""button""",GET,,UNUSED_ROUTE,EXPECTED_UNAVAILABLE generic,true,false,ALL,ALL,low
dashboard.html:687,dashboard.html,dashboard.html:687,Auditor,click,"onclick=""openInspector(window._ledgerRowMap[${index}])""",drill-down,"onclick=""openInspector(window._ledgerRowMap[${index}])""",GET,,UNUSED_ROUTE,EXPECTED_UNAVAILABLE generic,true,false,ALL,ALL,low
dashboard.html:695,dashboard.html,dashboard.html:695,Auditor,click,"<td class=""px-6 py-3 text-center cursor-pointer"" onclick=""ev",drill-down,"<td class=""px-6 py-3 text-center cursor-pointer"" onclick=""ev",GET,,UNUSED_ROUTE,EXPECTED_UNAVAILABLE generic,true,false,ALL,ALL,low
dashboard.html:727,dashboard.html,dashboard.html:727,Auditor,fetch,const page = await ApiClient.safeFetch(buildLedgerUrl(offset,view,const page = await ApiClient.safeFetch(buildLedgerUrl(offset,GET,,UNUSED_ROUTE,EXPECTED_UNAVAILABLE generic,true,false,ALL,ALL,low
dashboard.html:741,dashboard.html,dashboard.html:741,Auditor,fetch,ApiClient.safeFetch(buildLedgerUrl(0)).then(page => {,view,ApiClient.safeFetch(buildLedgerUrl(0)).then(page => {,GET,,UNUSED_ROUTE,EXPECTED_UNAVAILABLE generic,true,false,ALL,ALL,low
dashboard.html:889,dashboard.html,dashboard.html:889,Auditor,click,"<div onclick=""event.stopPropagation(); selectFinancialFilter",filter/view/export,"<div onclick=""event.stopPropagation(); selectFinancialFilter",GET,,UNUSED_ROUTE,EXPECTED_UNAVAILABLE generic,true,false,ALL,ALL,low
dashboard.html:901,dashboard.html,dashboard.html:901,Auditor,click,"<div onclick=""selectFinancialFilter('category', '${catKey}',",filter/view/export,"<div onclick=""selectFinancialFilter('category', '${catKey}',",GET,,UNUSED_ROUTE,EXPECTED_UNAVAILABLE generic,true,false,ALL,ALL,low
dashboard.html:927,dashboard.html,dashboard.html:927,Auditor,control,async function loadDashboard() {,view,async function loadDashboard() {,GET,,UNUSED_ROUTE,EXPECTED_UNAVAILABLE generic,true,false,ALL,ALL,low
dashboard.html:944,dashboard.html,dashboard.html:944,Auditor,control,"const summary = await ApiClient.getSummary(mp, periodo).catc",view,"const summary = await ApiClient.getSummary(mp, periodo).catc",GET,,UNUSED_ROUTE,EXPECTED_UNAVAILABLE generic,true,false,ALL,ALL,low
dashboard.html:995,dashboard.html,dashboard.html:995,Auditor,fetch,fetchLedgerFromServer();,view,fetchLedgerFromServer();,GET,,UNUSED_ROUTE,EXPECTED_UNAVAILABLE generic,true,false,ALL,ALL,low
dashboard.html:1000,dashboard.html,dashboard.html:1000,Auditor,control,async function runAudit() {,view,async function runAudit() {,GET,,UNUSED_ROUTE,EXPECTED_UNAVAILABLE generic,true,false,ALL,ALL,low
dashboard.html:1001,dashboard.html,dashboard.html:1001,Auditor,button,const btn = document.querySelector('button');,view,const btn = document.querySelector('button');,GET,,UNUSED_ROUTE,EXPECTED_UNAVAILABLE generic,true,false,ALL,ALL,low
dashboard.html:1007,dashboard.html,dashboard.html:1007,Auditor,control,await loadDashboard();,view,await loadDashboard();,GET,,UNUSED_ROUTE,EXPECTED_UNAVAILABLE generic,true,false,ALL,ALL,low
dashboard.html:1046,dashboard.html,dashboard.html:1046,Auditor,button,// Focus close button for accessibility,view,// Focus close button for accessibility,GET,,UNUSED_ROUTE,EXPECTED_UNAVAILABLE generic,true,false,ALL,ALL,low
dashboard.html:1047,dashboard.html,dashboard.html:1047,Auditor,button,const closeBtn = modal.querySelector('button');,view,const closeBtn = modal.querySelector('button');,GET,,UNUSED_ROUTE,EXPECTED_UNAVAILABLE generic,true,false,ALL,ALL,low
dashboard.html:1060,dashboard.html,dashboard.html:1060,Auditor,control,loadDashboard();,view,loadDashboard();,GET,,UNUSED_ROUTE,EXPECTED_UNAVAILABLE generic,true,false,ALL,ALL,low
dashboard.html:1065,dashboard.html,dashboard.html:1065,Auditor,fetch,// Use the globally cached _execSummary that loadDashboard(),view,// Use the globally cached _execSummary that loadDashboard(),GET,,UNUSED_ROUTE,EXPECTED_UNAVAILABLE generic,true,false,ALL,ALL,low
dashboard.html:1139,dashboard.html,dashboard.html:1139,Auditor,control,"async function openCertificationDrawer(txId, estado) {",drill-down,"async function openCertificationDrawer(txId, estado) {",GET,,UNUSED_ROUTE,EXPECTED_UNAVAILABLE generic,true,false,ALL,ALL,low
dashboard.html:1157,dashboard.html,dashboard.html:1157,Auditor,fetch,const res = await ApiClient.safeFetch(`/api/v4/electronic_ce,view,const res = await ApiClient.safeFetch(`/api/v4/electronic_ce,GET,,UNUSED_ROUTE,EXPECTED_UNAVAILABLE generic,true,false,ALL,ALL,low
dashboard.html:1214,dashboard.html,dashboard.html:1214,Auditor,control,"openCertificationDrawer(txId, 'DOCUMENTADO');",drill-down,"openCertificationDrawer(txId, 'DOCUMENTADO');",GET,,UNUSED_ROUTE,EXPECTED_UNAVAILABLE generic,true,false,ALL,ALL,low
dashboard.html:1215,dashboard.html,dashboard.html:1215,Auditor,fetch,fetchLedgerFromServer(); // refresh ledger,view,fetchLedgerFromServer(); // refresh ledger,GET,,UNUSED_ROUTE,EXPECTED_UNAVAILABLE generic,true,false,ALL,ALL,low
dashboard.html:1234,dashboard.html,dashboard.html:1234,Auditor,button,"<button onclick=""closeCertificationDrawer()"" class=""text-sla",view,"<button onclick=""closeCertificationDrawer()"" class=""text-sla",GET,,UNUSED_ROUTE,EXPECTED_UNAVAILABLE generic,true,false,ALL,ALL,low
dashboard.html:1236,dashboard.html,dashboard.html:1236,Auditor,button,</button>,view,</button>,GET,,UNUSED_ROUTE,EXPECTED_UNAVAILABLE generic,true,false,ALL,ALL,low
dashboard.html:1283,dashboard.html,dashboard.html:1283,Auditor,button,"<button id=""btn-obsidian"" onclick=""exportToObsidian()"" class",view,"<button id=""btn-obsidian"" onclick=""exportToObsidian()"" class",GET,,UNUSED_ROUTE,EXPECTED_UNAVAILABLE generic,true,false,ALL,ALL,low
dashboard.html:1285,dashboard.html,dashboard.html:1285,Auditor,button,</button>,view,</button>,GET,,UNUSED_ROUTE,EXPECTED_UNAVAILABLE generic,true,false,ALL,ALL,low
dashboard.html:1291,dashboard.html,dashboard.html:1291,Auditor,click,"<div id=""cert-drawer-overlay"" class=""fixed inset-0 bg-black/",view,"<div id=""cert-drawer-overlay"" class=""fixed inset-0 bg-black/",GET,,UNUSED_ROUTE,EXPECTED_UNAVAILABLE generic,true,false,ALL,ALL,low
documentary_dashboard.html:57,documentary_dashboard.html,documentary_dashboard.html:57,Auditor,button,"<button onclick=""showExplicabilidad()"" class=""text-[10px] fo",view,"<button onclick=""showExplicabilidad()"" class=""text-[10px] fo",GET,,UNUSED_ROUTE,EXPECTED_UNAVAILABLE generic,true,false,ALL,ALL,low
documentary_dashboard.html:82,documentary_dashboard.html,documentary_dashboard.html:82,Auditor,button,"<button onclick=""switchView('resumen')"" id=""tab-resumen"" cla",view,"<button onclick=""switchView('resumen')"" id=""tab-resumen"" cla",GET,,UNUSED_ROUTE,EXPECTED_UNAVAILABLE generic,true,false,ALL,ALL,low
documentary_dashboard.html:83,documentary_dashboard.html,documentary_dashboard.html:83,Auditor,button,"<button onclick=""switchView('gap')"" id=""tab-gap"" class=""py-3",view,"<button onclick=""switchView('gap')"" id=""tab-gap"" class=""py-3",GET,,UNUSED_ROUTE,EXPECTED_UNAVAILABLE generic,true,false,ALL,ALL,low
documentary_dashboard.html:84,documentary_dashboard.html,documentary_dashboard.html:84,Auditor,button,"<button onclick=""switchView('cert')"" id=""tab-cert"" class=""py",view,"<button onclick=""switchView('cert')"" id=""tab-cert"" class=""py",GET,,UNUSED_ROUTE,EXPECTED_UNAVAILABLE generic,true,false,ALL,ALL,low
documentary_dashboard.html:85,documentary_dashboard.html,documentary_dashboard.html:85,Auditor,button,"<button onclick=""switchView('evidence')"" id=""tab-evidence"" c",view,"<button onclick=""switchView('evidence')"" id=""tab-evidence"" c",GET,,UNUSED_ROUTE,EXPECTED_UNAVAILABLE generic,true,false,ALL,ALL,low
documentary_dashboard.html:86,documentary_dashboard.html,documentary_dashboard.html:86,Auditor,button,"<button onclick=""switchView('obsidian')"" id=""tab-obsidian"" c",view,"<button onclick=""switchView('obsidian')"" id=""tab-obsidian"" c",GET,,UNUSED_ROUTE,EXPECTED_UNAVAILABLE generic,true,false,ALL,ALL,low
documentary_dashboard.html:173,documentary_dashboard.html,documentary_dashboard.html:173,Auditor,click,"<span class=""text-[10px] text-slate-400 tooltip-trigger"" onc",view,"<span class=""text-[10px] text-slate-400 tooltip-trigger"" onc",GET,,UNUSED_ROUTE,EXPECTED_UNAVAILABLE generic,true,false,ALL,ALL,low
documentary_dashboard.html:275,documentary_dashboard.html,documentary_dashboard.html:275,Auditor,button,"<button id=""btn-next-evidence"" class=""mt-4 w-full bg-indigo-",view,"<button id=""btn-next-evidence"" class=""mt-4 w-full bg-indigo-",GET,,UNUSED_ROUTE,EXPECTED_UNAVAILABLE generic,true,false,ALL,ALL,low
documentary_dashboard.html:277,documentary_dashboard.html,documentary_dashboard.html:277,Auditor,button,</button>,view,</button>,GET,,UNUSED_ROUTE,EXPECTED_UNAVAILABLE generic,true,false,ALL,ALL,low
documentary_dashboard.html:300,documentary_dashboard.html,documentary_dashboard.html:300,Auditor,button,"<button class=""bg-white border border-slate-300 text-slate-7",view,"<button class=""bg-white border border-slate-300 text-slate-7",GET,,UNUSED_ROUTE,EXPECTED_UNAVAILABLE generic,true,false,ALL,ALL,low
documentary_dashboard.html:301,documentary_dashboard.html,documentary_dashboard.html:301,Auditor,button,"<button class=""bg-emerald-600 text-white font-semibold px-4 ",view,"<button class=""bg-emerald-600 text-white font-semibold px-4 ",GET,,UNUSED_ROUTE,EXPECTED_UNAVAILABLE generic,true,false,ALL,ALL,low
documentary_dashboard.html:318,documentary_dashboard.html,documentary_dashboard.html:318,Auditor,button,"<button class=""bg-purple-600 hover:bg-purple-700 text-white ",view,"<button class=""bg-purple-600 hover:bg-purple-700 text-white ",GET,,UNUSED_ROUTE,EXPECTED_UNAVAILABLE generic,true,false,ALL,ALL,low
documentary_dashboard.html:320,documentary_dashboard.html,documentary_dashboard.html:320,Auditor,button,</button>,view,</button>,GET,,UNUSED_ROUTE,EXPECTED_UNAVAILABLE generic,true,false,ALL,ALL,low
documentary_dashboard.html:328,documentary_dashboard.html,documentary_dashboard.html:328,Auditor,control,"<div id=""explain-modal"" class=""hidden fixed inset-0 bg-slate",view,"<div id=""explain-modal"" class=""hidden fixed inset-0 bg-slate",GET,,UNUSED_ROUTE,EXPECTED_UNAVAILABLE generic,true,false,ALL,ALL,low
documentary_dashboard.html:329,documentary_dashboard.html,documentary_dashboard.html:329,Auditor,click,"<div class=""explain-box max-w-lg w-full"" onclick=""event.stop",view,"<div class=""explain-box max-w-lg w-full"" onclick=""event.stop",GET,,UNUSED_ROUTE,EXPECTED_UNAVAILABLE generic,true,false,ALL,ALL,low
documentary_dashboard.html:332,documentary_dashboard.html,documentary_dashboard.html:332,Auditor,button,"<button onclick=""closeExplain()"" class=""text-slate-400 hover",view,"<button onclick=""closeExplain()"" class=""text-slate-400 hover",GET,,UNUSED_ROUTE,EXPECTED_UNAVAILABLE generic,true,false,ALL,ALL,low
documentary_dashboard.html:417,documentary_dashboard.html,documentary_dashboard.html:417,Auditor,button,document.querySelectorAll('#main-tabs button').forEach(btn =,view,document.querySelectorAll('#main-tabs button').forEach(btn =,GET,,UNUSED_ROUTE,EXPECTED_UNAVAILABLE generic,true,false,ALL,ALL,low
documentary_dashboard.html:462,documentary_dashboard.html,documentary_dashboard.html:462,Auditor,button,// Add Upload XML button logic to gap table renderer,view,// Add Upload XML button logic to gap table renderer,GET,,UNUSED_ROUTE,EXPECTED_UNAVAILABLE generic,true,false,ALL,ALL,low
documentary_dashboard.html:601,documentary_dashboard.html,documentary_dashboard.html:601,Auditor,fetch,const summary = await ApiClient.safeFetch(summaryUrl);,view,const summary = await ApiClient.safeFetch(summaryUrl);,GET,,UNUSED_ROUTE,EXPECTED_UNAVAILABLE generic,true,false,ALL,ALL,low
documentary_dashboard.html:610,documentary_dashboard.html,documentary_dashboard.html:610,Auditor,fetch,const fs = await ApiClient.safeFetch(fsUrl);,view,const fs = await ApiClient.safeFetch(fsUrl);,GET,,UNUSED_ROUTE,EXPECTED_UNAVAILABLE generic,true,false,ALL,ALL,low
documentary_dashboard.html:652,documentary_dashboard.html,documentary_dashboard.html:652,Auditor,fetch,var mpData = await ApiClient.safeFetch(mpUrl);,view,var mpData = await ApiClient.safeFetch(mpUrl);,GET,,UNUSED_ROUTE,EXPECTED_UNAVAILABLE generic,true,false,ALL,ALL,low
documentary_dashboard.html:690,documentary_dashboard.html,documentary_dashboard.html:690,Auditor,click,"return '<div class=""card p-5 scorecard cursor-pointer ' + ac",view,"return '<div class=""card p-5 scorecard cursor-pointer ' + ac",GET,,UNUSED_ROUTE,EXPECTED_UNAVAILABLE generic,true,false,ALL,ALL,low
documentary_dashboard.html:1239,documentary_dashboard.html,documentary_dashboard.html:1239,Auditor,fetch,"const response = await fetch('/api/v4/upload/dte', {",view,"const response = await fetch('/api/v4/upload/dte', {",GET,/api/v4/upload/dte,MISSING_ROUTE,MISSING_ROUTE,true,false,ALL,ALL,medium
executive_dashboard.html:46,executive_dashboard.html,executive_dashboard.html:46,Executive,control,window.ApiClient = {,view,window.ApiClient = {,GET,,UNUSED_ROUTE,EXPECTED_UNAVAILABLE generic,true,false,ALL,ALL,low
executive_dashboard.html:50,executive_dashboard.html,executive_dashboard.html:50,Executive,fetch,"async safeFetch(url, options = {}) {",view,"async safeFetch(url, options = {}) {",GET,,UNUSED_ROUTE,EXPECTED_UNAVAILABLE generic,true,false,ALL,ALL,low
executive_dashboard.html:52,executive_dashboard.html,executive_dashboard.html:52,Executive,fetch,"const res = await fetch(url, options);",view,"const res = await fetch(url, options);",GET,,UNUSED_ROUTE,EXPECTED_UNAVAILABLE generic,true,false,ALL,ALL,low
executive_dashboard.html:113,executive_dashboard.html,executive_dashboard.html:113,Executive,fetch,const data = await this.safeFetch(url);,view,const data = await this.safeFetch(url);,GET,,UNUSED_ROUTE,EXPECTED_UNAVAILABLE generic,true,false,ALL,ALL,low
executive_dashboard.html:120,executive_dashboard.html,executive_dashboard.html:120,Executive,fetch,return this.safeFetch(url);,view,return this.safeFetch(url);,GET,,UNUSED_ROUTE,EXPECTED_UNAVAILABLE generic,true,false,ALL,ALL,low
executive_dashboard.html:126,executive_dashboard.html,executive_dashboard.html:126,Executive,fetch,const data = await this.safeFetch(url);,view,const data = await this.safeFetch(url);,GET,,UNUSED_ROUTE,EXPECTED_UNAVAILABLE generic,true,false,ALL,ALL,low
executive_dashboard.html:135,executive_dashboard.html,executive_dashboard.html:135,Executive,fetch,return this.safeFetch(url);,view,return this.safeFetch(url);,GET,,UNUSED_ROUTE,EXPECTED_UNAVAILABLE generic,true,false,ALL,ALL,low
executive_dashboard.html:138,executive_dashboard.html,executive_dashboard.html:138,Executive,control,async runAudit(mp) {,view,async runAudit(mp) {,GET,,UNUSED_ROUTE,EXPECTED_UNAVAILABLE generic,true,false,ALL,ALL,low
executive_dashboard.html:139,executive_dashboard.html,executive_dashboard.html:139,Executive,fetch,"return this.safeFetch(`/api/v4/run-audit?marketplace=${mp}`,",view,"return this.safeFetch(`/api/v4/run-audit?marketplace=${mp}`,",POST,,UNUSED_ROUTE,EXPECTED_UNAVAILABLE generic,true,false,ALL,ALL,low
executive_dashboard.html:159,executive_dashboard.html,executive_dashboard.html:159,Executive,button,"<button onclick=""showExplicabilidad()"" class=""text-[10px] fo",view,"<button onclick=""showExplicabilidad()"" class=""text-[10px] fo",GET,,UNUSED_ROUTE,EXPECTED_UNAVAILABLE generic,true,false,ALL,ALL,low
executive_dashboard.html:263,executive_dashboard.html,executive_dashboard.html:263,Executive,click,"<span class=""text-[10px] text-slate-400 tooltip-trigger"" onc",view,"<span class=""text-[10px] text-slate-400 tooltip-trigger"" onc",GET,,UNUSED_ROUTE,EXPECTED_UNAVAILABLE generic,true,false,ALL,ALL,low
executive_dashboard.html:304,executive_dashboard.html,executive_dashboard.html:304,Executive,control,"<div id=""explain-modal"" class=""hidden fixed inset-0 bg-slate",view,"<div id=""explain-modal"" class=""hidden fixed inset-0 bg-slate",GET,,UNUSED_ROUTE,EXPECTED_UNAVAILABLE generic,true,false,ALL,ALL,low
executive_dashboard.html:305,executive_dashboard.html,executive_dashboard.html:305,Executive,click,"<div class=""explain-box max-w-lg w-full"" onclick=""event.stop",view,"<div class=""explain-box max-w-lg w-full"" onclick=""event.stop",GET,,UNUSED_ROUTE,EXPECTED_UNAVAILABLE generic,true,false,ALL,ALL,low
executive_dashboard.html:308,executive_dashboard.html,executive_dashboard.html:308,Executive,button,"<button onclick=""closeExplain()"" class=""text-slate-400 hover",view,"<button onclick=""closeExplain()"" class=""text-slate-400 hover",GET,,UNUSED_ROUTE,EXPECTED_UNAVAILABLE generic,true,false,ALL,ALL,low
executive_dashboard.html:402,executive_dashboard.html,executive_dashboard.html:402,Executive,fetch,const summary = await ApiClient.safeFetch(summaryUrl);,view,const summary = await ApiClient.safeFetch(summaryUrl);,GET,,UNUSED_ROUTE,EXPECTED_UNAVAILABLE generic,true,false,ALL,ALL,low
executive_dashboard.html:410,executive_dashboard.html,executive_dashboard.html:410,Executive,fetch,const fs = await ApiClient.safeFetch(fsUrl);,view,const fs = await ApiClient.safeFetch(fsUrl);,GET,,UNUSED_ROUTE,EXPECTED_UNAVAILABLE generic,true,false,ALL,ALL,low
executive_dashboard.html:452,executive_dashboard.html,executive_dashboard.html:452,Executive,fetch,var mpData = await ApiClient.safeFetch(mpUrl);,view,var mpData = await ApiClient.safeFetch(mpUrl);,GET,,UNUSED_ROUTE,EXPECTED_UNAVAILABLE generic,true,false,ALL,ALL,low
executive_dashboard.html:490,executive_dashboard.html,executive_dashboard.html:490,Executive,click,"return '<div class=""card p-5 scorecard cursor-pointer ' + ac",view,"return '<div class=""card p-5 scorecard cursor-pointer ' + ac",GET,,UNUSED_ROUTE,EXPECTED_UNAVAILABLE generic,true,false,ALL,ALL,low
traceability.html:29,traceability.html,traceability.html:29,General,button,button { background: #2563eb; color: #fff; border: none; pad,view,button { background: #2563eb; color: #fff; border: none; pad,GET,,UNUSED_ROUTE,EXPECTED_UNAVAILABLE generic,true,false,ALL,ALL,low
traceability.html:30,traceability.html,traceability.html:30,General,button,button:hover { background: #1d4ed8; },view,button:hover { background: #1d4ed8; },GET,,UNUSED_ROUTE,EXPECTED_UNAVAILABLE generic,true,false,ALL,ALL,low
traceability.html:31,traceability.html,traceability.html:31,General,button,button.secondary { background: #e2e8f0; color: #475569; },view,button.secondary { background: #e2e8f0; color: #475569; },GET,,UNUSED_ROUTE,EXPECTED_UNAVAILABLE generic,true,false,ALL,ALL,low
traceability.html:32,traceability.html,traceability.html:32,General,button,button.secondary:hover { background: #cbd5e1; },view,button.secondary:hover { background: #cbd5e1; },GET,,UNUSED_ROUTE,EXPECTED_UNAVAILABLE generic,true,false,ALL,ALL,low
traceability.html:74,traceability.html,traceability.html:74,General,button,.pagination button { font-size: 12px; padding: 6px 12px; },view,.pagination button { font-size: 12px; padding: 6px 12px; },GET,,UNUSED_ROUTE,EXPECTED_UNAVAILABLE generic,true,false,ALL,ALL,low
traceability.html:89,traceability.html,traceability.html:89,General,control,"<a href=""/copilot"">Copilot</a>",view,"<a href=""/copilot"">Copilot</a>",GET,,UNUSED_ROUTE,EXPECTED_UNAVAILABLE generic,true,false,ALL,ALL,low
traceability.html:153,traceability.html,traceability.html:153,General,button,"<button onclick=""search()"">🔍 Search</button>",view,"<button onclick=""search()"">🔍 Search</button>",GET,,UNUSED_ROUTE,EXPECTED_UNAVAILABLE generic,true,false,ALL,ALL,low
traceability.html:154,traceability.html,traceability.html:154,General,button,"<button class=""secondary"" onclick=""clearFilters()"">Clear</bu",filter/view/export,"<button class=""secondary"" onclick=""clearFilters()"">Clear</bu",GET,,UNUSED_ROUTE,EXPECTED_UNAVAILABLE generic,true,false,ALL,ALL,low
traceability.html:181,traceability.html,traceability.html:181,General,button,"<button class=""close"" onclick=""closeModal()"">&times;</button",view,"<button class=""close"" onclick=""closeModal()"">&times;</button",GET,,UNUSED_ROUTE,EXPECTED_UNAVAILABLE generic,true,false,ALL,ALL,low
traceability.html:239,traceability.html,traceability.html:239,General,fetch,const res = await fetch(url);,view,const res = await fetch(url);,GET,,UNUSED_ROUTE,EXPECTED_UNAVAILABLE generic,true,false,ALL,ALL,low
traceability.html:263,traceability.html,traceability.html:263,General,button,"? `<button onclick=""showEvidence('${r.marketplace}','${r.id_",view,"? `<button onclick=""showEvidence('${r.marketplace}','${r.id_",GET,,UNUSED_ROUTE,EXPECTED_UNAVAILABLE generic,true,false,ALL,ALL,low
traceability.html:286,traceability.html,traceability.html:286,General,button,"<button class=""secondary"" onclick=""goToPage(0)"" ${currentOff",view,"<button class=""secondary"" onclick=""goToPage(0)"" ${currentOff",GET,,UNUSED_ROUTE,EXPECTED_UNAVAILABLE generic,true,false,ALL,ALL,low
traceability.html:287,traceability.html,traceability.html:287,General,button,"<button class=""secondary"" onclick=""goToPage(${currentOffset ",view,"<button class=""secondary"" onclick=""goToPage(${currentOffset ",GET,,UNUSED_ROUTE,EXPECTED_UNAVAILABLE generic,true,false,ALL,ALL,low
traceability.html:288,traceability.html,traceability.html:288,General,button,"<button class=""secondary"" onclick=""goToPage(${currentOffset ",view,"<button class=""secondary"" onclick=""goToPage(${currentOffset ",GET,,UNUSED_ROUTE,EXPECTED_UNAVAILABLE generic,true,false,ALL,ALL,low
traceability.html:304,traceability.html,traceability.html:304,General,fetch,const res = await fetch(`/api/v4/traceability/evidence/${mp},view,const res = await fetch(`/api/v4/traceability/evidence/${mp},GET,,UNUSED_ROUTE,EXPECTED_UNAVAILABLE generic,true,false,ALL,ALL,low
upload_center.html:48,upload_center.html,upload_center.html:48,General,click,"onclick=""document.getElementById('file-input').click()"">",view,"onclick=""document.getElementById('file-input').click()"">",GET,,UNUSED_ROUTE,EXPECTED_UNAVAILABLE generic,true,false,ALL,ALL,low
upload_center.html:61,upload_center.html,upload_center.html:61,General,button,"<button id=""btn-upload-all"" onclick=""uploadAll()"" class=""bg-",view,"<button id=""btn-upload-all"" onclick=""uploadAll()"" class=""bg-",GET,,UNUSED_ROUTE,EXPECTED_UNAVAILABLE generic,true,false,ALL,ALL,low
upload_center.html:63,upload_center.html,upload_center.html:63,General,button,</button>,view,</button>,GET,,UNUSED_ROUTE,EXPECTED_UNAVAILABLE generic,true,false,ALL,ALL,low
upload_center.html:164,upload_center.html,upload_center.html:164,General,button,"${isPending ? `<button onclick=""removeFile('${f.id}')"" class",view,"${isPending ? `<button onclick=""removeFile('${f.id}')"" class",GET,,UNUSED_ROUTE,EXPECTED_UNAVAILABLE generic,true,false,ALL,ALL,low
