action_id,classification,reason_code,user_message,unlock_condition,evidence
copilot.html:22,HIDE_FROM_PRODUCTION,placeholder/future/experimental without backend,hidden,n/a,matrix UNUSED_ROUTE
copilot.html:23,HIDE_FROM_PRODUCTION,placeholder/future/experimental without backend,hidden,n/a,matrix UNUSED_ROUTE
copilot.html:37,HIDE_FROM_PRODUCTION,placeholder/future/experimental without backend,hidden,n/a,matrix UNUSED_ROUTE
copilot.html:55,HIDE_FROM_PRODUCTION,placeholder/future/experimental without backend,hidden,n/a,matrix UNUSED_ROUTE
copilot.html:57,HIDE_FROM_PRODUCTION,placeholder/future/experimental without backend,hidden,n/a,matrix UNUSED_ROUTE
copilot.html:59,HIDE_FROM_PRODUCTION,placeholder/future/experimental without backend,hidden,n/a,matrix UNUSED_ROUTE
copilot.html:63,HIDE_FROM_PRODUCTION,placeholder/future/experimental without backend,hidden,n/a,matrix UNUSED_ROUTE
copilot.html:69,HIDE_FROM_PRODUCTION,placeholder/future/experimental without backend,hidden,n/a,matrix UNUSED_ROUTE
dashboard.html:39,HIDE_FROM_PRODUCTION,placeholder/future/experimental without backend,hidden,n/a,matrix UNUSED_ROUTE
dashboard.html:46,HIDE_FROM_PRODUCTION,placeholder/future/experimental without backend,hidden,n/a,matrix UNUSED_ROUTE
dashboard.html:53,HIDE_FROM_PRODUCTION,placeholder/future/experimental without backend,hidden,n/a,matrix UNUSED_ROUTE
dashboard.html:55,HIDE_FROM_PRODUCTION,placeholder/future/experimental without backend,hidden,n/a,matrix UNUSED_ROUTE
dashboard.html:77,HIDE_FROM_PRODUCTION,placeholder/future/experimental without backend,hidden,n/a,matrix UNUSED_ROUTE
dashboard.html:79,HIDE_FROM_PRODUCTION,placeholder/future/experimental without backend,hidden,n/a,matrix UNUSED_ROUTE
dashboard.html:134,HIDE_FROM_PRODUCTION,placeholder/future/experimental without backend,hidden,n/a,matrix UNUSED_ROUTE
dashboard.html:136,HIDE_FROM_PRODUCTION,placeholder/future/experimental without backend,hidden,n/a,matrix UNUSED_ROUTE
dashboard.html:175,HIDE_FROM_PRODUCTION,placeholder/future/experimental without backend,hidden,n/a,matrix UNUSED_ROUTE
dashboard.html:177,HIDE_FROM_PRODUCTION,placeholder/future/experimental without backend,hidden,n/a,matrix UNUSED_ROUTE
dashboard.html:240,HIDE_FROM_PRODUCTION,placeholder/future/experimental without backend,hidden,n/a,matrix UNUSED_ROUTE
dashboard.html:242,HIDE_FROM_PRODUCTION,placeholder/future/experimental without backend,hidden,n/a,matrix UNUSED_ROUTE
dashboard.html:266,HIDE_FROM_PRODUCTION,placeholder/future/experimental without backend,hidden,n/a,matrix UNUSED_ROUTE
dashboard.html:286,HIDE_FROM_PRODUCTION,placeholder/future/experimental without backend,hidden,n/a,matrix UNUSED_ROUTE
dashboard.html:288,HIDE_FROM_PRODUCTION,placeholder/future/experimental without backend,hidden,n/a,matrix UNUSED_ROUTE
dashboard.html:301,HIDE_FROM_PRODUCTION,placeholder/future/experimental without backend,hidden,n/a,matrix UNUSED_ROUTE
dashboard.html:303,HIDE_FROM_PRODUCTION,placeholder/future/experimental without backend,hidden,n/a,matrix UNUSED_ROUTE
dashboard.html:495,HIDE_FROM_PRODUCTION,placeholder/future/experimental without backend,hidden,n/a,matrix UNUSED_ROUTE
dashboard.html:512,HIDE_FROM_PRODUCTION,placeholder/future/experimental without backend,hidden,n/a,matrix UNUSED_ROUTE
dashboard.html:522,HIDE_FROM_PRODUCTION,placeholder/future/experimental without backend,hidden,n/a,matrix UNUSED_ROUTE
dashboard.html:549,HIDE_FROM_PRODUCTION,placeholder/future/experimental without backend,hidden,n/a,matrix UNUSED_ROUTE
dashboard.html:550,HIDE_FROM_PRODUCTION,placeholder/future/experimental without backend,hidden,n/a,matrix UNUSED_ROUTE
dashboard.html:558,HIDE_FROM_PRODUCTION,placeholder/future/experimental without backend,hidden,n/a,matrix UNUSED_ROUTE
dashboard.html:575,HIDE_FROM_PRODUCTION,placeholder/future/experimental without backend,hidden,n/a,matrix UNUSED_ROUTE
dashboard.html:586,HIDE_FROM_PRODUCTION,placeholder/future/experimental without backend,hidden,n/a,matrix UNUSED_ROUTE
dashboard.html:685,HIDE_FROM_PRODUCTION,placeholder/future/experimental without backend,hidden,n/a,matrix UNUSED_ROUTE
dashboard.html:687,HIDE_FROM_PRODUCTION,placeholder/future/experimental without backend,hidden,n/a,matrix UNUSED_ROUTE
dashboard.html:695,HIDE_FROM_PRODUCTION,placeholder/future/experimental without backend,hidden,n/a,matrix UNUSED_ROUTE
dashboard.html:727,HIDE_FROM_PRODUCTION,placeholder/future/experimental without backend,hidden,n/a,matrix UNUSED_ROUTE
dashboard.html:741,HIDE_FROM_PRODUCTION,placeholder/future/experimental without backend,hidden,n/a,matrix UNUSED_ROUTE
dashboard.html:889,HIDE_FROM_PRODUCTION,placeholder/future/experimental without backend,hidden,n/a,matrix UNUSED_ROUTE
dashboard.html:901,HIDE_FROM_PRODUCTION,placeholder/future/experimental without backend,hidden,n/a,matrix UNUSED_ROUTE
dashboard.html:927,HIDE_FROM_PRODUCTION,placeholder/future/experimental without backend,hidden,n/a,matrix UNUSED_ROUTE
dashboard.html:944,HIDE_FROM_PRODUCTION,placeholder/future/experimental without backend,hidden,n/a,matrix UNUSED_ROUTE
dashboard.html:995,HIDE_FROM_PRODUCTION,placeholder/future/experimental without backend,hidden,n/a,matrix UNUSED_ROUTE
dashboard.html:1000,HIDE_FROM_PRODUCTION,placeholder/future/experimental without backend,hidden,n/a,matrix UNUSED_ROUTE
dashboard.html:1001,HIDE_FROM_PRODUCTION,placeholder/future/experimental without backend,hidden,n/a,matrix UNUSED_ROUTE
dashboard.html:1007,HIDE_FROM_PRODUCTION,placeholder/future/experimental without backend,hidden,n/a,matrix UNUSED_ROUTE
dashboard.html:1046,HIDE_FROM_PRODUCTION,placeholder/future/experimental without backend,hidden,n/a,matrix UNUSED_ROUTE
dashboard.html:1047,HIDE_FROM_PRODUCTION,placeholder/future/experimental without backend,hidden,n/a,matrix UNUSED_ROUTE
dashboard.html:1060,HIDE_FROM_PRODUCTION,placeholder/future/experimental without backend,hidden,n/a,matrix UNUSED_ROUTE
dashboard.html:1065,HIDE_FROM_PRODUCTION,placeholder/future/experimental without backend,hidden,n/a,matrix UNUSED_ROUTE
dashboard.html:1139,HIDE_FROM_PRODUCTION,placeholder/future/experimental without backend,hidden,n/a,matrix UNUSED_ROUTE
dashboard.html:1157,HIDE_FROM_PRODUCTION,placeholder/future/experimental without backend,hidden,n/a,matrix UNUSED_ROUTE
dashboard.html:1214,HIDE_FROM_PRODUCTION,placeholder/future/experimental without backend,hidden,n/a,matrix UNUSED_ROUTE
dashboard.html:1215,HIDE_FROM_PRODUCTION,placeholder/future/experimental without backend,hidden,n/a,matrix UNUSED_ROUTE
dashboard.html:1234,HIDE_FROM_PRODUCTION,placeholder/future/experimental without backend,hidden,n/a,matrix UNUSED_ROUTE
dashboard.html:1236,HIDE_FROM_PRODUCTION,placeholder/future/experimental without backend,hidden,n/a,matrix UNUSED_ROUTE
dashboard.html:1283,HIDE_FROM_PRODUCTION,placeholder/future/experimental without backend,hidden,n/a,matrix UNUSED_ROUTE
dashboard.html:1285,HIDE_FROM_PRODUCTION,placeholder/future/experimental without backend,hidden,n/a,matrix UNUSED_ROUTE
dashboard.html:1291,HIDE_FROM_PRODUCTION,placeholder/future/experimental without backend,hidden,n/a,matrix UNUSED_ROUTE
documentary_dashboard.html:57,HIDE_FROM_PRODUCTION,placeholder/future/experimental without backend,hidden,n/a,matrix UNUSED_ROUTE
documentary_dashboard.html:82,HIDE_FROM_PRODUCTION,placeholder/future/experimental without backend,hidden,n/a,matrix UNUSED_ROUTE
documentary_dashboard.html:83,HIDE_FROM_PRODUCTION,placeholder/future/experimental without backend,hidden,n/a,matrix UNUSED_ROUTE
documentary_dashboard.html:84,HIDE_FROM_PRODUCTION,placeholder/future/experimental without backend,hidden,n/a,matrix UNUSED_ROUTE
documentary_dashboard.html:85,HIDE_FROM_PRODUCTION,placeholder/future/experimental without backend,hidden,n/a,matrix UNUSED_ROUTE
documentary_dashboard.html:86,HIDE_FROM_PRODUCTION,placeholder/future/experimental without backend,hidden,n/a,matrix UNUSED_ROUTE
documentary_dashboard.html:173,HIDE_FROM_PRODUCTION,placeholder/future/experimental without backend,hidden,n/a,matrix UNUSED_ROUTE
documentary_dashboard.html:275,HIDE_FROM_PRODUCTION,placeholder/future/experimental without backend,hidden,n/a,matrix UNUSED_ROUTE
documentary_dashboard.html:277,HIDE_FROM_PRODUCTION,placeholder/future/experimental without backend,hidden,n/a,matrix UNUSED_ROUTE
documentary_dashboard.html:300,HIDE_FROM_PRODUCTION,placeholder/future/experimental without backend,hidden,n/a,matrix UNUSED_ROUTE
documentary_dashboard.html:301,HIDE_FROM_PRODUCTION,placeholder/future/experimental without backend,hidden,n/a,matrix UNUSED_ROUTE
documentary_dashboard.html:318,HIDE_FROM_PRODUCTION,placeholder/future/experimental without backend,hidden,n/a,matrix UNUSED_ROUTE
documentary_dashboard.html:320,HIDE_FROM_PRODUCTION,placeholder/future/experimental without backend,hidden,n/a,matrix UNUSED_ROUTE
documentary_dashboard.html:328,HIDE_FROM_PRODUCTION,placeholder/future/experimental without backend,hidden,n/a,matrix UNUSED_ROUTE
documentary_dashboard.html:329,HIDE_FROM_PRODUCTION,placeholder/future/experimental without backend,hidden,n/a,matrix UNUSED_ROUTE
documentary_dashboard.html:332,HIDE_FROM_PRODUCTION,placeholder/future/experimental without backend,hidden,n/a,matrix UNUSED_ROUTE
documentary_dashboard.html:417,HIDE_FROM_PRODUCTION,placeholder/future/experimental without backend,hidden,n/a,matrix UNUSED_ROUTE
documentary_dashboard.html:462,HIDE_FROM_PRODUCTION,placeholder/future/experimental without backend,hidden,n/a,matrix UNUSED_ROUTE
documentary_dashboard.html:601,HIDE_FROM_PRODUCTION,placeholder/future/experimental without backend,hidden,n/a,matrix UNUSED_ROUTE
documentary_dashboard.html:610,HIDE_FROM_PRODUCTION,placeholder/future/experimental without backend,hidden,n/a,matrix UNUSED_ROUTE
documentary_dashboard.html:652,HIDE_FROM_PRODUCTION,placeholder/future/experimental without backend,hidden,n/a,matrix UNUSED_ROUTE
documentary_dashboard.html:690,HIDE_FROM_PRODUCTION,placeholder/future/experimental without backend,hidden,n/a,matrix UNUSED_ROUTE
documentary_dashboard.html:1239,HIDE_FROM_PRODUCTION,export not advertised as product,hidden,n/a,matrix MISSING_ROUTE
executive_dashboard.html:46,HIDE_FROM_PRODUCTION,placeholder/future/experimental without backend,hidden,n/a,matrix UNUSED_ROUTE
executive_dashboard.html:50,HIDE_FROM_PRODUCTION,placeholder/future/experimental without backend,hidden,n/a,matrix UNUSED_ROUTE
executive_dashboard.html:52,HIDE_FROM_PRODUCTION,placeholder/future/experimental without backend,hidden,n/a,matrix UNUSED_ROUTE
executive_dashboard.html:113,HIDE_FROM_PRODUCTION,placeholder/future/experimental without backend,hidden,n/a,matrix UNUSED_ROUTE
executive_dashboard.html:120,HIDE_FROM_PRODUCTION,placeholder/future/experimental without backend,hidden,n/a,matrix UNUSED_ROUTE
executive_dashboard.html:126,HIDE_FROM_PRODUCTION,placeholder/future/experimental without backend,hidden,n/a,matrix UNUSED_ROUTE
executive_dashboard.html:135,HIDE_FROM_PRODUCTION,placeholder/future/experimental without backend,hidden,n/a,matrix UNUSED_ROUTE
executive_dashboard.html:138,HIDE_FROM_PRODUCTION,placeholder/future/experimental without backend,hidden,n/a,matrix UNUSED_ROUTE
executive_dashboard.html:139,HIDE_FROM_PRODUCTION,placeholder/future/experimental without backend,hidden,n/a,matrix UNUSED_ROUTE
executive_dashboard.html:159,HIDE_FROM_PRODUCTION,placeholder/future/experimental without backend,hidden,n/a,matrix UNUSED_ROUTE
executive_dashboard.html:263,HIDE_FROM_PRODUCTION,placeholder/future/experimental without backend,hidden,n/a,matrix UNUSED_ROUTE
executive_dashboard.html:304,HIDE_FROM_PRODUCTION,placeholder/future/experimental without backend,hidden,n/a,matrix UNUSED_ROUTE
executive_dashboard.html:305,HIDE_FROM_PRODUCTION,placeholder/future/experimental without backend,hidden,n/a,matrix UNUSED_ROUTE
executive_dashboard.html:308,HIDE_FROM_PRODUCTION,placeholder/future/experimental without backend,hidden,n/a,matrix UNUSED_ROUTE
executive_dashboard.html:402,HIDE_FROM_PRODUCTION,placeholder/future/experimental without backend,hidden,n/a,matrix UNUSED_ROUTE
executive_dashboard.html:410,HIDE_FROM_PRODUCTION,placeholder/future/experimental without backend,hidden,n/a,matrix UNUSED_ROUTE
executive_dashboard.html:452,HIDE_FROM_PRODUCTION,placeholder/future/experimental without backend,hidden,n/a,matrix UNUSED_ROUTE
executive_dashboard.html:490,HIDE_FROM_PRODUCTION,placeholder/future/experimental without backend,hidden,n/a,matrix UNUSED_ROUTE
traceability.html:29,HIDE_FROM_PRODUCTION,placeholder/future/experimental without backend,hidden,n/a,matrix UNUSED_ROUTE
traceability.html:30,HIDE_FROM_PRODUCTION,placeholder/future/experimental without backend,hidden,n/a,matrix UNUSED_ROUTE
traceability.html:31,HIDE_FROM_PRODUCTION,placeholder/future/experimental without backend,hidden,n/a,matrix UNUSED_ROUTE
traceability.html:32,HIDE_FROM_PRODUCTION,placeholder/future/experimental without backend,hidden,n/a,matrix UNUSED_ROUTE
traceability.html:74,HIDE_FROM_PRODUCTION,placeholder/future/experimental without backend,hidden,n/a,matrix UNUSED_ROUTE
traceability.html:89,HIDE_FROM_PRODUCTION,placeholder/future/experimental without backend,hidden,n/a,matrix UNUSED_ROUTE
traceability.html:153,HIDE_FROM_PRODUCTION,placeholder/future/experimental without backend,hidden,n/a,matrix UNUSED_ROUTE
traceability.html:154,HIDE_FROM_PRODUCTION,placeholder/future/experimental without backend,hidden,n/a,matrix UNUSED_ROUTE
traceability.html:181,HIDE_FROM_PRODUCTION,placeholder/future/experimental without backend,hidden,n/a,matrix UNUSED_ROUTE
traceability.html:239,HIDE_FROM_PRODUCTION,placeholder/future/experimental without backend,hidden,n/a,matrix UNUSED_ROUTE
traceability.html:263,HIDE_FROM_PRODUCTION,placeholder/future/experimental without backend,hidden,n/a,matrix UNUSED_ROUTE
traceability.html:286,HIDE_FROM_PRODUCTION,placeholder/future/experimental without backend,hidden,n/a,matrix UNUSED_ROUTE
traceability.html:287,HIDE_FROM_PRODUCTION,placeholder/future/experimental without backend,hidden,n/a,matrix UNUSED_ROUTE
traceability.html:288,HIDE_FROM_PRODUCTION,placeholder/future/experimental without backend,hidden,n/a,matrix UNUSED_ROUTE
traceability.html:304,HIDE_FROM_PRODUCTION,placeholder/future/experimental without backend,hidden,n/a,matrix UNUSED_ROUTE
upload_center.html:48,HIDE_FROM_PRODUCTION,placeholder/future/experimental without backend,hidden,n/a,matrix UNUSED_ROUTE
upload_center.html:61,HIDE_FROM_PRODUCTION,placeholder/future/experimental without backend,hidden,n/a,matrix UNUSED_ROUTE
upload_center.html:63,HIDE_FROM_PRODUCTION,placeholder/future/experimental without backend,hidden,n/a,matrix UNUSED_ROUTE
upload_center.html:164,HIDE_FROM_PRODUCTION,placeholder/future/experimental without backend,hidden,n/a,matrix UNUSED_ROUTE
