relative_path,raw_rows,ingested_rows,classification
01_Raw/RIPLEY/automation_blueprint.md,0,0,NOT_INGESTED
01_Raw/RIPLEY/traceability_analysis.py,0,0,NOT_INGESTED
01_Raw/RIPLEY/traceability_report.json,0,0,NOT_INGESTED
01_Raw/RIPLEY/traceability_report.md,0,0,NOT_INGESTED
01_Raw/SHOPIFY/Documentos Recepcionados/dteproveedor_5477.xml,0,0,NOT_INGESTED
01_Raw/SHOPIFY/Documentos Recepcionados/dteproveedor_5478.xml,0,0,NOT_INGESTED
01_Raw/SHOPIFY/Documentos Recepcionados/dteproveedor_5479.xml,0,0,NOT_INGESTED
01_Raw/SHOPIFY/Documentos Recepcionados/dteproveedor_5480.xml,0,0,NOT_INGESTED
01_Raw/SHOPIFY/Documentos Recepcionados/dteproveedor_5595.xml,0,0,NOT_INGESTED
01_Raw/SHOPIFY/Documentos Recepcionados/dteproveedor_5598.xml,0,0,NOT_INGESTED
01_Raw/SHOPIFY/Documentos Recepcionados/dteproveedor_5599.xml,0,0,NOT_INGESTED
01_Raw/SHOPIFY/Documentos Recepcionados/dteproveedor_5600.xml,0,0,NOT_INGESTED
01_Raw/SHOPIFY/Documentos Recepcionados/dteproveedor_5601.xml,0,0,NOT_INGESTED
01_Raw/SHOPIFY/Documentos Recepcionados/dteproveedor_5602.xml,0,0,NOT_INGESTED
01_Raw/SHOPIFY/Documentos Recepcionados/dteproveedor_5603.xml,0,0,NOT_INGESTED
01_Raw/SHOPIFY/Documentos Recepcionados/dteproveedor_5701.xml,0,0,NOT_INGESTED
01_Raw/SHOPIFY/Documentos Recepcionados/dteproveedor_5706.xml,0,0,NOT_INGESTED
01_Raw/SHOPIFY/Documentos Recepcionados/dteproveedor_5707.xml,0,0,NOT_INGESTED
01_Raw/SHOPIFY/Documentos Recepcionados/dteproveedor_5818.xml,0,0,NOT_INGESTED
01_Raw/SHOPIFY/Documentos Recepcionados/dteproveedor_5819.xml,0,0,NOT_INGESTED
01_Raw/SHOPIFY/Documentos Recepcionados/dteproveedor_5820.xml,0,0,NOT_INGESTED
01_Raw/SHOPIFY/Documentos Recepcionados/dteproveedor_5821.xml,0,0,NOT_INGESTED
01_Raw/SHOPIFY/Documentos Recepcionados/dteproveedor_5924.xml,0,0,NOT_INGESTED
01_Raw/SHOPIFY/Documentos Recepcionados/dteproveedor_5925.xml,0,0,NOT_INGESTED
01_Raw/SHOPIFY/Documentos Recepcionados/dteproveedor_5926.xml,0,0,NOT_INGESTED
01_Raw/SHOPIFY/Documentos Recepcionados/dteproveedor_6037.xml,0,0,NOT_INGESTED
01_Raw/SHOPIFY/Documentos Recepcionados/dteproveedor_6039.xml,0,0,NOT_INGESTED
01_Raw/SHOPIFY/Documentos Recepcionados/dteproveedor_6040.xml,0,0,NOT_INGESTED
01_Raw/SHOPIFY/Documentos Recepcionados/dteproveedor_6152.xml,0,0,NOT_INGESTED
01_Raw/SHOPIFY/Documentos Recepcionados/dteproveedor_6154.xml,0,0,NOT_INGESTED
01_Raw/SHOPIFY/Documentos Recepcionados/dteproveedor_6271.xml,0,0,NOT_INGESTED
01_Raw/SHOPIFY/Documentos Recepcionados/dteproveedor_6273.xml,0,0,NOT_INGESTED
01_Raw/SHOPIFY/Documentos Recepcionados/dteproveedor_6274.xml,0,0,NOT_INGESTED
01_Raw/SHOPIFY/Documentos Recepcionados/dteproveedor_6275.xml,0,0,NOT_INGESTED
01_Raw/SHOPIFY/Documentos Recepcionados/dteproveedor_6392.xml,0,0,NOT_INGESTED
01_Raw/SHOPIFY/Documentos Recepcionados/dteproveedor_6506.xml,0,0,NOT_INGESTED
01_Raw/SHOPIFY/Documentos Recepcionados/dteproveedor_6507.xml,0,0,NOT_INGESTED
01_Raw/SHOPIFY/Documentos Recepcionados/dteproveedor_6508.xml,0,0,NOT_INGESTED
01_Raw/SHOPIFY/Documentos Recepcionados/dteproveedor_6614.xml,0,0,NOT_INGESTED
01_Raw/SHOPIFY/Documentos Recepcionados/dteproveedor_6619.xml,0,0,NOT_INGESTED
01_Raw/SHOPIFY/Documentos Recepcionados/dteproveedor_6620.xml,0,0,NOT_INGESTED
01_Raw/SHOPIFY/Documentos Recepcionados/dteproveedor_6763.xml,0,0,NOT_INGESTED
01_Raw/SHOPIFY/Documentos Recepcionados/dteproveedor_6764.xml,0,0,NOT_INGESTED
01_Raw/SHOPIFY/Documentos Recepcionados/dteproveedor_6765.xml,0,0,NOT_INGESTED
01_Raw/SHOPIFY/Documentos Recepcionados/dteproveedor_6771.xml,0,0,NOT_INGESTED
01_Raw/SHOPIFY/Documentos Recepcionados/dteproveedor_6837.xml,0,0,NOT_INGESTED
01_Raw/SHOPIFY/Documentos Recepcionados/dteproveedor_6838.xml,0,0,NOT_INGESTED
01_Raw/SHOPIFY/Documentos Recepcionados/dteproveedor_6839.xml,0,0,NOT_INGESTED
01_Raw/SHOPIFY/Documentos Recepcionados/dteproveedor_6840.xml,0,0,NOT_INGESTED
01_Raw/SHOPIFY/Documentos Recepcionados/dteproveedor_6841.xml,0,0,NOT_INGESTED
01_Raw/SHOPIFY/Documentos Recepcionados/dteproveedor_6842.xml,0,0,NOT_INGESTED
01_Raw/SHOPIFY/Documentos Recepcionados/dteproveedor_6871.xml,0,0,NOT_INGESTED
01_Raw/SHOPIFY/Documentos Recepcionados/dteproveedor_6887.xml,0,0,NOT_INGESTED
01_Raw/SHOPIFY/Documentos Recepcionados/dteproveedor_6917.xml,0,0,NOT_INGESTED
01_Raw/SHOPIFY/Documentos Recepcionados/dteproveedor_6921.xml,0,0,NOT_INGESTED
01_Raw/SHOPIFY/Documentos Recepcionados/dteproveedor_6922.xml,0,0,NOT_INGESTED
01_Raw/SHOPIFY/Documentos Recepcionados/dteproveedor_6923.xml,0,0,NOT_INGESTED
01_Raw/SHOPIFY/Documentos Recepcionados/dteproveedor_6966.xml,0,0,NOT_INGESTED
01_Raw/SHOPIFY/Documentos Recepcionados/dteproveedor_6974.xml,0,0,NOT_INGESTED
01_Raw/SHOPIFY/Documentos Recepcionados/dteproveedor_6980.xml,0,0,NOT_INGESTED
01_Raw/SHOPIFY/Documentos Recepcionados/dteproveedor_6981.xml,0,0,NOT_INGESTED
01_Raw/SHOPIFY/Documentos Recepcionados/dteproveedor_6982.xml,0,0,NOT_INGESTED
01_Raw/SHOPIFY/Documentos Recepcionados/dteproveedor_6983.xml,0,0,NOT_INGESTED
01_Raw/SHOPIFY/Documentos Recepcionados/dteproveedor_6992.xml,0,0,NOT_INGESTED
01_Raw/SHOPIFY/Documentos Recepcionados/dteproveedor_7015.xml,0,0,NOT_INGESTED
01_Raw/SHOPIFY/Documentos Recepcionados/dteproveedor_7042.xml,0,0,NOT_INGESTED
01_Raw/SHOPIFY/Documentos Recepcionados/dteproveedor_7046.xml,0,0,NOT_INGESTED
01_Raw/SHOPIFY/Documentos Recepcionados/dteproveedor_7047.xml,0,0,NOT_INGESTED
01_Raw/SHOPIFY/Documentos Recepcionados/dteproveedor_7048.xml,0,0,NOT_INGESTED
01_Raw/SHOPIFY/Documentos Recepcionados/dteproveedor_7078.xml,0,0,NOT_INGESTED
01_Raw/SHOPIFY/Documentos Recepcionados/dteproveedor_7086.xml,0,0,NOT_INGESTED
01_Raw/SHOPIFY/Documentos Recepcionados/dteproveedor_7089.xml,0,0,NOT_INGESTED
01_Raw/SHOPIFY/Documentos Recepcionados/dteproveedor_7090.xml,0,0,NOT_INGESTED
01_Raw/SHOPIFY/Documentos Recepcionados/dteproveedor_7091.xml,0,0,NOT_INGESTED
01_Raw/SHOPIFY/Documentos Recepcionados/dteproveedor_7093.xml,0,0,NOT_INGESTED
01_Raw/SHOPIFY/Documentos Recepcionados/dteproveedor_7109.xml,0,0,NOT_INGESTED
01_Raw/SHOPIFY/Documentos Recepcionados/dteproveedor_7128.xml,0,0,NOT_INGESTED
01_Raw/SHOPIFY/Documentos Recepcionados/dteproveedor_7136.xml,0,0,NOT_INGESTED
01_Raw/SHOPIFY/Documentos Recepcionados/dteproveedor_7143.xml,0,0,NOT_INGESTED
01_Raw/SHOPIFY/Documentos Recepcionados/dteproveedor_7155.xml,0,0,NOT_INGESTED
01_Raw/SHOPIFY/Documentos Recepcionados/dteproveedor_7157.xml,0,0,NOT_INGESTED
01_Raw/SHOPIFY/Documentos Recepcionados/dteproveedor_7168.xml,0,0,NOT_INGESTED
01_Raw/SHOPIFY/Documentos Recepcionados/dteproveedor_7169.xml,0,0,NOT_INGESTED
01_Raw/SHOPIFY/Documentos Recepcionados/dteproveedor_7177.xml,0,0,NOT_INGESTED
01_Raw/SHOPIFY/Documentos Recepcionados/dteproveedor_7186.xml,0,0,NOT_INGESTED
01_Raw/SHOPIFY/Documentos Recepcionados/dteproveedor_7206.xml,0,0,NOT_INGESTED
01_Raw/SHOPIFY/Documentos Recepcionados/dteproveedor_7207.xml,0,0,NOT_INGESTED
01_Raw/SHOPIFY/Documentos Recepcionados/dteproveedor_7208.xml,0,0,NOT_INGESTED
01_Raw/SHOPIFY/Documentos Recepcionados/dteproveedor_7209.xml,0,0,NOT_INGESTED
01_Raw/SHOPIFY/Documentos Recepcionados/dteproveedor_7210.xml,0,0,NOT_INGESTED
01_Raw/SHOPIFY/Documentos Recepcionados/dteproveedor_7256.xml,0,0,NOT_INGESTED
01_Raw/SHOPIFY/Documentos Recepcionados/dteproveedor_7265.xml,0,0,NOT_INGESTED
01_Raw/SHOPIFY/Documentos Recepcionados/dteproveedor_7276.xml,0,0,NOT_INGESTED
01_Raw/SHOPIFY/Documentos Recepcionados/dteproveedor_7281.xml,0,0,NOT_INGESTED
01_Raw/SHOPIFY/Documentos Recepcionados/dteproveedor_7309.xml,0,0,NOT_INGESTED
01_Raw/SHOPIFY/Documentos Recepcionados/dteproveedor_7312.xml,0,0,NOT_INGESTED
01_Raw/SHOPIFY/Documentos Recepcionados/dteproveedor_7314.xml,0,0,NOT_INGESTED
01_Raw/SHOPIFY/Documentos Recepcionados/dteproveedor_7315.xml,0,0,NOT_INGESTED
01_Raw/SHOPIFY/Documentos Recepcionados/dteproveedor_7317.xml,0,0,NOT_INGESTED
01_Raw/SHOPIFY/Documentos Recepcionados/dteproveedor_7330.xml,0,0,NOT_INGESTED
01_Raw/SHOPIFY/Documentos Recepcionados/dteproveedor_7348.xml,0,0,NOT_INGESTED
01_Raw/SHOPIFY/Documentos Recepcionados/dteproveedor_7349.xml,0,0,NOT_INGESTED
01_Raw/SHOPIFY/Documentos Recepcionados/dteproveedor_7353.xml,0,0,NOT_INGESTED
01_Raw/SHOPIFY/Documentos Recepcionados/dteproveedor_7355.xml,0,0,NOT_INGESTED
01_Raw/SHOPIFY/Documentos Recepcionados/dteproveedor_7356.xml,0,0,NOT_INGESTED
01_Raw/SHOPIFY/Documentos Recepcionados/dteproveedor_7361.xml,0,0,NOT_INGESTED
01_Raw/SHOPIFY/Documentos Recepcionados/dteproveedor_7381.xml,0,0,NOT_INGESTED
01_Raw/SHOPIFY/Documentos Recepcionados/dteproveedor_7402.xml,0,0,NOT_INGESTED
01_Raw/SHOPIFY/Documentos Recepcionados/dteproveedor_7403.xml,0,0,NOT_INGESTED
01_Raw/SHOPIFY/Documentos Recepcionados/dteproveedor_7404.xml,0,0,NOT_INGESTED
01_Raw/SHOPIFY/Documentos Recepcionados/dteproveedor_7434.xml,0,0,NOT_INGESTED
01_Raw/SHOPIFY/Documentos Recepcionados/dteproveedor_7435.xml,0,0,NOT_INGESTED
01_Raw/SHOPIFY/Documentos Recepcionados/dteproveedor_7442.xml,0,0,NOT_INGESTED
01_Raw/SHOPIFY/Documentos Recepcionados/dteproveedor_7443.xml,0,0,NOT_INGESTED
01_Raw/SHOPIFY/Facturacion/dteproveedor_5477.xml,0,0,NOT_INGESTED
01_Raw/SHOPIFY/Facturacion/dteproveedor_5478.xml,0,0,NOT_INGESTED
01_Raw/SHOPIFY/Facturacion/dteproveedor_5479.xml,0,0,NOT_INGESTED
01_Raw/SHOPIFY/Facturacion/dteproveedor_5480.xml,0,0,NOT_INGESTED
01_Raw/SHOPIFY/Facturacion/dteproveedor_5595.xml,0,0,NOT_INGESTED
01_Raw/SHOPIFY/Facturacion/dteproveedor_5598.xml,0,0,NOT_INGESTED
01_Raw/SHOPIFY/Facturacion/dteproveedor_5599.xml,0,0,NOT_INGESTED
01_Raw/SHOPIFY/Facturacion/dteproveedor_5600.xml,0,0,NOT_INGESTED
01_Raw/SHOPIFY/Facturacion/dteproveedor_5601.xml,0,0,NOT_INGESTED
01_Raw/SHOPIFY/Facturacion/dteproveedor_5602.xml,0,0,NOT_INGESTED
01_Raw/SHOPIFY/Facturacion/dteproveedor_5603.xml,0,0,NOT_INGESTED
01_Raw/SHOPIFY/Facturacion/dteproveedor_5701.xml,0,0,NOT_INGESTED
01_Raw/SHOPIFY/Facturacion/dteproveedor_5706.xml,0,0,NOT_INGESTED
01_Raw/SHOPIFY/Facturacion/dteproveedor_5707.xml,0,0,NOT_INGESTED
01_Raw/SHOPIFY/Facturacion/dteproveedor_5818.xml,0,0,NOT_INGESTED
01_Raw/SHOPIFY/Facturacion/dteproveedor_5819.xml,0,0,NOT_INGESTED
01_Raw/SHOPIFY/Facturacion/dteproveedor_5820.xml,0,0,NOT_INGESTED
01_Raw/SHOPIFY/Facturacion/dteproveedor_5821.xml,0,0,NOT_INGESTED
01_Raw/SHOPIFY/Facturacion/dteproveedor_5924.xml,0,0,NOT_INGESTED
01_Raw/SHOPIFY/Facturacion/dteproveedor_5925.xml,0,0,NOT_INGESTED
01_Raw/SHOPIFY/Facturacion/dteproveedor_5926.xml,0,0,NOT_INGESTED
01_Raw/SHOPIFY/Facturacion/dteproveedor_6037.xml,0,0,NOT_INGESTED
01_Raw/SHOPIFY/Facturacion/dteproveedor_6039.xml,0,0,NOT_INGESTED
01_Raw/SHOPIFY/Facturacion/dteproveedor_6040.xml,0,0,NOT_INGESTED
01_Raw/SHOPIFY/Facturacion/dteproveedor_6152.xml,0,0,NOT_INGESTED
01_Raw/SHOPIFY/Facturacion/dteproveedor_6154.xml,0,0,NOT_INGESTED
01_Raw/SHOPIFY/Facturacion/dteproveedor_6271.xml,0,0,NOT_INGESTED
01_Raw/SHOPIFY/Facturacion/dteproveedor_6273.xml,0,0,NOT_INGESTED
01_Raw/SHOPIFY/Facturacion/dteproveedor_6274.xml,0,0,NOT_INGESTED
01_Raw/SHOPIFY/Facturacion/dteproveedor_6275.xml,0,0,NOT_INGESTED
01_Raw/SHOPIFY/Facturacion/dteproveedor_6392.xml,0,0,NOT_INGESTED
01_Raw/SHOPIFY/Facturacion/dteproveedor_6506.xml,0,0,NOT_INGESTED
01_Raw/SHOPIFY/Facturacion/dteproveedor_6507.xml,0,0,NOT_INGESTED
01_Raw/SHOPIFY/Facturacion/dteproveedor_6508.xml,0,0,NOT_INGESTED
01_Raw/SHOPIFY/Facturacion/dteproveedor_6614.xml,0,0,NOT_INGESTED
01_Raw/SHOPIFY/Facturacion/dteproveedor_6619.xml,0,0,NOT_INGESTED
01_Raw/SHOPIFY/Facturacion/dteproveedor_6620.xml,0,0,NOT_INGESTED
01_Raw/SHOPIFY/Facturacion/dteproveedor_6763.xml,0,0,NOT_INGESTED
01_Raw/SHOPIFY/Facturacion/dteproveedor_6764.xml,0,0,NOT_INGESTED
01_Raw/SHOPIFY/Facturacion/dteproveedor_6765.xml,0,0,NOT_INGESTED
01_Raw/SHOPIFY/Facturacion/dteproveedor_6771.xml,0,0,NOT_INGESTED
01_Raw/SHOPIFY/Facturacion/dteproveedor_6837.xml,0,0,NOT_INGESTED
01_Raw/SHOPIFY/Facturacion/dteproveedor_6838.xml,0,0,NOT_INGESTED
01_Raw/SHOPIFY/Facturacion/dteproveedor_6839.xml,0,0,NOT_INGESTED
01_Raw/SHOPIFY/Facturacion/dteproveedor_6840.xml,0,0,NOT_INGESTED
01_Raw/SHOPIFY/Facturacion/dteproveedor_6841.xml,0,0,NOT_INGESTED
01_Raw/SHOPIFY/Facturacion/dteproveedor_6842.xml,0,0,NOT_INGESTED
01_Raw/SHOPIFY/Facturacion/dteproveedor_6871.xml,0,0,NOT_INGESTED
01_Raw/SHOPIFY/Facturacion/dteproveedor_6887.xml,0,0,NOT_INGESTED
01_Raw/SHOPIFY/Facturacion/dteproveedor_6917.xml,0,0,NOT_INGESTED
01_Raw/SHOPIFY/Facturacion/dteproveedor_6921.xml,0,0,NOT_INGESTED
01_Raw/SHOPIFY/Facturacion/dteproveedor_6922.xml,0,0,NOT_INGESTED
01_Raw/SHOPIFY/Facturacion/dteproveedor_6923.xml,0,0,NOT_INGESTED
01_Raw/SHOPIFY/Facturacion/dteproveedor_6966.xml,0,0,NOT_INGESTED
01_Raw/SHOPIFY/Facturacion/dteproveedor_6974.xml,0,0,NOT_INGESTED
01_Raw/SHOPIFY/Facturacion/dteproveedor_6980.xml,0,0,NOT_INGESTED
01_Raw/SHOPIFY/Facturacion/dteproveedor_6981.xml,0,0,NOT_INGESTED
01_Raw/SHOPIFY/Facturacion/dteproveedor_6982.xml,0,0,NOT_INGESTED
01_Raw/SHOPIFY/Facturacion/dteproveedor_6983.xml,0,0,NOT_INGESTED
01_Raw/SHOPIFY/Facturacion/dteproveedor_6992.xml,0,0,NOT_INGESTED
01_Raw/SHOPIFY/Facturacion/dteproveedor_7015.xml,0,0,NOT_INGESTED
01_Raw/SHOPIFY/Facturacion/dteproveedor_7042.xml,0,0,NOT_INGESTED
01_Raw/SHOPIFY/Facturacion/dteproveedor_7046.xml,0,0,NOT_INGESTED
01_Raw/SHOPIFY/Facturacion/dteproveedor_7047.xml,0,0,NOT_INGESTED
01_Raw/SHOPIFY/Facturacion/dteproveedor_7048.xml,0,0,NOT_INGESTED
01_Raw/SHOPIFY/Facturacion/dteproveedor_7078.xml,0,0,NOT_INGESTED
01_Raw/SHOPIFY/Facturacion/dteproveedor_7086.xml,0,0,NOT_INGESTED
01_Raw/SHOPIFY/Facturacion/dteproveedor_7089.xml,0,0,NOT_INGESTED
01_Raw/SHOPIFY/Facturacion/dteproveedor_7090.xml,0,0,NOT_INGESTED
01_Raw/SHOPIFY/Facturacion/dteproveedor_7091.xml,0,0,NOT_INGESTED
01_Raw/SHOPIFY/Facturacion/dteproveedor_7093.xml,0,0,NOT_INGESTED
01_Raw/SHOPIFY/Facturacion/dteproveedor_7109.xml,0,0,NOT_INGESTED
01_Raw/SHOPIFY/Facturacion/dteproveedor_7128.xml,0,0,NOT_INGESTED
01_Raw/SHOPIFY/Facturacion/dteproveedor_7136.xml,0,0,NOT_INGESTED
01_Raw/SHOPIFY/Facturacion/dteproveedor_7143.xml,0,0,NOT_INGESTED
01_Raw/SHOPIFY/Facturacion/dteproveedor_7155.xml,0,0,NOT_INGESTED
01_Raw/SHOPIFY/Facturacion/dteproveedor_7157.xml,0,0,NOT_INGESTED
01_Raw/SHOPIFY/Facturacion/dteproveedor_7168.xml,0,0,NOT_INGESTED
01_Raw/SHOPIFY/Facturacion/dteproveedor_7169.xml,0,0,NOT_INGESTED
01_Raw/SHOPIFY/Facturacion/dteproveedor_7177.xml,0,0,NOT_INGESTED
01_Raw/SHOPIFY/Facturacion/dteproveedor_7186.xml,0,0,NOT_INGESTED
01_Raw/SHOPIFY/Facturacion/dteproveedor_7206.xml,0,0,NOT_INGESTED
01_Raw/SHOPIFY/Facturacion/dteproveedor_7207.xml,0,0,NOT_INGESTED
01_Raw/SHOPIFY/Facturacion/dteproveedor_7208.xml,0,0,NOT_INGESTED
01_Raw/SHOPIFY/Facturacion/dteproveedor_7209.xml,0,0,NOT_INGESTED
01_Raw/SHOPIFY/Facturacion/dteproveedor_7210.xml,0,0,NOT_INGESTED
01_Raw/SHOPIFY/Facturacion/dteproveedor_7256.xml,0,0,NOT_INGESTED
01_Raw/SHOPIFY/Facturacion/dteproveedor_7265.xml,0,0,NOT_INGESTED
01_Raw/SHOPIFY/Facturacion/dteproveedor_7276.xml,0,0,NOT_INGESTED
01_Raw/SHOPIFY/Facturacion/dteproveedor_7281.xml,0,0,NOT_INGESTED
01_Raw/SHOPIFY/Facturacion/dteproveedor_7309.xml,0,0,NOT_INGESTED
01_Raw/SHOPIFY/Facturacion/dteproveedor_7312.xml,0,0,NOT_INGESTED
01_Raw/SHOPIFY/Facturacion/dteproveedor_7314.xml,0,0,NOT_INGESTED
01_Raw/SHOPIFY/Facturacion/dteproveedor_7315.xml,0,0,NOT_INGESTED
01_Raw/SHOPIFY/Facturacion/dteproveedor_7317.xml,0,0,NOT_INGESTED
01_Raw/SHOPIFY/Facturacion/dteproveedor_7330.xml,0,0,NOT_INGESTED
01_Raw/SHOPIFY/Facturacion/dteproveedor_7348.xml,0,0,NOT_INGESTED
01_Raw/SHOPIFY/Facturacion/dteproveedor_7349.xml,0,0,NOT_INGESTED
01_Raw/SHOPIFY/Facturacion/dteproveedor_7353.xml,0,0,NOT_INGESTED
01_Raw/SHOPIFY/Facturacion/dteproveedor_7355.xml,0,0,NOT_INGESTED
01_Raw/SHOPIFY/Facturacion/dteproveedor_7356.xml,0,0,NOT_INGESTED
01_Raw/SHOPIFY/Facturacion/dteproveedor_7361.xml,0,0,NOT_INGESTED
01_Raw/SHOPIFY/Facturacion/dteproveedor_7381.xml,0,0,NOT_INGESTED
01_Raw/SHOPIFY/Facturacion/dteproveedor_7402.xml,0,0,NOT_INGESTED
01_Raw/SHOPIFY/Facturacion/dteproveedor_7403.xml,0,0,NOT_INGESTED
01_Raw/SHOPIFY/Facturacion/dteproveedor_7404.xml,0,0,NOT_INGESTED
01_Raw/SHOPIFY/Facturacion/dteproveedor_7434.xml,0,0,NOT_INGESTED
01_Raw/SHOPIFY/Facturacion/dteproveedor_7435.xml,0,0,NOT_INGESTED
01_Raw/SHOPIFY/Facturacion/dteproveedor_7442.xml,0,0,NOT_INGESTED
01_Raw/SHOPIFY/Facturacion/dteproveedor_7443.xml,0,0,NOT_INGESTED
01_Raw/SHOPIFY/Mercado Pago/Reporte_Facturacion_MercadoPago_Abr2025.xlsx,729,0,NOT_INGESTED
01_Raw/SHOPIFY/Mercado Pago/Reporte_Facturacion_MercadoPago_Abr2026.xlsx,382,0,NOT_INGESTED
01_Raw/SHOPIFY/Mercado Pago/Reporte_Facturacion_MercadoPago_Ago2025.xlsx,375,0,NOT_INGESTED
01_Raw/SHOPIFY/Mercado Pago/Reporte_Facturacion_MercadoPago_Dic2025.xlsx,715,0,NOT_INGESTED
01_Raw/SHOPIFY/Mercado Pago/Reporte_Facturacion_MercadoPago_Ene2025.xlsx,478,0,NOT_INGESTED
01_Raw/SHOPIFY/Mercado Pago/Reporte_Facturacion_MercadoPago_Ene2026.xlsx,298,0,NOT_INGESTED
01_Raw/SHOPIFY/Mercado Pago/Reporte_Facturacion_MercadoPago_Feb2025.xlsx,360,0,NOT_INGESTED
01_Raw/SHOPIFY/Mercado Pago/Reporte_Facturacion_MercadoPago_Feb2026.xlsx,302,0,NOT_INGESTED
01_Raw/SHOPIFY/Mercado Pago/Reporte_Facturacion_MercadoPago_Jul2025.xlsx,548,0,NOT_INGESTED
01_Raw/SHOPIFY/Mercado Pago/Reporte_Facturacion_MercadoPago_Jun2025.xlsx,982,0,NOT_INGESTED
01_Raw/SHOPIFY/Mercado Pago/Reporte_Facturacion_MercadoPago_Jun2026.xlsx,332,0,NOT_INGESTED
01_Raw/SHOPIFY/Mercado Pago/Reporte_Facturacion_MercadoPago_Mar2025.xlsx,738,0,NOT_INGESTED
01_Raw/SHOPIFY/Mercado Pago/Reporte_Facturacion_MercadoPago_Mar2026.xlsx,412,0,NOT_INGESTED
01_Raw/SHOPIFY/Mercado Pago/Reporte_Facturacion_MercadoPago_May2025.xlsx,584,0,NOT_INGESTED
01_Raw/SHOPIFY/Mercado Pago/Reporte_Facturacion_MercadoPago_May2026.xlsx,333,0,NOT_INGESTED
01_Raw/SHOPIFY/Mercado Pago/Reporte_Facturacion_MercadoPago_Nov2025.xlsx,728,0,NOT_INGESTED
01_Raw/SHOPIFY/Mercado Pago/Reporte_Facturacion_MercadoPago_Oct2025.xlsx,1021,0,NOT_INGESTED
01_Raw/SHOPIFY/Mercado Pago/Reporte_Facturacion_MercadoPago_Sept2025.xlsx,351,0,NOT_INGESTED
01_Raw/SHOPIFY/Pedidos (SF)/orders -  2025-01-01 - 2026-06-24.csv,15282,0,NOT_INGESTED
01_Raw/SHOPIFY/Ventas totales (SF)/Ventas totales - 2025-01-01 - 2026-06-24.csv,22693,0,NOT_INGESTED
01_Raw/SHOPIFY/Transbank/Junio 2026/extraccion-masiva-credito-pesos-1-al-25-6-2026(25-06-2026_14.58.20).dat,0,0,NOT_INGESTED
01_Raw/SHOPIFY/Transbank/Junio 2026/extraccion-masiva-debito-pesos-1-al-25-6-2026(25-06-2026_14.58.33).dat,0,0,NOT_INGESTED
01_Raw/SHOPIFY/Transbank/Junio 2026/extraccion-masiva-prepago-pesos-1-al-25-6-2026(25-06-2026_14.58.23).dat,0,0,NOT_INGESTED
01_Raw/RIPLEY/Facturacion/dtef_c33_f25272_ts2025-05-13T153652.xml,0,0,NOT_INGESTED
01_Raw/RIPLEY/Facturacion/dtef_c33_f26000_ts2025-10-27T144835.xml,0,0,NOT_INGESTED
01_Raw/RIPLEY/Facturacion/dtef_c33_f26276_ts2025-12-15T155053.xml,0,0,NOT_INGESTED
01_Raw/RIPLEY/Facturacion/dtef_c33_f26306_ts2025-12-23T112808.xml,0,0,NOT_INGESTED
01_Raw/RIPLEY/Facturacion/dtef_c33_f26441_ts2026-02-16T124619.xml,0,0,NOT_INGESTED
01_Raw/RIPLEY/Facturacion/dtef_c33_f26532_ts2026-03-13T120641.xml,0,0,NOT_INGESTED
01_Raw/RIPLEY/Facturacion/dtef_c33_f26608_ts2026-03-30T155632.xml,0,0,NOT_INGESTED
01_Raw/RIPLEY/Facturacion/dtef_c33_f26613_ts2026-03-31T130634.xml,0,0,NOT_INGESTED
01_Raw/RIPLEY/Facturacion/dtef_c33_f26636_ts2026-04-06T172718.xml,0,0,NOT_INGESTED
01_Raw/RIPLEY/Facturacion/dtef_c33_f26703_ts2026-04-17T150756.xml,0,0,NOT_INGESTED
01_Raw/RIPLEY/Facturacion/dtef_c33_f26793_ts2026-05-11T120014.xml,0,0,NOT_INGESTED
01_Raw/RIPLEY/Facturacion/dtef_c33_f26794_ts2026-05-11T120602.xml,0,0,NOT_INGESTED
01_Raw/RIPLEY/Facturacion/dtef_c33_f26795_ts2026-05-11T121312.xml,0,0,NOT_INGESTED
01_Raw/RIPLEY/Facturacion/dtef_c33_f26874_ts2026-06-05T123502.xml,0,0,NOT_INGESTED
01_Raw/RIPLEY/Facturacion/dtef_c33_f26875_ts2026-06-05T124420.xml,0,0,NOT_INGESTED
01_Raw/RIPLEY/Facturacion/dtef_c61_f146730_ts2026-03-31T130421.xml,0,0,NOT_INGESTED
01_Raw/RIPLEY/Facturacion/dtef_c61_f147261_ts2026-05-11T120315.xml,0,0,NOT_INGESTED
01_Raw/RIPLEY/Facturacion/dteproveedor_5393.xml,0,0,NOT_INGESTED
01_Raw/RIPLEY/Facturacion/dteproveedor_5405.xml,0,0,NOT_INGESTED
01_Raw/RIPLEY/Facturacion/dteproveedor_5423.xml,0,0,NOT_INGESTED
01_Raw/RIPLEY/Facturacion/dteproveedor_5435.xml,0,0,NOT_INGESTED
01_Raw/RIPLEY/Facturacion/dteproveedor_5453.xml,0,0,NOT_INGESTED
01_Raw/RIPLEY/Facturacion/dteproveedor_5467.xml,0,0,NOT_INGESTED
01_Raw/RIPLEY/Facturacion/dteproveedor_5468.xml,0,0,NOT_INGESTED
01_Raw/RIPLEY/Facturacion/dteproveedor_5524.xml,0,0,NOT_INGESTED
01_Raw/RIPLEY/Facturacion/dteproveedor_5529.xml,0,0,NOT_INGESTED
01_Raw/RIPLEY/Facturacion/dteproveedor_5565.xml,0,0,NOT_INGESTED
01_Raw/RIPLEY/Facturacion/dteproveedor_5566.xml,0,0,NOT_INGESTED
01_Raw/RIPLEY/Facturacion/dteproveedor_5574.xml,0,0,NOT_INGESTED
01_Raw/RIPLEY/Facturacion/dteproveedor_5576.xml,0,0,NOT_INGESTED
01_Raw/RIPLEY/Facturacion/dteproveedor_5577.xml,0,0,NOT_INGESTED
01_Raw/RIPLEY/Facturacion/dteproveedor_5613.xml,0,0,NOT_INGESTED
01_Raw/RIPLEY/Facturacion/dteproveedor_5614.xml,0,0,NOT_INGESTED
01_Raw/RIPLEY/Facturacion/dteproveedor_5624.xml,0,0,NOT_INGESTED
01_Raw/RIPLEY/Facturacion/dteproveedor_5625.xml,0,0,NOT_INGESTED
01_Raw/RIPLEY/Facturacion/dteproveedor_5626.xml,0,0,NOT_INGESTED
01_Raw/RIPLEY/Facturacion/dteproveedor_5630.xml,0,0,NOT_INGESTED
01_Raw/RIPLEY/Facturacion/dteproveedor_5637.xml,0,0,NOT_INGESTED
01_Raw/RIPLEY/Facturacion/dteproveedor_5638.xml,0,0,NOT_INGESTED
01_Raw/RIPLEY/Facturacion/dteproveedor_5639.xml,0,0,NOT_INGESTED
01_Raw/RIPLEY/Facturacion/dteproveedor_5659.xml,0,0,NOT_INGESTED
01_Raw/RIPLEY/Facturacion/dteproveedor_5660.xml,0,0,NOT_INGESTED
01_Raw/RIPLEY/Facturacion/dteproveedor_5688.xml,0,0,NOT_INGESTED
01_Raw/RIPLEY/Facturacion/dteproveedor_5689.xml,0,0,NOT_INGESTED
01_Raw/RIPLEY/Facturacion/dteproveedor_5712.xml,0,0,NOT_INGESTED
01_Raw/RIPLEY/Facturacion/dteproveedor_5713.xml,0,0,NOT_INGESTED
01_Raw/RIPLEY/Facturacion/dteproveedor_5719.xml,0,0,NOT_INGESTED
01_Raw/RIPLEY/Facturacion/dteproveedor_5722.xml,0,0,NOT_INGESTED
01_Raw/RIPLEY/Facturacion/dteproveedor_5723.xml,0,0,NOT_INGESTED
01_Raw/RIPLEY/Facturacion/dteproveedor_5724.xml,0,0,NOT_INGESTED
01_Raw/RIPLEY/Facturacion/dteproveedor_5725.xml,0,0,NOT_INGESTED
01_Raw/RIPLEY/Facturacion/dteproveedor_5727.xml,0,0,NOT_INGESTED
01_Raw/RIPLEY/Facturacion/dteproveedor_5744.xml,0,0,NOT_INGESTED
01_Raw/RIPLEY/Facturacion/dteproveedor_5745.xml,0,0,NOT_INGESTED
01_Raw/RIPLEY/Facturacion/dteproveedor_5747.xml,0,0,NOT_INGESTED
01_Raw/RIPLEY/Facturacion/dteproveedor_5768.xml,0,0,NOT_INGESTED
01_Raw/RIPLEY/Facturacion/dteproveedor_5769.xml,0,0,NOT_INGESTED
01_Raw/RIPLEY/Facturacion/dteproveedor_5788.xml,0,0,NOT_INGESTED
01_Raw/RIPLEY/Facturacion/dteproveedor_5789.xml,0,0,NOT_INGESTED
01_Raw/RIPLEY/Facturacion/dteproveedor_5790.xml,0,0,NOT_INGESTED
01_Raw/RIPLEY/Facturacion/dteproveedor_5791.xml,0,0,NOT_INGESTED
01_Raw/RIPLEY/Facturacion/dteproveedor_5800.xml,0,0,NOT_INGESTED
01_Raw/RIPLEY/Facturacion/dteproveedor_5802.xml,0,0,NOT_INGESTED
01_Raw/RIPLEY/Facturacion/dteproveedor_5803.xml,0,0,NOT_INGESTED
01_Raw/RIPLEY/Facturacion/dteproveedor_5804.xml,0,0,NOT_INGESTED
01_Raw/RIPLEY/Facturacion/dteproveedor_5805.xml,0,0,NOT_INGESTED
01_Raw/RIPLEY/Facturacion/dteproveedor_5806.xml,0,0,NOT_INGESTED
01_Raw/RIPLEY/Facturacion/dteproveedor_5807.xml,0,0,NOT_INGESTED
01_Raw/RIPLEY/Facturacion/dteproveedor_5808.xml,0,0,NOT_INGESTED
01_Raw/RIPLEY/Facturacion/dteproveedor_5809.xml,0,0,NOT_INGESTED
01_Raw/RIPLEY/Facturacion/dteproveedor_5810.xml,0,0,NOT_INGESTED
01_Raw/RIPLEY/Facturacion/dteproveedor_5811.xml,0,0,NOT_INGESTED
01_Raw/RIPLEY/Facturacion/dteproveedor_5812.xml,0,0,NOT_INGESTED
01_Raw/RIPLEY/Facturacion/dteproveedor_5813.xml,0,0,NOT_INGESTED
01_Raw/RIPLEY/Facturacion/dteproveedor_5841.xml,0,0,NOT_INGESTED
01_Raw/RIPLEY/Facturacion/dteproveedor_5842.xml,0,0,NOT_INGESTED
01_Raw/RIPLEY/Facturacion/dteproveedor_5843.xml,0,0,NOT_INGESTED
01_Raw/RIPLEY/Facturacion/dteproveedor_5844.xml,0,0,NOT_INGESTED
01_Raw/RIPLEY/Facturacion/dteproveedor_5857.xml,0,0,NOT_INGESTED
01_Raw/RIPLEY/Facturacion/dteproveedor_5884.xml,0,0,NOT_INGESTED
01_Raw/RIPLEY/Facturacion/dteproveedor_5885.xml,0,0,NOT_INGESTED
01_Raw/RIPLEY/Facturacion/dteproveedor_5901.xml,0,0,NOT_INGESTED
01_Raw/RIPLEY/Facturacion/dteproveedor_5902.xml,0,0,NOT_INGESTED
01_Raw/RIPLEY/Facturacion/dteproveedor_5906.xml,0,0,NOT_INGESTED
01_Raw/RIPLEY/Facturacion/dteproveedor_5909.xml,0,0,NOT_INGESTED
01_Raw/RIPLEY/Facturacion/dteproveedor_5916.xml,0,0,NOT_INGESTED
01_Raw/RIPLEY/Facturacion/dteproveedor_5917.xml,0,0,NOT_INGESTED
01_Raw/RIPLEY/Facturacion/dteproveedor_5944.xml,0,0,NOT_INGESTED
01_Raw/RIPLEY/Facturacion/dteproveedor_5945.xml,0,0,NOT_INGESTED
01_Raw/RIPLEY/Facturacion/dteproveedor_5946.xml,0,0,NOT_INGESTED
01_Raw/RIPLEY/Facturacion/dteproveedor_5947.xml,0,0,NOT_INGESTED
01_Raw/RIPLEY/Facturacion/dteproveedor_5949.xml,0,0,NOT_INGESTED
01_Raw/RIPLEY/Facturacion/dteproveedor_5952.xml,0,0,NOT_INGESTED
01_Raw/RIPLEY/Facturacion/dteproveedor_5969.xml,0,0,NOT_INGESTED
01_Raw/RIPLEY/Facturacion/dteproveedor_5971.xml,0,0,NOT_INGESTED
01_Raw/RIPLEY/Facturacion/dteproveedor_6002.xml,0,0,NOT_INGESTED
01_Raw/RIPLEY/Facturacion/dteproveedor_6003.xml,0,0,NOT_INGESTED
01_Raw/RIPLEY/Facturacion/dteproveedor_6014.xml,0,0,NOT_INGESTED
01_Raw/RIPLEY/Facturacion/dteproveedor_6015.xml,0,0,NOT_INGESTED
01_Raw/RIPLEY/Facturacion/dteproveedor_6017.xml,0,0,NOT_INGESTED
01_Raw/RIPLEY/Facturacion/dteproveedor_6050.xml,0,0,NOT_INGESTED
01_Raw/RIPLEY/Facturacion/dteproveedor_6051.xml,0,0,NOT_INGESTED
01_Raw/RIPLEY/Facturacion/dteproveedor_6055.xml,0,0,NOT_INGESTED
01_Raw/RIPLEY/Facturacion/dteproveedor_6056.xml,0,0,NOT_INGESTED
01_Raw/RIPLEY/Facturacion/dteproveedor_6057.xml,0,0,NOT_INGESTED
01_Raw/RIPLEY/Facturacion/dteproveedor_6058.xml,0,0,NOT_INGESTED
01_Raw/RIPLEY/Facturacion/dteproveedor_6059.xml,0,0,NOT_INGESTED
01_Raw/RIPLEY/Facturacion/dteproveedor_6060.xml,0,0,NOT_INGESTED
01_Raw/RIPLEY/Facturacion/dteproveedor_6063.xml,0,0,NOT_INGESTED
01_Raw/RIPLEY/Facturacion/dteproveedor_6065.xml,0,0,NOT_INGESTED
01_Raw/RIPLEY/Facturacion/dteproveedor_6087.xml,0,0,NOT_INGESTED
01_Raw/RIPLEY/Facturacion/dteproveedor_6108.xml,0,0,NOT_INGESTED
01_Raw/RIPLEY/Facturacion/dteproveedor_6109.xml,0,0,NOT_INGESTED
01_Raw/RIPLEY/Facturacion/dteproveedor_6125.xml,0,0,NOT_INGESTED
01_Raw/RIPLEY/Facturacion/dteproveedor_6126.xml,0,0,NOT_INGESTED
01_Raw/RIPLEY/Facturacion/dteproveedor_6127.xml,0,0,NOT_INGESTED
01_Raw/RIPLEY/Facturacion/dteproveedor_6128.xml,0,0,NOT_INGESTED
01_Raw/RIPLEY/Facturacion/dteproveedor_6129.xml,0,0,NOT_INGESTED
01_Raw/RIPLEY/Facturacion/dteproveedor_6137.xml,0,0,NOT_INGESTED
01_Raw/RIPLEY/Facturacion/dteproveedor_6139.xml,0,0,NOT_INGESTED
01_Raw/RIPLEY/Facturacion/dteproveedor_6140.xml,0,0,NOT_INGESTED
01_Raw/RIPLEY/Facturacion/dteproveedor_6141.xml,0,0,NOT_INGESTED
01_Raw/RIPLEY/Facturacion/dteproveedor_6142.xml,0,0,NOT_INGESTED
01_Raw/RIPLEY/Facturacion/dteproveedor_6171.xml,0,0,NOT_INGESTED
01_Raw/RIPLEY/Facturacion/dteproveedor_6172.xml,0,0,NOT_INGESTED
01_Raw/RIPLEY/Facturacion/dteproveedor_6174.xml,0,0,NOT_INGESTED
01_Raw/RIPLEY/Facturacion/dteproveedor_6175.xml,0,0,NOT_INGESTED
01_Raw/RIPLEY/Facturacion/dteproveedor_6195.xml,0,0,NOT_INGESTED
01_Raw/RIPLEY/Facturacion/dteproveedor_6198.xml,0,0,NOT_INGESTED
01_Raw/RIPLEY/Facturacion/dteproveedor_6226.xml,0,0,NOT_INGESTED
01_Raw/RIPLEY/Facturacion/dteproveedor_6227.xml,0,0,NOT_INGESTED
01_Raw/RIPLEY/Facturacion/dteproveedor_6242.xml,0,0,NOT_INGESTED
01_Raw/RIPLEY/Facturacion/dteproveedor_6243.xml,0,0,NOT_INGESTED
01_Raw/RIPLEY/Facturacion/dteproveedor_6244.xml,0,0,NOT_INGESTED
01_Raw/RIPLEY/Facturacion/dteproveedor_6245.xml,0,0,NOT_INGESTED
01_Raw/RIPLEY/Facturacion/dteproveedor_6246.xml,0,0,NOT_INGESTED
01_Raw/RIPLEY/Facturacion/dteproveedor_6257.xml,0,0,NOT_INGESTED
01_Raw/RIPLEY/Facturacion/dteproveedor_6277.xml,0,0,NOT_INGESTED
01_Raw/RIPLEY/Facturacion/dteproveedor_6278.xml,0,0,NOT_INGESTED
01_Raw/RIPLEY/Facturacion/dteproveedor_6297.xml,0,0,NOT_INGESTED
01_Raw/RIPLEY/Facturacion/dteproveedor_6298.xml,0,0,NOT_INGESTED
01_Raw/RIPLEY/Facturacion/dteproveedor_6324.xml,0,0,NOT_INGESTED
01_Raw/RIPLEY/Facturacion/dteproveedor_6326.xml,0,0,NOT_INGESTED
01_Raw/RIPLEY/Facturacion/dteproveedor_6356.xml,0,0,NOT_INGESTED
01_Raw/RIPLEY/Facturacion/dteproveedor_6357.xml,0,0,NOT_INGESTED
01_Raw/RIPLEY/Facturacion/dteproveedor_6364.xml,0,0,NOT_INGESTED
01_Raw/RIPLEY/Facturacion/dteproveedor_6370.xml,0,0,NOT_INGESTED
01_Raw/RIPLEY/Facturacion/dteproveedor_6372.xml,0,0,NOT_INGESTED
01_Raw/RIPLEY/Facturacion/dteproveedor_6396.xml,0,0,NOT_INGESTED
01_Raw/RIPLEY/Facturacion/dteproveedor_6397.xml,0,0,NOT_INGESTED
01_Raw/RIPLEY/Facturacion/dteproveedor_6401.xml,0,0,NOT_INGESTED
01_Raw/RIPLEY/Facturacion/dteproveedor_6406.xml,0,0,NOT_INGESTED
01_Raw/RIPLEY/Facturacion/dteproveedor_6407.xml,0,0,NOT_INGESTED
01_Raw/RIPLEY/Facturacion/dteproveedor_6438.xml,0,0,NOT_INGESTED
01_Raw/RIPLEY/Facturacion/dteproveedor_6439.xml,0,0,NOT_INGESTED
01_Raw/RIPLEY/Facturacion/dteproveedor_6440.xml,0,0,NOT_INGESTED
01_Raw/RIPLEY/Facturacion/dteproveedor_6455.xml,0,0,NOT_INGESTED
01_Raw/RIPLEY/Facturacion/dteproveedor_6456.xml,0,0,NOT_INGESTED
01_Raw/RIPLEY/Facturacion/dteproveedor_6463.xml,0,0,NOT_INGESTED
01_Raw/RIPLEY/Facturacion/dteproveedor_6466.xml,0,0,NOT_INGESTED
01_Raw/RIPLEY/Facturacion/dteproveedor_6469.xml,0,0,NOT_INGESTED
01_Raw/RIPLEY/Facturacion/dteproveedor_6471.xml,0,0,NOT_INGESTED
01_Raw/RIPLEY/Facturacion/dteproveedor_6472.xml,0,0,NOT_INGESTED
01_Raw/RIPLEY/Facturacion/dteproveedor_6492.xml,0,0,NOT_INGESTED
01_Raw/RIPLEY/Facturacion/dteproveedor_6493.xml,0,0,NOT_INGESTED
01_Raw/RIPLEY/Facturacion/dteproveedor_6514.xml,0,0,NOT_INGESTED
01_Raw/RIPLEY/Facturacion/dteproveedor_6520.xml,0,0,NOT_INGESTED
01_Raw/RIPLEY/Facturacion/dteproveedor_6522.xml,0,0,NOT_INGESTED
01_Raw/RIPLEY/Facturacion/dteproveedor_6523.xml,0,0,NOT_INGESTED
01_Raw/RIPLEY/Facturacion/dteproveedor_6524.xml,0,0,NOT_INGESTED
01_Raw/RIPLEY/Facturacion/dteproveedor_6525.xml,0,0,NOT_INGESTED
01_Raw/RIPLEY/Facturacion/dteproveedor_6526.xml,0,0,NOT_INGESTED
01_Raw/RIPLEY/Facturacion/dteproveedor_6527.xml,0,0,NOT_INGESTED
01_Raw/RIPLEY/Facturacion/dteproveedor_6528.xml,0,0,NOT_INGESTED
01_Raw/RIPLEY/Facturacion/dteproveedor_6529.xml,0,0,NOT_INGESTED
01_Raw/RIPLEY/Facturacion/dteproveedor_6547.xml,0,0,NOT_INGESTED
01_Raw/RIPLEY/Facturacion/dteproveedor_6578.xml,0,0,NOT_INGESTED
01_Raw/RIPLEY/Facturacion/dteproveedor_6579.xml,0,0,NOT_INGESTED
01_Raw/RIPLEY/Facturacion/dteproveedor_6585.xml,0,0,NOT_INGESTED
01_Raw/RIPLEY/Facturacion/dteproveedor_6586.xml,0,0,NOT_INGESTED
01_Raw/RIPLEY/Facturacion/dteproveedor_6589.xml,0,0,NOT_INGESTED
01_Raw/RIPLEY/Facturacion/dteproveedor_6591.xml,0,0,NOT_INGESTED
01_Raw/RIPLEY/Facturacion/dteproveedor_6592.xml,0,0,NOT_INGESTED
01_Raw/RIPLEY/Facturacion/dteproveedor_6594.xml,0,0,NOT_INGESTED
01_Raw/RIPLEY/Facturacion/dteproveedor_6621.xml,0,0,NOT_INGESTED
01_Raw/RIPLEY/Facturacion/dteproveedor_6622.xml,0,0,NOT_INGESTED
01_Raw/RIPLEY/Facturacion/dteproveedor_6626.xml,0,0,NOT_INGESTED
01_Raw/RIPLEY/Facturacion/dteproveedor_6627.xml,0,0,NOT_INGESTED
01_Raw/RIPLEY/Facturacion/dteproveedor_6628.xml,0,0,NOT_INGESTED
01_Raw/RIPLEY/Facturacion/dteproveedor_6629.xml,0,0,NOT_INGESTED
01_Raw/RIPLEY/Facturacion/dteproveedor_6630.xml,0,0,NOT_INGESTED
01_Raw/RIPLEY/Facturacion/dteproveedor_6631.xml,0,0,NOT_INGESTED
01_Raw/RIPLEY/Facturacion/dteproveedor_6632.xml,0,0,NOT_INGESTED
01_Raw/RIPLEY/Facturacion/dteproveedor_6633.xml,0,0,NOT_INGESTED
01_Raw/RIPLEY/Facturacion/dteproveedor_6634.xml,0,0,NOT_INGESTED
01_Raw/RIPLEY/Facturacion/dteproveedor_6635.xml,0,0,NOT_INGESTED
01_Raw/RIPLEY/Facturacion/dteproveedor_6636.xml,0,0,NOT_INGESTED
01_Raw/RIPLEY/Facturacion/dteproveedor_6637.xml,0,0,NOT_INGESTED
01_Raw/RIPLEY/Facturacion/dteproveedor_6638.xml,0,0,NOT_INGESTED
01_Raw/RIPLEY/Facturacion/dteproveedor_6639.xml,0,0,NOT_INGESTED
01_Raw/RIPLEY/Facturacion/dteproveedor_6668.xml,0,0,NOT_INGESTED
01_Raw/RIPLEY/Facturacion/dteproveedor_6669.xml,0,0,NOT_INGESTED
01_Raw/RIPLEY/Facturacion/dteproveedor_6670.xml,0,0,NOT_INGESTED
01_Raw/RIPLEY/Facturacion/dteproveedor_6671.xml,0,0,NOT_INGESTED
01_Raw/RIPLEY/Facturacion/dteproveedor_6681.xml,0,0,NOT_INGESTED
01_Raw/RIPLEY/Facturacion/dteproveedor_6682.xml,0,0,NOT_INGESTED
01_Raw/RIPLEY/Facturacion/dteproveedor_6702.xml,0,0,NOT_INGESTED
01_Raw/RIPLEY/Facturacion/dteproveedor_6713.xml,0,0,NOT_INGESTED
01_Raw/RIPLEY/Facturacion/dteproveedor_6717.xml,0,0,NOT_INGESTED
01_Raw/RIPLEY/Facturacion/dteproveedor_6718.xml,0,0,NOT_INGESTED
01_Raw/RIPLEY/Facturacion/dteproveedor_6733.xml,0,0,NOT_INGESTED
01_Raw/RIPLEY/Facturacion/dteproveedor_6734.xml,0,0,NOT_INGESTED
01_Raw/RIPLEY/Facturacion/dteproveedor_6735.xml,0,0,NOT_INGESTED
01_Raw/RIPLEY/Facturacion/dteproveedor_6741.xml,0,0,NOT_INGESTED
01_Raw/RIPLEY/Facturacion/dteproveedor_6742.xml,0,0,NOT_INGESTED
01_Raw/RIPLEY/Facturacion/dteproveedor_6750.xml,0,0,NOT_INGESTED
01_Raw/RIPLEY/Facturacion/dteproveedor_6751.xml,0,0,NOT_INGESTED
01_Raw/RIPLEY/Facturacion/dteproveedor_6768.xml,0,0,NOT_INGESTED
01_Raw/RIPLEY/Facturacion/dteproveedor_6769.xml,0,0,NOT_INGESTED
01_Raw/RIPLEY/Facturacion/dteproveedor_6786.xml,0,0,NOT_INGESTED
01_Raw/RIPLEY/Facturacion/dteproveedor_6787.xml,0,0,NOT_INGESTED
01_Raw/RIPLEY/Facturacion/dteproveedor_6788.xml,0,0,NOT_INGESTED
01_Raw/RIPLEY/Facturacion/dteproveedor_6789.xml,0,0,NOT_INGESTED
01_Raw/RIPLEY/Facturacion/dteproveedor_6790.xml,0,0,NOT_INGESTED
01_Raw/RIPLEY/Facturacion/dteproveedor_6791.xml,0,0,NOT_INGESTED
01_Raw/RIPLEY/Facturacion/dteproveedor_6792.xml,0,0,NOT_INGESTED
01_Raw/RIPLEY/Facturacion/dteproveedor_6793.xml,0,0,NOT_INGESTED
01_Raw/RIPLEY/Facturacion/dteproveedor_6794.xml,0,0,NOT_INGESTED
01_Raw/RIPLEY/Facturacion/dteproveedor_6795.xml,0,0,NOT_INGESTED
01_Raw/RIPLEY/Facturacion/dteproveedor_6796.xml,0,0,NOT_INGESTED
01_Raw/RIPLEY/Facturacion/dteproveedor_6797.xml,0,0,NOT_INGESTED
01_Raw/RIPLEY/Facturacion/dteproveedor_6798.xml,0,0,NOT_INGESTED
01_Raw/RIPLEY/Facturacion/dteproveedor_6799.xml,0,0,NOT_INGESTED
01_Raw/RIPLEY/Facturacion/dteproveedor_6800.xml,0,0,NOT_INGESTED
01_Raw/RIPLEY/Facturacion/dteproveedor_6801.xml,0,0,NOT_INGESTED
01_Raw/RIPLEY/Facturacion/dteproveedor_6802.xml,0,0,NOT_INGESTED
01_Raw/RIPLEY/Facturacion/dteproveedor_6803.xml,0,0,NOT_INGESTED
01_Raw/RIPLEY/Facturacion/dteproveedor_6804.xml,0,0,NOT_INGESTED
01_Raw/RIPLEY/Facturacion/dteproveedor_6816.xml,0,0,NOT_INGESTED
01_Raw/RIPLEY/Facturacion/dteproveedor_6817.xml,0,0,NOT_INGESTED
01_Raw/RIPLEY/Facturacion/dteproveedor_6833.xml,0,0,NOT_INGESTED
01_Raw/RIPLEY/Facturacion/dteproveedor_6860.xml,0,0,NOT_INGESTED
01_Raw/RIPLEY/Facturacion/dteproveedor_6861.xml,0,0,NOT_INGESTED
01_Raw/RIPLEY/Facturacion/dteproveedor_6870.xml,0,0,NOT_INGESTED
01_Raw/RIPLEY/Facturacion/dteproveedor_6878.xml,0,0,NOT_INGESTED
01_Raw/RIPLEY/Facturacion/dteproveedor_6880.xml,0,0,NOT_INGESTED
01_Raw/RIPLEY/Facturacion/dteproveedor_6881.xml,0,0,NOT_INGESTED
01_Raw/RIPLEY/Facturacion/dteproveedor_6898.xml,0,0,NOT_INGESTED
01_Raw/RIPLEY/Facturacion/dteproveedor_6908.xml,0,0,NOT_INGESTED
01_Raw/RIPLEY/Facturacion/dteproveedor_6909.xml,0,0,NOT_INGESTED
01_Raw/RIPLEY/Facturacion/dteproveedor_6924.xml,0,0,NOT_INGESTED
01_Raw/RIPLEY/Facturacion/dteproveedor_6932.xml,0,0,NOT_INGESTED
01_Raw/RIPLEY/Facturacion/dteproveedor_6934.xml,0,0,NOT_INGESTED
01_Raw/RIPLEY/Facturacion/dteproveedor_6935.xml,0,0,NOT_INGESTED
01_Raw/RIPLEY/Facturacion/dteproveedor_6936.xml,0,0,NOT_INGESTED
01_Raw/RIPLEY/Facturacion/dteproveedor_6937.xml,0,0,NOT_INGESTED
01_Raw/RIPLEY/Facturacion/dteproveedor_6938.xml,0,0,NOT_INGESTED
01_Raw/RIPLEY/Facturacion/dteproveedor_6939.xml,0,0,NOT_INGESTED
01_Raw/RIPLEY/Facturacion/dteproveedor_6940.xml,0,0,NOT_INGESTED
01_Raw/RIPLEY/Facturacion/dteproveedor_6942.xml,0,0,NOT_INGESTED
01_Raw/RIPLEY/Facturacion/dteproveedor_6943.xml,0,0,NOT_INGESTED
01_Raw/RIPLEY/Facturacion/dteproveedor_6944.xml,0,0,NOT_INGESTED
01_Raw/RIPLEY/Facturacion/dteproveedor_6945.xml,0,0,NOT_INGESTED
01_Raw/RIPLEY/Facturacion/dteproveedor_6946.xml,0,0,NOT_INGESTED
01_Raw/RIPLEY/Facturacion/dteproveedor_6947.xml,0,0,NOT_INGESTED
01_Raw/RIPLEY/Facturacion/dteproveedor_6948.xml,0,0,NOT_INGESTED
01_Raw/RIPLEY/Facturacion/dteproveedor_6949.xml,0,0,NOT_INGESTED
01_Raw/RIPLEY/Facturacion/dteproveedor_6956.xml,0,0,NOT_INGESTED
01_Raw/RIPLEY/Facturacion/dteproveedor_6957.xml,0,0,NOT_INGESTED
01_Raw/RIPLEY/Facturacion/dteproveedor_6959.xml,0,0,NOT_INGESTED
01_Raw/RIPLEY/Facturacion/dteproveedor_6960.xml,0,0,NOT_INGESTED
01_Raw/RIPLEY/Facturacion/dteproveedor_6970.xml,0,0,NOT_INGESTED
01_Raw/RIPLEY/Facturacion/dteproveedor_6976.xml,0,0,NOT_INGESTED
01_Raw/RIPLEY/Facturacion/dteproveedor_6990.xml,0,0,NOT_INGESTED
01_Raw/RIPLEY/Facturacion/dteproveedor_6994.xml,0,0,NOT_INGESTED
01_Raw/RIPLEY/Facturacion/dteproveedor_6995.xml,0,0,NOT_INGESTED
01_Raw/RIPLEY/Facturacion/dteproveedor_6998.xml,0,0,NOT_INGESTED
01_Raw/RIPLEY/Facturacion/dteproveedor_6999.xml,0,0,NOT_INGESTED
01_Raw/RIPLEY/Facturacion/dteproveedor_7009.xml,0,0,NOT_INGESTED
01_Raw/RIPLEY/Facturacion/dteproveedor_7010.xml,0,0,NOT_INGESTED
01_Raw/RIPLEY/Facturacion/dteproveedor_7011.xml,0,0,NOT_INGESTED
01_Raw/RIPLEY/Facturacion/dteproveedor_7018.xml,0,0,NOT_INGESTED
01_Raw/RIPLEY/Facturacion/dteproveedor_7019.xml,0,0,NOT_INGESTED
01_Raw/RIPLEY/Facturacion/dteproveedor_7020.xml,0,0,NOT_INGESTED
01_Raw/RIPLEY/Facturacion/dteproveedor_7021.xml,0,0,NOT_INGESTED
01_Raw/RIPLEY/Facturacion/dteproveedor_7032.xml,0,0,NOT_INGESTED
01_Raw/RIPLEY/Facturacion/dteproveedor_7035.xml,0,0,NOT_INGESTED
01_Raw/RIPLEY/Facturacion/dteproveedor_7036.xml,0,0,NOT_INGESTED
01_Raw/RIPLEY/Facturacion/dteproveedor_7055.xml,0,0,NOT_INGESTED
01_Raw/RIPLEY/Facturacion/dteproveedor_7056.xml,0,0,NOT_INGESTED
01_Raw/RIPLEY/Facturacion/dteproveedor_7057.xml,0,0,NOT_INGESTED
01_Raw/RIPLEY/Facturacion/dteproveedor_7058.xml,0,0,NOT_INGESTED
01_Raw/RIPLEY/Facturacion/dteproveedor_7059.xml,0,0,NOT_INGESTED
01_Raw/RIPLEY/Facturacion/dteproveedor_7061.xml,0,0,NOT_INGESTED
01_Raw/RIPLEY/Facturacion/dteproveedor_7062.xml,0,0,NOT_INGESTED
01_Raw/RIPLEY/Facturacion/dteproveedor_7063.xml,0,0,NOT_INGESTED
01_Raw/RIPLEY/Facturacion/dteproveedor_7064.xml,0,0,NOT_INGESTED
01_Raw/RIPLEY/Facturacion/dteproveedor_7069.xml,0,0,NOT_INGESTED
01_Raw/RIPLEY/Facturacion/dteproveedor_7073.xml,0,0,NOT_INGESTED
01_Raw/RIPLEY/Facturacion/dteproveedor_7074.xml,0,0,NOT_INGESTED
01_Raw/RIPLEY/Facturacion/dteproveedor_7079.xml,0,0,NOT_INGESTED
01_Raw/RIPLEY/Facturacion/dteproveedor_7080.xml,0,0,NOT_INGESTED
01_Raw/RIPLEY/Facturacion/dteproveedor_7096.xml,0,0,NOT_INGESTED
01_Raw/RIPLEY/Facturacion/dteproveedor_7101.xml,0,0,NOT_INGESTED
01_Raw/RIPLEY/Facturacion/dteproveedor_7102.xml,0,0,NOT_INGESTED
01_Raw/RIPLEY/Facturacion/dteproveedor_7103.xml,0,0,NOT_INGESTED
01_Raw/RIPLEY/Facturacion/dteproveedor_7111.xml,0,0,NOT_INGESTED
01_Raw/RIPLEY/Facturacion/dteproveedor_7112.xml,0,0,NOT_INGESTED
01_Raw/RIPLEY/Facturacion/dteproveedor_7115.xml,0,0,NOT_INGESTED
01_Raw/RIPLEY/Facturacion/dteproveedor_7116.xml,0,0,NOT_INGESTED
01_Raw/RIPLEY/Facturacion/dteproveedor_7117.xml,0,0,NOT_INGESTED
01_Raw/RIPLEY/Facturacion/dteproveedor_7120.xml,0,0,NOT_INGESTED
01_Raw/RIPLEY/Facturacion/dteproveedor_7121.xml,0,0,NOT_INGESTED
01_Raw/RIPLEY/Facturacion/dteproveedor_7123.xml,0,0,NOT_INGESTED
01_Raw/RIPLEY/Facturacion/dteproveedor_7124.xml,0,0,NOT_INGESTED
01_Raw/RIPLEY/Facturacion/dteproveedor_7129.xml,0,0,NOT_INGESTED
01_Raw/RIPLEY/Facturacion/dteproveedor_7130.xml,0,0,NOT_INGESTED
01_Raw/RIPLEY/Facturacion/dteproveedor_7131.xml,0,0,NOT_INGESTED
01_Raw/RIPLEY/Facturacion/dteproveedor_7132.xml,0,0,NOT_INGESTED
01_Raw/RIPLEY/Facturacion/dteproveedor_7133.xml,0,0,NOT_INGESTED
01_Raw/RIPLEY/Facturacion/dteproveedor_7134.xml,0,0,NOT_INGESTED
01_Raw/RIPLEY/Facturacion/dteproveedor_7148.xml,0,0,NOT_INGESTED
01_Raw/RIPLEY/Facturacion/dteproveedor_7149.xml,0,0,NOT_INGESTED
01_Raw/RIPLEY/Facturacion/dteproveedor_7150.xml,0,0,NOT_INGESTED
01_Raw/RIPLEY/Facturacion/dteproveedor_7151.xml,0,0,NOT_INGESTED
01_Raw/RIPLEY/Facturacion/dteproveedor_7159.xml,0,0,NOT_INGESTED
01_Raw/RIPLEY/Facturacion/dteproveedor_7160.xml,0,0,NOT_INGESTED
01_Raw/RIPLEY/Facturacion/dteproveedor_7161.xml,0,0,NOT_INGESTED
01_Raw/RIPLEY/Facturacion/dteproveedor_7162.xml,0,0,NOT_INGESTED
01_Raw/RIPLEY/Facturacion/dteproveedor_7181.xml,0,0,NOT_INGESTED
01_Raw/RIPLEY/Facturacion/dteproveedor_7182.xml,0,0,NOT_INGESTED
01_Raw/RIPLEY/Facturacion/dteproveedor_7183.xml,0,0,NOT_INGESTED
01_Raw/RIPLEY/Facturacion/dteproveedor_7185.xml,0,0,NOT_INGESTED
01_Raw/RIPLEY/Facturacion/dteproveedor_7190.xml,0,0,NOT_INGESTED
01_Raw/RIPLEY/Facturacion/dteproveedor_7191.xml,0,0,NOT_INGESTED
01_Raw/RIPLEY/Facturacion/dteproveedor_7194.xml,0,0,NOT_INGESTED
01_Raw/RIPLEY/Facturacion/dteproveedor_7195.xml,0,0,NOT_INGESTED
01_Raw/RIPLEY/Facturacion/dteproveedor_7196.xml,0,0,NOT_INGESTED
01_Raw/RIPLEY/Facturacion/dteproveedor_7197.xml,0,0,NOT_INGESTED
01_Raw/RIPLEY/Facturacion/dteproveedor_7215.xml,0,0,NOT_INGESTED
01_Raw/RIPLEY/Facturacion/dteproveedor_7220.xml,0,0,NOT_INGESTED
01_Raw/RIPLEY/Facturacion/dteproveedor_7221.xml,0,0,NOT_INGESTED
01_Raw/RIPLEY/Facturacion/dteproveedor_7222.xml,0,0,NOT_INGESTED
01_Raw/RIPLEY/Facturacion/dteproveedor_7224.xml,0,0,NOT_INGESTED
01_Raw/RIPLEY/Facturacion/dteproveedor_7227.xml,0,0,NOT_INGESTED
01_Raw/RIPLEY/Facturacion/dteproveedor_7228.xml,0,0,NOT_INGESTED
01_Raw/RIPLEY/Facturacion/dteproveedor_7229.xml,0,0,NOT_INGESTED
01_Raw/RIPLEY/Facturacion/dteproveedor_7232.xml,0,0,NOT_INGESTED
01_Raw/RIPLEY/Facturacion/dteproveedor_7233.xml,0,0,NOT_INGESTED
01_Raw/RIPLEY/Facturacion/dteproveedor_7236.xml,0,0,NOT_INGESTED
01_Raw/RIPLEY/Facturacion/dteproveedor_7237.xml,0,0,NOT_INGESTED
01_Raw/RIPLEY/Facturacion/dteproveedor_7238.xml,0,0,NOT_INGESTED
01_Raw/RIPLEY/Facturacion/dteproveedor_7239.xml,0,0,NOT_INGESTED
01_Raw/RIPLEY/Facturacion/dteproveedor_7240.xml,0,0,NOT_INGESTED
01_Raw/RIPLEY/Facturacion/dteproveedor_7243.xml,0,0,NOT_INGESTED
01_Raw/RIPLEY/Facturacion/dteproveedor_7250.xml,0,0,NOT_INGESTED
01_Raw/RIPLEY/Facturacion/dteproveedor_7251.xml,0,0,NOT_INGESTED
01_Raw/RIPLEY/Facturacion/dteproveedor_7252.xml,0,0,NOT_INGESTED
01_Raw/RIPLEY/Facturacion/dteproveedor_7253.xml,0,0,NOT_INGESTED
01_Raw/RIPLEY/Facturacion/dteproveedor_7254.xml,0,0,NOT_INGESTED
01_Raw/RIPLEY/Facturacion/dteproveedor_7255.xml,0,0,NOT_INGESTED
01_Raw/RIPLEY/Facturacion/dteproveedor_7258.xml,0,0,NOT_INGESTED
01_Raw/RIPLEY/Facturacion/dteproveedor_7259.xml,0,0,NOT_INGESTED
01_Raw/RIPLEY/Facturacion/dteproveedor_7260.xml,0,0,NOT_INGESTED
01_Raw/RIPLEY/Facturacion/dteproveedor_7261.xml,0,0,NOT_INGESTED
01_Raw/RIPLEY/Facturacion/dteproveedor_7266.xml,0,0,NOT_INGESTED
01_Raw/RIPLEY/Facturacion/dteproveedor_7267.xml,0,0,NOT_INGESTED
01_Raw/RIPLEY/Facturacion/dteproveedor_7268.xml,0,0,NOT_INGESTED
01_Raw/RIPLEY/Facturacion/dteproveedor_7269.xml,0,0,NOT_INGESTED
01_Raw/RIPLEY/Facturacion/dteproveedor_7270.xml,0,0,NOT_INGESTED
01_Raw/RIPLEY/Facturacion/dteproveedor_7271.xml,0,0,NOT_INGESTED
01_Raw/RIPLEY/Facturacion/dteproveedor_7272.xml,0,0,NOT_INGESTED
01_Raw/RIPLEY/Facturacion/dteproveedor_7273.xml,0,0,NOT_INGESTED
01_Raw/RIPLEY/Facturacion/dteproveedor_7274.xml,0,0,NOT_INGESTED
01_Raw/RIPLEY/Facturacion/dteproveedor_7280.xml,0,0,NOT_INGESTED
01_Raw/RIPLEY/Facturacion/dteproveedor_7289.xml,0,0,NOT_INGESTED
01_Raw/RIPLEY/Facturacion/dteproveedor_7290.xml,0,0,NOT_INGESTED
01_Raw/RIPLEY/Facturacion/dteproveedor_7291.xml,0,0,NOT_INGESTED
01_Raw/RIPLEY/Facturacion/dteproveedor_7292.xml,0,0,NOT_INGESTED
01_Raw/RIPLEY/Facturacion/dteproveedor_7293.xml,0,0,NOT_INGESTED
01_Raw/RIPLEY/Facturacion/dteproveedor_7294.xml,0,0,NOT_INGESTED
01_Raw/RIPLEY/Facturacion/dteproveedor_7295.xml,0,0,NOT_INGESTED
01_Raw/RIPLEY/Facturacion/dteproveedor_7296.xml,0,0,NOT_INGESTED
01_Raw/RIPLEY/Facturacion/dteproveedor_7320.xml,0,0,NOT_INGESTED
01_Raw/RIPLEY/Facturacion/dteproveedor_7321.xml,0,0,NOT_INGESTED
01_Raw/RIPLEY/Facturacion/dteproveedor_7322.xml,0,0,NOT_INGESTED
01_Raw/RIPLEY/Facturacion/dteproveedor_7323.xml,0,0,NOT_INGESTED
01_Raw/RIPLEY/Facturacion/dteproveedor_7333.xml,0,0,NOT_INGESTED
01_Raw/RIPLEY/Facturacion/dteproveedor_7335.xml,0,0,NOT_INGESTED
01_Raw/RIPLEY/Facturacion/dteproveedor_7340.xml,0,0,NOT_INGESTED
01_Raw/RIPLEY/Facturacion/dteproveedor_7341.xml,0,0,NOT_INGESTED
01_Raw/RIPLEY/Facturacion/dteproveedor_7362.xml,0,0,NOT_INGESTED
01_Raw/RIPLEY/Facturacion/dteproveedor_7363.xml,0,0,NOT_INGESTED
01_Raw/RIPLEY/Facturacion/dteproveedor_7364.xml,0,0,NOT_INGESTED
01_Raw/RIPLEY/Facturacion/dteproveedor_7365.xml,0,0,NOT_INGESTED
01_Raw/RIPLEY/Facturacion/dteproveedor_7366.xml,0,0,NOT_INGESTED
01_Raw/RIPLEY/Facturacion/dteproveedor_7369.xml,0,0,NOT_INGESTED
01_Raw/RIPLEY/Facturacion/dteproveedor_7370.xml,0,0,NOT_INGESTED
01_Raw/RIPLEY/Facturacion/dteproveedor_7371.xml,0,0,NOT_INGESTED
01_Raw/RIPLEY/Facturacion/dteproveedor_7372.xml,0,0,NOT_INGESTED
01_Raw/RIPLEY/Facturacion/dteproveedor_7373.xml,0,0,NOT_INGESTED
01_Raw/RIPLEY/Facturacion/dteproveedor_7382.xml,0,0,NOT_INGESTED
01_Raw/RIPLEY/Facturacion/dteproveedor_7383.xml,0,0,NOT_INGESTED
01_Raw/RIPLEY/Facturacion/dteproveedor_7384.xml,0,0,NOT_INGESTED
01_Raw/RIPLEY/Facturacion/dteproveedor_7385.xml,0,0,NOT_INGESTED
01_Raw/RIPLEY/Facturacion/dteproveedor_7386.xml,0,0,NOT_INGESTED
01_Raw/RIPLEY/Facturacion/dteproveedor_7387.xml,0,0,NOT_INGESTED
01_Raw/RIPLEY/Facturacion/dteproveedor_7388.xml,0,0,NOT_INGESTED
01_Raw/RIPLEY/Facturacion/dteproveedor_7391.xml,0,0,NOT_INGESTED
01_Raw/RIPLEY/Facturacion/dteproveedor_7392.xml,0,0,NOT_INGESTED
01_Raw/RIPLEY/Facturacion/dteproveedor_7393.xml,0,0,NOT_INGESTED
01_Raw/RIPLEY/Facturacion/dteproveedor_7394.xml,0,0,NOT_INGESTED
01_Raw/RIPLEY/Facturacion/dteproveedor_7396.xml,0,0,NOT_INGESTED
01_Raw/RIPLEY/Facturacion/dteproveedor_7397.xml,0,0,NOT_INGESTED
01_Raw/RIPLEY/Facturacion/dteproveedor_7398.xml,0,0,NOT_INGESTED
01_Raw/RIPLEY/Facturacion/dteproveedor_7399.xml,0,0,NOT_INGESTED
01_Raw/RIPLEY/Facturacion/dteproveedor_7409.xml,0,0,NOT_INGESTED
01_Raw/RIPLEY/Facturacion/dteproveedor_7410.xml,0,0,NOT_INGESTED
01_Raw/RIPLEY/Facturacion/dteproveedor_7411.xml,0,0,NOT_INGESTED
01_Raw/RIPLEY/Facturacion/dteproveedor_7413.xml,0,0,NOT_INGESTED
01_Raw/RIPLEY/Facturacion/dteproveedor_7426.xml,0,0,NOT_INGESTED
01_Raw/RIPLEY/Facturacion/dteproveedor_7427.xml,0,0,NOT_INGESTED
01_Raw/RIPLEY/Facturacion/dteproveedor_7428.xml,0,0,NOT_INGESTED
01_Raw/RIPLEY/Facturacion/dteproveedor_7429.xml,0,0,NOT_INGESTED
01_Raw/RIPLEY/Facturacion/dteproveedor_7455.xml,0,0,NOT_INGESTED
01_Raw/RIPLEY/Facturacion/dteproveedor_7456.xml,0,0,NOT_INGESTED
01_Raw/RIPLEY/Facturacion/dteproveedor_7459.xml,0,0,NOT_INGESTED
01_Raw/RIPLEY/Facturacion/dteproveedor_7464.xml,0,0,NOT_INGESTED
01_Raw/RIPLEY/Facturacion/dteproveedor_7467.xml,0,0,NOT_INGESTED
01_Raw/RIPLEY/Facturacion/dteproveedor_7469.xml,0,0,NOT_INGESTED
01_Raw/RIPLEY/Facturacion/dteproveedor_7470.xml,0,0,NOT_INGESTED
01_Raw/RIPLEY/Facturacion/dteproveedor_7472.xml,0,0,NOT_INGESTED
01_Raw/RIPLEY/Facturacion/dteproveedor_7473.xml,0,0,NOT_INGESTED
01_Raw/RIPLEY/Facturacion/dteproveedor_7474.xml,0,0,NOT_INGESTED
01_Raw/RIPLEY/Facturacion/dteproveedor_7475.xml,0,0,NOT_INGESTED
01_Raw/RIPLEY/Facturacion/dteproveedor_7496.xml,0,0,NOT_INGESTED
01_Raw/RIPLEY/Facturacion/dteproveedor_7497.xml,0,0,NOT_INGESTED
01_Raw/RIPLEY/Facturacion/dteproveedor_7498.xml,0,0,NOT_INGESTED
01_Raw/RIPLEY/Facturacion/dteproveedor_7501.xml,0,0,NOT_INGESTED
01_Raw/RIPLEY/Facturacion/dteproveedor_7511.xml,0,0,NOT_INGESTED
01_Raw/RIPLEY/Facturacion/dteproveedor_7512.xml,0,0,NOT_INGESTED
01_Raw/RIPLEY/Facturacion/dteproveedor_7515.xml,0,0,NOT_INGESTED
01_Raw/RIPLEY/Facturacion/dteproveedor_7516.xml,0,0,NOT_INGESTED
01_Raw/RIPLEY/Facturacion/dteproveedor_7520.xml,0,0,NOT_INGESTED
01_Raw/RIPLEY/Facturacion/dteproveedor_7521.xml,0,0,NOT_INGESTED
01_Raw/RIPLEY/Facturacion/dteproveedor_7522.xml,0,0,NOT_INGESTED
01_Raw/RIPLEY/Facturacion/dteproveedor_7523.xml,0,0,NOT_INGESTED
01_Raw/RIPLEY/Facturacion/dteproveedor_7530.xml,0,0,NOT_INGESTED
01_Raw/RIPLEY/Facturacion/dteproveedor_7531.xml,0,0,NOT_INGESTED
01_Raw/RIPLEY/Facturacion/dteproveedor_7532.xml,0,0,NOT_INGESTED
01_Raw/RIPLEY/Facturacion/dteproveedor_7537.xml,0,0,NOT_INGESTED
01_Raw/RIPLEY/Facturacion/dteproveedor_7538.xml,0,0,NOT_INGESTED
01_Raw/RIPLEY/Facturacion/dteproveedor_7539.xml,0,0,NOT_INGESTED
01_Raw/RIPLEY/Facturacion/dteproveedor_7540.xml,0,0,NOT_INGESTED
01_Raw/RIPLEY/Facturacion/dteproveedor_7541.xml,0,0,NOT_INGESTED
01_Raw/RIPLEY/Facturacion/dteproveedor_7542.xml,0,0,NOT_INGESTED
01_Raw/RIPLEY/Facturacion/dteproveedor_7543.xml,0,0,NOT_INGESTED
01_Raw/RIPLEY/Facturacion/dteproveedor_7544.xml,0,0,NOT_INGESTED
01_Raw/RIPLEY/Facturacion/dteproveedor_7545.xml,0,0,NOT_INGESTED
01_Raw/RIPLEY/Facturacion/dteproveedor_7546.xml,0,0,NOT_INGESTED
01_Raw/RIPLEY/Facturacion/dteproveedor_7547.xml,0,0,NOT_INGESTED
01_Raw/RIPLEY/Facturacion/dteproveedor_7548.xml,0,0,NOT_INGESTED
01_Raw/RIPLEY/Facturacion/dteproveedor_7549.xml,0,0,NOT_INGESTED
01_Raw/RIPLEY/Facturacion/dteproveedor_7554.xml,0,0,NOT_INGESTED
01_Raw/RIPLEY/Facturacion/dteproveedor_7555.xml,0,0,NOT_INGESTED
01_Raw/RIPLEY/Facturacion/dteproveedor_7556.xml,0,0,NOT_INGESTED
01_Raw/RIPLEY/Facturacion/dteproveedor_7557.xml,0,0,NOT_INGESTED
01_Raw/RIPLEY/Facturacion/dteproveedor_7558.xml,0,0,NOT_INGESTED
01_Raw/RIPLEY/Facturacion/dteproveedor_7587.xml,0,0,NOT_INGESTED
01_Raw/RIPLEY/Facturacion/dteproveedor_7588.xml,0,0,NOT_INGESTED
01_Raw/RIPLEY/Facturacion/dteproveedor_7589.xml,0,0,NOT_INGESTED
01_Raw/RIPLEY/Facturacion/dteproveedor_7607.xml,0,0,NOT_INGESTED
01_Raw/RIPLEY/Fulfillment by Ripley/000001_ff_2815.csv,63,0,NOT_INGESTED
01_Raw/RIPLEY/Fulfillment by Ripley/000002_ff_2815.csv,205,0,NOT_INGESTED
01_Raw/RIPLEY/Fulfillment by Ripley/000003_ff_2815.csv,220,0,NOT_INGESTED
01_Raw/RIPLEY/Fulfillment by Ripley/000004_ff_2815.csv,146,0,NOT_INGESTED
01_Raw/RIPLEY/Fulfillment by Ripley/000005_ff_2815.csv,99,0,NOT_INGESTED
01_Raw/RIPLEY/Fulfillment by Ripley/000006_ff_2815.csv,28,0,NOT_INGESTED
01_Raw/RIPLEY/Fulfillment by Ripley/000007_ff_2815.csv,95,0,NOT_INGESTED
01_Raw/RIPLEY/Fulfillment by Ripley/000008_ff_2815.csv,51,0,NOT_INGESTED
01_Raw/RIPLEY/Fulfillment by Ripley/000009_ff_2815.csv,28,0,NOT_INGESTED
01_Raw/RIPLEY/Fulfillment by Ripley/000010_ff_2815.csv,16,0,NOT_INGESTED
01_Raw/RIPLEY/Fulfillment by Ripley/000011_ff_2815.csv,22,0,NOT_INGESTED
01_Raw/RIPLEY/Fulfillment by Ripley/000012_ff_2815.csv,29,0,NOT_INGESTED
01_Raw/RIPLEY/Fulfillment by Ripley/000013_ff_2815.csv,20,0,NOT_INGESTED
01_Raw/RIPLEY/Fulfillment by Ripley/000014_ff_2815.csv,36,0,NOT_INGESTED
01_Raw/RIPLEY/Fulfillment by Ripley/000015_ff_2815.csv,5,0,NOT_INGESTED
01_Raw/RIPLEY/Fulfillment by Ripley/000016_ff_2815.csv,21,0,NOT_INGESTED
01_Raw/RIPLEY/Fulfillment by Ripley/000017_ff_2815.csv,54,0,NOT_INGESTED
01_Raw/RIPLEY/Fulfillment by Ripley/000018_ff_2815.csv,65,0,NOT_INGESTED
01_Raw/RIPLEY/Fulfillment by Ripley/000019_ff_2815.csv,36,0,NOT_INGESTED
01_Raw/RIPLEY/Fulfillment by Ripley/000020_ff_2815.csv,24,0,NOT_INGESTED
01_Raw/RIPLEY/Fulfillment by Ripley/000021_ff_2815.csv,18,0,NOT_INGESTED
01_Raw/RIPLEY/Fulfillment by Ripley/000022_ff_2815.csv,44,0,NOT_INGESTED
01_Raw/RIPLEY/Fulfillment by Ripley/000023_ff_2815.csv,25,0,NOT_INGESTED
01_Raw/RIPLEY/Fulfillment by Ripley/000024_ff_2815.csv,23,0,NOT_INGESTED
01_Raw/RIPLEY/Fulfillment by Ripley/000025_ff_2815.csv,7,0,NOT_INGESTED
01_Raw/RIPLEY/Fulfillment by Ripley/000026_ff_2815.csv,19,0,NOT_INGESTED
01_Raw/RIPLEY/Fulfillment by Ripley/000027_ff_2815.csv,39,0,NOT_INGESTED
01_Raw/RIPLEY/Fulfillment by Ripley/000028_ff_2815.csv,36,0,NOT_INGESTED
01_Raw/RIPLEY/Fulfillment by Ripley/000029_ff_2815.csv,25,0,NOT_INGESTED
01_Raw/RIPLEY/Fulfillment by Ripley/000030_ff_2815.csv,6,0,NOT_INGESTED
01_Raw/RIPLEY/Fulfillment by Ripley/000031_ff_2815.csv,79,0,NOT_INGESTED
01_Raw/RIPLEY/Fulfillment by Ripley/000032_ff_2815.csv,20,0,NOT_INGESTED
01_Raw/RIPLEY/Fulfillment by Ripley/000033_ff_2815.csv,6,0,NOT_INGESTED
01_Raw/RIPLEY/Fulfillment by Ripley/000034_ff_2815.csv,12,0,NOT_INGESTED
01_Raw/RIPLEY/Fulfillment by Ripley/000035_ff_2815.csv,9,0,NOT_INGESTED
01_Raw/RIPLEY/Fulfillment by Ripley/000036_ff_2815.csv,8,0,NOT_INGESTED
01_Raw/RIPLEY/Fulfillment by Seller/000312-2815.xlsx,897,655,PARTIALLY_INGESTED
01_Raw/RIPLEY/Fulfillment by Seller/000314-2815.xlsx,525,2159,PARTIALLY_INGESTED
01_Raw/RIPLEY/Fulfillment by Seller/000316-2815.xlsx,461,2267,PARTIALLY_INGESTED
01_Raw/RIPLEY/Fulfillment by Seller/000318-2815.xlsx,301,1384,PARTIALLY_INGESTED
01_Raw/RIPLEY/Fulfillment by Seller/000320-2815.xlsx,254,1193,PARTIALLY_INGESTED
01_Raw/RIPLEY/Fulfillment by Seller/000322-2815.xlsx,295,1390,PARTIALLY_INGESTED
01_Raw/RIPLEY/Fulfillment by Seller/000324-2815.xlsx,671,3382,PARTIALLY_INGESTED
01_Raw/RIPLEY/Fulfillment by Seller/000326-2815.xlsx,529,2200,PARTIALLY_INGESTED
01_Raw/RIPLEY/Fulfillment by Seller/000328-2815.xlsx,455,2343,PARTIALLY_INGESTED
01_Raw/RIPLEY/Fulfillment by Seller/000330-2815.xlsx,320,1350,PARTIALLY_INGESTED
01_Raw/RIPLEY/Fulfillment by Seller/000332-2815.xlsx,626,2896,PARTIALLY_INGESTED
01_Raw/RIPLEY/Fulfillment by Seller/000334-2815.xlsx,349,1533,PARTIALLY_INGESTED
01_Raw/RIPLEY/Fulfillment by Seller/000336-2815.xlsx,482,2377,PARTIALLY_INGESTED
01_Raw/RIPLEY/Fulfillment by Seller/000338-2815.xlsx,472,2233,PARTIALLY_INGESTED
01_Raw/RIPLEY/Fulfillment by Seller/000340-2815.xlsx,521,2582,PARTIALLY_INGESTED
01_Raw/RIPLEY/Fulfillment by Seller/000342-2815.xlsx,707,1529,PARTIALLY_INGESTED
01_Raw/RIPLEY/Fulfillment by Seller/000344-2815.xlsx,458,2181,PARTIALLY_INGESTED
01_Raw/RIPLEY/Fulfillment by Seller/000346-2815.xlsx,268,1060,PARTIALLY_INGESTED
01_Raw/RIPLEY/Fulfillment by Seller/000348-2815.xlsx,722,2383,PARTIALLY_INGESTED
01_Raw/RIPLEY/Fulfillment by Seller/000350-2815.xlsx,523,2395,PARTIALLY_INGESTED
01_Raw/RIPLEY/Fulfillment by Seller/000352-2815.xlsx,422,1738,PARTIALLY_INGESTED
01_Raw/RIPLEY/Fulfillment by Seller/000353-2815.xlsx,238,1047,PARTIALLY_INGESTED
01_Raw/RIPLEY/Fulfillment by Seller/000354-2815.xlsx,477,1225,PARTIALLY_INGESTED
01_Raw/RIPLEY/Fulfillment by Seller/000355-2815.xlsx,353,1527,PARTIALLY_INGESTED
01_Raw/RIPLEY/Fulfillment by Seller/000356-2815.xlsx,850,2289,PARTIALLY_INGESTED
01_Raw/RIPLEY/Fulfillment by Seller/000357-2815.xlsx,291,1207,PARTIALLY_INGESTED
01_Raw/RIPLEY/Fulfillment by Seller/000358-2815.xlsx,566,1130,PARTIALLY_INGESTED
01_Raw/RIPLEY/Fulfillment by Seller/000359-2815.xlsx,112,460,PARTIALLY_INGESTED
01_Raw/RIPLEY/Fulfillment by Seller/000360-2815.xlsx,224,851,PARTIALLY_INGESTED
01_Raw/RIPLEY/Fulfillment by Seller/000361-2815.xlsx,182,655,PARTIALLY_INGESTED
01_Raw/RIPLEY/Fulfillment by Seller/000362-2815.xlsx,179,562,PARTIALLY_INGESTED
01_Raw/RIPLEY/Fulfillment by Seller/000363-2815.xlsx,193,699,PARTIALLY_INGESTED
01_Raw/RIPLEY/Fulfillment by Seller/000364-2815.xlsx,235,734,PARTIALLY_INGESTED
01_Raw/RIPLEY/Fulfillment by Seller/000365-2815.xlsx,121,316,PARTIALLY_INGESTED
01_Raw/RIPLEY/Fulfillment by Seller/000366-2815.xlsx,159,530,PARTIALLY_INGESTED
01_Raw/RIPLEY/Fulfillment by Seller/000367-2815.xlsx,147,383,PARTIALLY_INGESTED
01_Raw/RIPLEY/Fulfillment by Seller/000368-2815.xlsx,238,793,PARTIALLY_INGESTED
01_Raw/RIPLEY/Fulfillment by Seller/000369-2815.xlsx,225,703,PARTIALLY_INGESTED
01_Raw/RIPLEY/Fulfillment by Seller/000370-2815.xlsx,225,818,PARTIALLY_INGESTED
01_Raw/RIPLEY/Fulfillment by Seller/000371-2815.xlsx,294,1067,PARTIALLY_INGESTED
01_Raw/RIPLEY/Fulfillment by Seller/000372-2815.xlsx,323,1216,PARTIALLY_INGESTED
01_Raw/RIPLEY/Fulfillment by Seller/000374-2815.xlsx,233,829,PARTIALLY_INGESTED
01_Raw/RIPLEY/Fulfillment by Seller/000375-2815.xlsx,157,355,PARTIALLY_INGESTED
01_Raw/RIPLEY/Fulfillment by Seller/000376-2815.xlsx,227,706,PARTIALLY_INGESTED
01_Raw/RIPLEY/Fulfillment by Seller/000377-2815.xlsx,215,594,PARTIALLY_INGESTED
01_Raw/RIPLEY/Fulfillment by Seller/000378-2815.xlsx,201,576,PARTIALLY_INGESTED
01_Raw/RIPLEY/Fulfillment by Seller/000379-2815.xlsx,553,1047,PARTIALLY_INGESTED
01_Raw/RIPLEY/Fulfillment by Seller/000380-2815.xlsx,437,1672,PARTIALLY_INGESTED
01_Raw/RIPLEY/Fulfillment by Seller/000381-2815.xlsx,262,804,PARTIALLY_INGESTED
01_Raw/RIPLEY/Fulfillment by Seller/000382-2815.xlsx,233,721,PARTIALLY_INGESTED
01_Raw/RIPLEY/Fulfillment by Seller/000383-2815.xlsx,270,770,PARTIALLY_INGESTED
01_Raw/RIPLEY/Historial de transacciones/Abr-2026.csv,6233,0,NOT_INGESTED
01_Raw/RIPLEY/Historial de transacciones/Ene-2026.csv,5700,0,NOT_INGESTED
01_Raw/RIPLEY/Historial de transacciones/Ene-Jun-2025.csv,42473,0,NOT_INGESTED
01_Raw/RIPLEY/Historial de transacciones/Feb-2026.csv,4508,0,NOT_INGESTED
01_Raw/RIPLEY/Historial de transacciones/Jul-Dic-2025.csv,51246,0,NOT_INGESTED
01_Raw/RIPLEY/Historial de transacciones/Jun-2026.csv,8844,0,NOT_INGESTED
01_Raw/RIPLEY/Historial de transacciones/Mar-2026.csv,6925,0,NOT_INGESTED
01_Raw/RIPLEY/Historial de transacciones/May-2026.csv,4973,0,NOT_INGESTED
01_Raw/RIPLEY/Mis extractos/05-01-2026 - 13-01-2026.csv,319,0,NOT_INGESTED
01_Raw/RIPLEY/Mis extractos/05-02-2026 - 13-02-2026.csv,280,0,NOT_INGESTED
01_Raw/RIPLEY/Mis extractos/05-03-2026 - 13-03-2026.csv,230,0,NOT_INGESTED
01_Raw/RIPLEY/Mis extractos/05-04-2026 - 13-04-2026.csv,353,0,NOT_INGESTED
01_Raw/RIPLEY/Mis extractos/05-05-2026 - 13-05-2026.csv,201,0,NOT_INGESTED
01_Raw/RIPLEY/Mis extractos/05-06-2026 - 13-06-2026.csv,504,0,NOT_INGESTED
01_Raw/RIPLEY/Mis extractos/05-12-2025 - 13-12-2025.csv,750,0,NOT_INGESTED
01_Raw/RIPLEY/Mis extractos/13-01-2025 - 28-01-2025.csv,645,0,NOT_INGESTED
01_Raw/RIPLEY/Mis extractos/13-01-2026 - 20-01-2026.csv,224,0,NOT_INGESTED
01_Raw/RIPLEY/Mis extractos/13-02-2025 - 28-02-2025.csv,378,0,NOT_INGESTED
01_Raw/RIPLEY/Mis extractos/13-02-2026 - 20-02-2026.csv,102,0,NOT_INGESTED
01_Raw/RIPLEY/Mis extractos/13-03-2025 - 28-03-2025.csv,366,0,NOT_INGESTED
01_Raw/RIPLEY/Mis extractos/13-03-2026 - 20-03-2026.csv,254,0,NOT_INGESTED
01_Raw/RIPLEY/Mis extractos/13-04-2025 - 28-04-2025.csv,654,0,NOT_INGESTED
01_Raw/RIPLEY/Mis extractos/13-04-2026 - 20-04-2026.csv,213,0,NOT_INGESTED
01_Raw/RIPLEY/Mis extractos/13-05-2025 - 28-05-2025.csv,407,0,NOT_INGESTED
01_Raw/RIPLEY/Mis extractos/13-05-2026 - 20-05-2026.csv,190,0,NOT_INGESTED
01_Raw/RIPLEY/Mis extractos/13-06-2025 - 28-06-2025.csv,462,0,NOT_INGESTED
01_Raw/RIPLEY/Mis extractos/13-06-2026 - 20-06-2026.csv,213,0,NOT_INGESTED
01_Raw/RIPLEY/Mis extractos/13-07-2025 - 28-07-2025.csv,512,0,NOT_INGESTED
01_Raw/RIPLEY/Mis extractos/13-08-2025 - 28-08-2025.csv,404,0,NOT_INGESTED
01_Raw/RIPLEY/Mis extractos/13-09-2025 - 28-09-2025.csv,240,0,NOT_INGESTED
01_Raw/RIPLEY/Mis extractos/13-10-2025 - 28-10-2025.csv,700,0,NOT_INGESTED
01_Raw/RIPLEY/Mis extractos/13-11-2025 - 20-11-2025.csv,331,0,NOT_INGESTED
01_Raw/RIPLEY/Mis extractos/13-12-2025 - 20-12-2025.csv,462,0,NOT_INGESTED
01_Raw/RIPLEY/Mis extractos/20-01-2026 - 28-01-2026.csv,181,0,NOT_INGESTED
01_Raw/RIPLEY/Mis extractos/20-02-2026 - 28-02-2026.csv,150,0,NOT_INGESTED
01_Raw/RIPLEY/Mis extractos/20-03-2026 - 28-03-2026.csv,263,0,NOT_INGESTED
01_Raw/RIPLEY/Mis extractos/20-04-2026 - 28-04-2026.csv,261,0,NOT_INGESTED
01_Raw/RIPLEY/Mis extractos/20-05-2026 - 28-05-2026.csv,181,0,NOT_INGESTED
01_Raw/RIPLEY/Mis extractos/20-06-2026 - 28-06-2026.csv,192,0,NOT_INGESTED
01_Raw/RIPLEY/Mis extractos/20-11-2025 - 28-11-2025.csv,327,0,NOT_INGESTED
01_Raw/RIPLEY/Mis extractos/20-12-2025 - 28-12-2025.csv,331,0,NOT_INGESTED
01_Raw/RIPLEY/Mis extractos/28-01-2025 - 13-02-2025.csv,567,0,NOT_INGESTED
01_Raw/RIPLEY/Mis extractos/28-01-2026 - 05-02-2026.csv,213,0,NOT_INGESTED
01_Raw/RIPLEY/Mis extractos/28-02-2025 - 13-03-2025.csv,324,0,NOT_INGESTED
01_Raw/RIPLEY/Mis extractos/28-02-2026 - 05-03-2026.csv,127,0,NOT_INGESTED
01_Raw/RIPLEY/Mis extractos/28-03-2025 - 13-04-2025.csv,812,0,NOT_INGESTED
01_Raw/RIPLEY/Mis extractos/28-03-2026 - 05-04-2026.csv,332,0,NOT_INGESTED
01_Raw/RIPLEY/Mis extractos/28-04-2025 - 13-05-2025.csv,507,0,NOT_INGESTED
01_Raw/RIPLEY/Mis extractos/28-04-2026 - 05-05-2026.csv,114,0,NOT_INGESTED
01_Raw/RIPLEY/Mis extractos/28-05-2025 - 13-06-2025.csv,755,0,NOT_INGESTED
01_Raw/RIPLEY/Mis extractos/28-05-2026 - 05-06-2026.csv,279,0,NOT_INGESTED
01_Raw/RIPLEY/Mis extractos/28-06-2025 - 13-07-2025.csv,579,0,NOT_INGESTED
01_Raw/RIPLEY/Mis extractos/28-06-2026 - 05-07-2026.csv,224,0,NOT_INGESTED
01_Raw/RIPLEY/Mis extractos/28-07-2025 - 13-08-2025.csv,564,0,NOT_INGESTED
01_Raw/RIPLEY/Mis extractos/28-08-2025 - 13-09-2025.csv,467,0,NOT_INGESTED
01_Raw/RIPLEY/Mis extractos/28-09-2025 - 13-10-2025.csv,590,0,NOT_INGESTED
01_Raw/RIPLEY/Mis extractos/28-10-2025 - 13-11-2025.csv,506,0,NOT_INGESTED
01_Raw/RIPLEY/Mis extractos/28-11-2025 - 05-12-2025.csv,588,0,NOT_INGESTED
01_Raw/RIPLEY/Mis extractos/28-12-2024 - 13-01-2025.csv,945,0,NOT_INGESTED
01_Raw/RIPLEY/Mis extractos/28-12-2025 - 05-01-2026.csv,240,0,NOT_INGESTED
01_Raw/PARIS/Facturacion/dteproveedor_5372.xml,0,0,FULLY_INGESTED
01_Raw/PARIS/Facturacion/dteproveedor_5383.xml,0,0,FULLY_INGESTED
01_Raw/PARIS/Facturacion/dteproveedor_5403.xml,0,0,FULLY_INGESTED
01_Raw/PARIS/Facturacion/dteproveedor_5428.xml,0,0,FULLY_INGESTED
01_Raw/PARIS/Facturacion/dteproveedor_5432.xml,0,0,FULLY_INGESTED
01_Raw/PARIS/Facturacion/dteproveedor_5472.xml,0,0,FULLY_INGESTED
01_Raw/PARIS/Facturacion/dteproveedor_5515.xml,0,0,FULLY_INGESTED
01_Raw/PARIS/Facturacion/dteproveedor_5570.xml,0,0,FULLY_INGESTED
01_Raw/PARIS/Facturacion/dteproveedor_5590.xml,0,0,FULLY_INGESTED
01_Raw/PARIS/Facturacion/dteproveedor_5608.xml,0,0,FULLY_INGESTED
01_Raw/PARIS/Facturacion/dteproveedor_5609.xml,0,0,FULLY_INGESTED
01_Raw/PARIS/Facturacion/dteproveedor_5610.xml,0,0,FULLY_INGESTED
01_Raw/PARIS/Facturacion/dteproveedor_5694.xml,0,0,FULLY_INGESTED
01_Raw/PARIS/Facturacion/dteproveedor_5698.xml,0,0,FULLY_INGESTED
01_Raw/PARIS/Facturacion/dteproveedor_5702.xml,0,0,FULLY_INGESTED
01_Raw/PARIS/Facturacion/dteproveedor_5829.xml,0,0,FULLY_INGESTED
01_Raw/PARIS/Facturacion/dteproveedor_5836.xml,0,0,FULLY_INGESTED
01_Raw/PARIS/Facturacion/dteproveedor_5921.xml,0,0,FULLY_INGESTED
01_Raw/PARIS/Facturacion/dteproveedor_5931.xml,0,0,FULLY_INGESTED
01_Raw/PARIS/Facturacion/dteproveedor_6025.xml,0,0,FULLY_INGESTED
01_Raw/PARIS/Facturacion/dteproveedor_6030.xml,0,0,FULLY_INGESTED
01_Raw/PARIS/Facturacion/dteproveedor_6038.xml,0,0,FULLY_INGESTED
01_Raw/PARIS/Facturacion/dteproveedor_6143.xml,0,0,FULLY_INGESTED
01_Raw/PARIS/Facturacion/dteproveedor_6155.xml,0,0,FULLY_INGESTED
01_Raw/PARIS/Facturacion/dteproveedor_6170.xml,0,0,FULLY_INGESTED
01_Raw/PARIS/Facturacion/dteproveedor_6263.xml,0,0,FULLY_INGESTED
01_Raw/PARIS/Facturacion/dteproveedor_6269.xml,0,0,FULLY_INGESTED
01_Raw/PARIS/Facturacion/dteproveedor_6280.xml,0,0,FULLY_INGESTED
01_Raw/PARIS/Facturacion/dteproveedor_6376.xml,0,0,FULLY_INGESTED
01_Raw/PARIS/Facturacion/dteproveedor_6390.xml,0,0,FULLY_INGESTED
01_Raw/PARIS/Facturacion/dteproveedor_6408.xml,0,0,FULLY_INGESTED
01_Raw/PARIS/Facturacion/dteproveedor_6483.xml,0,0,FULLY_INGESTED
01_Raw/PARIS/Facturacion/dteproveedor_6501.xml,0,0,FULLY_INGESTED
01_Raw/PARIS/Facturacion/dteproveedor_6512.xml,0,0,FULLY_INGESTED
01_Raw/PARIS/Facturacion/dteproveedor_6519.xml,0,0,FULLY_INGESTED
01_Raw/PARIS/Facturacion/dteproveedor_6533.xml,0,0,FULLY_INGESTED
01_Raw/PARIS/Facturacion/dteproveedor_6597.xml,0,0,FULLY_INGESTED
01_Raw/PARIS/Facturacion/dteproveedor_6609.xml,0,0,FULLY_INGESTED
01_Raw/PARIS/Facturacion/dteproveedor_6616.xml,0,0,FULLY_INGESTED
01_Raw/PARIS/Facturacion/dteproveedor_6647.xml,0,0,FULLY_INGESTED
01_Raw/PARIS/Facturacion/dteproveedor_6697.xml,0,0,FULLY_INGESTED
01_Raw/PARIS/Facturacion/dteproveedor_6737.xml,0,0,FULLY_INGESTED
01_Raw/PARIS/Facturacion/dteproveedor_6748.xml,0,0,FULLY_INGESTED
01_Raw/PARIS/Facturacion/dteproveedor_6755.xml,0,0,FULLY_INGESTED
01_Raw/PARIS/Facturacion/dteproveedor_6767.xml,0,0,FULLY_INGESTED
01_Raw/PARIS/Facturacion/dteproveedor_6902.xml,0,0,FULLY_INGESTED
01_Raw/PARIS/Facturacion/dteproveedor_6916.xml,0,0,FULLY_INGESTED
01_Raw/PARIS/Facturacion/dteproveedor_6927.xml,0,0,FULLY_INGESTED
01_Raw/PARIS/Facturacion/dteproveedor_7023.xml,0,0,FULLY_INGESTED
01_Raw/PARIS/Facturacion/dteproveedor_7041.xml,0,0,FULLY_INGESTED
01_Raw/PARIS/Facturacion/dteproveedor_7050.xml,0,0,FULLY_INGESTED
01_Raw/PARIS/Facturacion/dteproveedor_7082.xml,0,0,FULLY_INGESTED
01_Raw/PARIS/Facturacion/dteproveedor_7154.xml,0,0,FULLY_INGESTED
01_Raw/PARIS/Facturacion/dteproveedor_7167.xml,0,0,FULLY_INGESTED
01_Raw/PARIS/Facturacion/dteproveedor_7174.xml,0,0,FULLY_INGESTED
01_Raw/PARIS/Facturacion/dteproveedor_7300.xml,0,0,FULLY_INGESTED
01_Raw/PARIS/Facturacion/dteproveedor_7308.xml,0,0,FULLY_INGESTED
01_Raw/PARIS/Facturacion/dteproveedor_7324.xml,0,0,FULLY_INGESTED
01_Raw/PARIS/Facturacion/dteproveedor_7416.xml,0,0,FULLY_INGESTED
01_Raw/PARIS/Facturacion/dteproveedor_7422.xml,0,0,FULLY_INGESTED
01_Raw/PARIS/Facturacion/dteproveedor_7433.xml,0,0,FULLY_INGESTED
01_Raw/PARIS/Facturacion/dteproveedor_7440.xml,0,0,FULLY_INGESTED
01_Raw/PARIS/Facturacion/dteproveedor_7560.xml,0,0,FULLY_INGESTED
01_Raw/PARIS/Facturacion/dteproveedor_7561.xml,0,0,FULLY_INGESTED
01_Raw/PARIS/Facturacion/dteproveedor_7562.xml,0,0,FULLY_INGESTED
01_Raw/PARIS/Facturacion/dteproveedor_7563.xml,0,0,FULLY_INGESTED
01_Raw/PARIS/Facturacion/dteproveedor_7564.xml,0,0,FULLY_INGESTED
01_Raw/PARIS/Facturacion/dteproveedor_7569.xml,0,0,FULLY_INGESTED
01_Raw/PARIS/Facturacion/dteproveedor_7571.xml,0,0,FULLY_INGESTED
01_Raw/PARIS/Transacciones/Dropshipping/01-2025.xlsx,1318,1699,PARTIALLY_INGESTED
01_Raw/PARIS/Transacciones/Dropshipping/01-2026.xlsx,1436,2341,PARTIALLY_INGESTED
01_Raw/PARIS/Transacciones/Dropshipping/02-2025.xlsx,1061,1714,PARTIALLY_INGESTED
01_Raw/PARIS/Transacciones/Dropshipping/02-2026.xlsx,940,1527,PARTIALLY_INGESTED
01_Raw/PARIS/Transacciones/Dropshipping/03-2025.xlsx,643,1041,PARTIALLY_INGESTED
01_Raw/PARIS/Transacciones/Dropshipping/03-2026.xlsx,1477,2372,PARTIALLY_INGESTED
01_Raw/PARIS/Transacciones/Dropshipping/04-2025.xlsx,1405,2250,PARTIALLY_INGESTED
01_Raw/PARIS/Transacciones/Dropshipping/04-2026.xlsx,1876,2829,PARTIALLY_INGESTED
01_Raw/PARIS/Transacciones/Dropshipping/05-2025.xlsx,795,1265,PARTIALLY_INGESTED
01_Raw/PARIS/Transacciones/Dropshipping/05-2026.xlsx,1277,2056,PARTIALLY_INGESTED
01_Raw/PARIS/Transacciones/Dropshipping/06-2025.xlsx,2056,3281,PARTIALLY_INGESTED
01_Raw/PARIS/Transacciones/Dropshipping/06-2026.xlsx,29977,48098,PARTIALLY_INGESTED
01_Raw/PARIS/Transacciones/Dropshipping/07-2025.xlsx,2033,3250,PARTIALLY_INGESTED
01_Raw/PARIS/Transacciones/Dropshipping/08-2025.xlsx,2019,3280,PARTIALLY_INGESTED
01_Raw/PARIS/Transacciones/Dropshipping/09-2025.xlsx,1461,2349,PARTIALLY_INGESTED
01_Raw/PARIS/Transacciones/Dropshipping/10-2025.xlsx,3042,4888,PARTIALLY_INGESTED
01_Raw/PARIS/Transacciones/Dropshipping/11-2025.xlsx,1848,2969,PARTIALLY_INGESTED
01_Raw/PARIS/Transacciones/Dropshipping/12-2025.xlsx,3222,5156,PARTIALLY_INGESTED
01_Raw/PARIS/Transacciones/Fulfillment/1 ene 2025 - 31 dic 2025.xlsx,14740,24104,PARTIALLY_INGESTED
01_Raw/PARIS/Transacciones/Fulfillment/1 ene 2026 - 30 abr 2026.xlsx,1768,2940,PARTIALLY_INGESTED
01_Raw/PARIS/Transacciones/Fulfillment/1 jun 2026 - 30 jun 2026.xlsx,2453,3966,PARTIALLY_INGESTED
01_Raw/PARIS/Transacciones/Fulfillment/1 may 2026 - 31 may 2026.xlsx,235,415,PARTIALLY_INGESTED
01_Raw/ML/Documentos Recepcionados/dteproveedor_5371.xml,0,0,FULLY_INGESTED
01_Raw/ML/Documentos Recepcionados/dteproveedor_5396.xml,0,0,FULLY_INGESTED
01_Raw/ML/Documentos Recepcionados/dteproveedor_5397.xml,0,0,FULLY_INGESTED
01_Raw/ML/Documentos Recepcionados/dteproveedor_5398.xml,0,0,FULLY_INGESTED
01_Raw/ML/Documentos Recepcionados/dteproveedor_5399.xml,0,0,FULLY_INGESTED
01_Raw/ML/Documentos Recepcionados/dteproveedor_5400.xml,0,0,FULLY_INGESTED
01_Raw/ML/Documentos Recepcionados/dteproveedor_5404.xml,0,0,FULLY_INGESTED
01_Raw/ML/Documentos Recepcionados/dteproveedor_5430.xml,0,0,FULLY_INGESTED
01_Raw/ML/Documentos Recepcionados/dteproveedor_5454.xml,0,0,FULLY_INGESTED
01_Raw/ML/Documentos Recepcionados/dteproveedor_5473.xml,0,0,FULLY_INGESTED
01_Raw/ML/Documentos Recepcionados/dteproveedor_5483.xml,0,0,FULLY_INGESTED
01_Raw/ML/Documentos Recepcionados/dteproveedor_5519.xml,0,0,FULLY_INGESTED
01_Raw/ML/Documentos Recepcionados/dteproveedor_5531.xml,0,0,FULLY_INGESTED
01_Raw/ML/Documentos Recepcionados/dteproveedor_5532.xml,0,0,FULLY_INGESTED
01_Raw/ML/Documentos Recepcionados/dteproveedor_5533.xml,0,0,FULLY_INGESTED
01_Raw/ML/Documentos Recepcionados/dteproveedor_5534.xml,0,0,FULLY_INGESTED
01_Raw/ML/Documentos Recepcionados/dteproveedor_5535.xml,0,0,FULLY_INGESTED
01_Raw/ML/Documentos Recepcionados/dteproveedor_5536.xml,0,0,FULLY_INGESTED
01_Raw/ML/Documentos Recepcionados/dteproveedor_5540.xml,0,0,FULLY_INGESTED
01_Raw/ML/Documentos Recepcionados/dteproveedor_5555.xml,0,0,FULLY_INGESTED
01_Raw/ML/Documentos Recepcionados/dteproveedor_5572.xml,0,0,FULLY_INGESTED
01_Raw/ML/Documentos Recepcionados/dteproveedor_5592.xml,0,0,FULLY_INGESTED
01_Raw/ML/Documentos Recepcionados/dteproveedor_5606.xml,0,0,FULLY_INGESTED
01_Raw/ML/Documentos Recepcionados/dteproveedor_5629.xml,0,0,FULLY_INGESTED
01_Raw/ML/Documentos Recepcionados/dteproveedor_5640.xml,0,0,FULLY_INGESTED
01_Raw/ML/Documentos Recepcionados/dteproveedor_5641.xml,0,0,FULLY_INGESTED
01_Raw/ML/Documentos Recepcionados/dteproveedor_5642.xml,0,0,FULLY_INGESTED
01_Raw/ML/Documentos Recepcionados/dteproveedor_5653.xml,0,0,FULLY_INGESTED
01_Raw/ML/Documentos Recepcionados/dteproveedor_5663.xml,0,0,FULLY_INGESTED
01_Raw/ML/Documentos Recepcionados/dteproveedor_5680.xml,0,0,FULLY_INGESTED
01_Raw/ML/Documentos Recepcionados/dteproveedor_5692.xml,0,0,FULLY_INGESTED
01_Raw/ML/Documentos Recepcionados/dteproveedor_5699.xml,0,0,FULLY_INGESTED
01_Raw/ML/Documentos Recepcionados/dteproveedor_5736.xml,0,0,FULLY_INGESTED
01_Raw/ML/Documentos Recepcionados/dteproveedor_5754.xml,0,0,FULLY_INGESTED
01_Raw/ML/Documentos Recepcionados/dteproveedor_5755.xml,0,0,FULLY_INGESTED
01_Raw/ML/Documentos Recepcionados/dteproveedor_5756.xml,0,0,FULLY_INGESTED
01_Raw/ML/Documentos Recepcionados/dteproveedor_5757.xml,0,0,FULLY_INGESTED
01_Raw/ML/Documentos Recepcionados/dteproveedor_5758.xml,0,0,FULLY_INGESTED
01_Raw/ML/Documentos Recepcionados/dteproveedor_5760.xml,0,0,FULLY_INGESTED
01_Raw/ML/Documentos Recepcionados/dteproveedor_5776.xml,0,0,FULLY_INGESTED
01_Raw/ML/Documentos Recepcionados/dteproveedor_5794.xml,0,0,FULLY_INGESTED
01_Raw/ML/Documentos Recepcionados/dteproveedor_5817.xml,0,0,FULLY_INGESTED
01_Raw/ML/Documentos Recepcionados/dteproveedor_5833.xml,0,0,FULLY_INGESTED
01_Raw/ML/Documentos Recepcionados/dteproveedor_5860.xml,0,0,FULLY_INGESTED
01_Raw/ML/Documentos Recepcionados/dteproveedor_5861.xml,0,0,FULLY_INGESTED
01_Raw/ML/Documentos Recepcionados/dteproveedor_5862.xml,0,0,FULLY_INGESTED
01_Raw/ML/Documentos Recepcionados/dteproveedor_5863.xml,0,0,FULLY_INGESTED
01_Raw/ML/Documentos Recepcionados/dteproveedor_5864.xml,0,0,FULLY_INGESTED
01_Raw/ML/Documentos Recepcionados/dteproveedor_5876.xml,0,0,FULLY_INGESTED
01_Raw/ML/Documentos Recepcionados/dteproveedor_5890.xml,0,0,FULLY_INGESTED
01_Raw/ML/Documentos Recepcionados/dteproveedor_5900.xml,0,0,FULLY_INGESTED
01_Raw/ML/Documentos Recepcionados/dteproveedor_5922.xml,0,0,FULLY_INGESTED
01_Raw/ML/Documentos Recepcionados/dteproveedor_5929.xml,0,0,FULLY_INGESTED
01_Raw/ML/Documentos Recepcionados/dteproveedor_5961.xml,0,0,FULLY_INGESTED
01_Raw/ML/Documentos Recepcionados/dteproveedor_5974.xml,0,0,FULLY_INGESTED
01_Raw/ML/Documentos Recepcionados/dteproveedor_5975.xml,0,0,FULLY_INGESTED
01_Raw/ML/Documentos Recepcionados/dteproveedor_5976.xml,0,0,FULLY_INGESTED
01_Raw/ML/Documentos Recepcionados/dteproveedor_5977.xml,0,0,FULLY_INGESTED
01_Raw/ML/Documentos Recepcionados/dteproveedor_5980.xml,0,0,FULLY_INGESTED
01_Raw/ML/Documentos Recepcionados/dteproveedor_5990.xml,0,0,FULLY_INGESTED
01_Raw/ML/Documentos Recepcionados/dteproveedor_6009.xml,0,0,FULLY_INGESTED
01_Raw/ML/Documentos Recepcionados/dteproveedor_6026.xml,0,0,FULLY_INGESTED
01_Raw/ML/Documentos Recepcionados/dteproveedor_6031.xml,0,0,FULLY_INGESTED
01_Raw/ML/Documentos Recepcionados/dteproveedor_6068.xml,0,0,FULLY_INGESTED
01_Raw/ML/Documentos Recepcionados/dteproveedor_6090.xml,0,0,FULLY_INGESTED
01_Raw/ML/Documentos Recepcionados/dteproveedor_6091.xml,0,0,FULLY_INGESTED
01_Raw/ML/Documentos Recepcionados/dteproveedor_6092.xml,0,0,FULLY_INGESTED
01_Raw/ML/Documentos Recepcionados/dteproveedor_6093.xml,0,0,FULLY_INGESTED
01_Raw/ML/Documentos Recepcionados/dteproveedor_6094.xml,0,0,FULLY_INGESTED
01_Raw/ML/Documentos Recepcionados/dteproveedor_6101.xml,0,0,FULLY_INGESTED
01_Raw/ML/Documentos Recepcionados/dteproveedor_6117.xml,0,0,FULLY_INGESTED
01_Raw/ML/Documentos Recepcionados/dteproveedor_6131.xml,0,0,FULLY_INGESTED
01_Raw/ML/Documentos Recepcionados/dteproveedor_6151.xml,0,0,FULLY_INGESTED
01_Raw/ML/Documentos Recepcionados/dteproveedor_6161.xml,0,0,FULLY_INGESTED
01_Raw/ML/Documentos Recepcionados/dteproveedor_6168.xml,0,0,FULLY_INGESTED
01_Raw/ML/Documentos Recepcionados/dteproveedor_6194.xml,0,0,FULLY_INGESTED
01_Raw/ML/Documentos Recepcionados/dteproveedor_6196.xml,0,0,FULLY_INGESTED
01_Raw/ML/Documentos Recepcionados/dteproveedor_6199.xml,0,0,FULLY_INGESTED
01_Raw/ML/Documentos Recepcionados/dteproveedor_6200.xml,0,0,FULLY_INGESTED
01_Raw/ML/Documentos Recepcionados/dteproveedor_6201.xml,0,0,FULLY_INGESTED
01_Raw/ML/Documentos Recepcionados/dteproveedor_6203.xml,0,0,FULLY_INGESTED
01_Raw/ML/Documentos Recepcionados/dteproveedor_6222.xml,0,0,FULLY_INGESTED
01_Raw/ML/Documentos Recepcionados/dteproveedor_6241.xml,0,0,FULLY_INGESTED
01_Raw/ML/Documentos Recepcionados/dteproveedor_6270.xml,0,0,FULLY_INGESTED
01_Raw/ML/Documentos Recepcionados/dteproveedor_6307.xml,0,0,FULLY_INGESTED
01_Raw/ML/Documentos Recepcionados/dteproveedor_6314.xml,0,0,FULLY_INGESTED
01_Raw/ML/Documentos Recepcionados/dteproveedor_6315.xml,0,0,FULLY_INGESTED
01_Raw/ML/Documentos Recepcionados/dteproveedor_6325.xml,0,0,FULLY_INGESTED
01_Raw/ML/Documentos Recepcionados/dteproveedor_6327.xml,0,0,FULLY_INGESTED
01_Raw/ML/Documentos Recepcionados/dteproveedor_6328.xml,0,0,FULLY_INGESTED
01_Raw/ML/Documentos Recepcionados/dteproveedor_6330.xml,0,0,FULLY_INGESTED
01_Raw/ML/Documentos Recepcionados/dteproveedor_6333.xml,0,0,FULLY_INGESTED
01_Raw/ML/Documentos Recepcionados/dteproveedor_6344.xml,0,0,FULLY_INGESTED
01_Raw/ML/Documentos Recepcionados/dteproveedor_6359.xml,0,0,FULLY_INGESTED
01_Raw/ML/Documentos Recepcionados/dteproveedor_6375.xml,0,0,FULLY_INGESTED
01_Raw/ML/Documentos Recepcionados/dteproveedor_6388.xml,0,0,FULLY_INGESTED
01_Raw/ML/Documentos Recepcionados/dteproveedor_6412.xml,0,0,FULLY_INGESTED
01_Raw/ML/Documentos Recepcionados/dteproveedor_6441.xml,0,0,FULLY_INGESTED
01_Raw/ML/Documentos Recepcionados/dteproveedor_6442.xml,0,0,FULLY_INGESTED
01_Raw/ML/Documentos Recepcionados/dteproveedor_6443.xml,0,0,FULLY_INGESTED
01_Raw/ML/Documentos Recepcionados/dteproveedor_6444.xml,0,0,FULLY_INGESTED
01_Raw/ML/Documentos Recepcionados/dteproveedor_6445.xml,0,0,FULLY_INGESTED
01_Raw/ML/Documentos Recepcionados/dteproveedor_6461.xml,0,0,FULLY_INGESTED
01_Raw/ML/Documentos Recepcionados/dteproveedor_6473.xml,0,0,FULLY_INGESTED
01_Raw/ML/Documentos Recepcionados/dteproveedor_6502.xml,0,0,FULLY_INGESTED
01_Raw/ML/Documentos Recepcionados/dteproveedor_6510.xml,0,0,FULLY_INGESTED
01_Raw/ML/Documentos Recepcionados/dteproveedor_6544.xml,0,0,FULLY_INGESTED
01_Raw/ML/Documentos Recepcionados/dteproveedor_6545.xml,0,0,FULLY_INGESTED
01_Raw/ML/Documentos Recepcionados/dteproveedor_6550.xml,0,0,FULLY_INGESTED
01_Raw/ML/Documentos Recepcionados/dteproveedor_6557.xml,0,0,FULLY_INGESTED
01_Raw/ML/Documentos Recepcionados/dteproveedor_6558.xml,0,0,FULLY_INGESTED
01_Raw/ML/Documentos Recepcionados/dteproveedor_6559.xml,0,0,FULLY_INGESTED
01_Raw/ML/Documentos Recepcionados/dteproveedor_6560.xml,0,0,FULLY_INGESTED
01_Raw/ML/Documentos Recepcionados/dteproveedor_6573.xml,0,0,FULLY_INGESTED
01_Raw/ML/Documentos Recepcionados/dteproveedor_6584.xml,0,0,FULLY_INGESTED
01_Raw/ML/Documentos Recepcionados/dteproveedor_6610.xml,0,0,FULLY_INGESTED
01_Raw/ML/Documentos Recepcionados/dteproveedor_6617.xml,0,0,FULLY_INGESTED
01_Raw/ML/Documentos Recepcionados/dteproveedor_6658.xml,0,0,FULLY_INGESTED
01_Raw/ML/Documentos Recepcionados/dteproveedor_6672.xml,0,0,FULLY_INGESTED
01_Raw/ML/Documentos Recepcionados/dteproveedor_6677.xml,0,0,FULLY_INGESTED
01_Raw/ML/Documentos Recepcionados/dteproveedor_6678.xml,0,0,FULLY_INGESTED
01_Raw/ML/Documentos Recepcionados/dteproveedor_6679.xml,0,0,FULLY_INGESTED
01_Raw/ML/Documentos Recepcionados/dteproveedor_6680.xml,0,0,FULLY_INGESTED
01_Raw/ML/Documentos Recepcionados/dteproveedor_6688.xml,0,0,FULLY_INGESTED
01_Raw/ML/Documentos Recepcionados/dteproveedor_6690.xml,0,0,FULLY_INGESTED
01_Raw/ML/Documentos Recepcionados/dteproveedor_6706.xml,0,0,FULLY_INGESTED
01_Raw/ML/Documentos Recepcionados/dteproveedor_6707.xml,0,0,FULLY_INGESTED
01_Raw/ML/Documentos Recepcionados/dteproveedor_6708.xml,0,0,FULLY_INGESTED
01_Raw/ML/Documentos Recepcionados/dteproveedor_6709.xml,0,0,FULLY_INGESTED
01_Raw/ML/Documentos Recepcionados/dteproveedor_6710.xml,0,0,FULLY_INGESTED
01_Raw/ML/Documentos Recepcionados/dteproveedor_6711.xml,0,0,FULLY_INGESTED
01_Raw/ML/Documentos Recepcionados/dteproveedor_6725.xml,0,0,FULLY_INGESTED
01_Raw/ML/Documentos Recepcionados/dteproveedor_6744.xml,0,0,FULLY_INGESTED
01_Raw/ML/Documentos Recepcionados/dteproveedor_6756.xml,0,0,FULLY_INGESTED
01_Raw/ML/Documentos Recepcionados/dteproveedor_6771.xml,0,0,FULLY_INGESTED
01_Raw/ML/Documentos Recepcionados/dteproveedor_6837.xml,0,0,FULLY_INGESTED
01_Raw/ML/Documentos Recepcionados/dteproveedor_6838.xml,0,0,FULLY_INGESTED
01_Raw/ML/Documentos Recepcionados/dteproveedor_6839.xml,0,0,FULLY_INGESTED
01_Raw/ML/Documentos Recepcionados/dteproveedor_6840.xml,0,0,FULLY_INGESTED
01_Raw/ML/Documentos Recepcionados/dteproveedor_6841.xml,0,0,FULLY_INGESTED
01_Raw/ML/Documentos Recepcionados/dteproveedor_6842.xml,0,0,FULLY_INGESTED
01_Raw/ML/Documentos Recepcionados/dteproveedor_6871.xml,0,0,FULLY_INGESTED
01_Raw/ML/Documentos Recepcionados/dteproveedor_6887.xml,0,0,FULLY_INGESTED
01_Raw/ML/Documentos Recepcionados/dteproveedor_6917.xml,0,0,FULLY_INGESTED
01_Raw/ML/Documentos Recepcionados/dteproveedor_6923.xml,0,0,FULLY_INGESTED
01_Raw/ML/Documentos Recepcionados/dteproveedor_6966.xml,0,0,FULLY_INGESTED
01_Raw/ML/Documentos Recepcionados/dteproveedor_6974.xml,0,0,FULLY_INGESTED
01_Raw/ML/Documentos Recepcionados/dteproveedor_6980.xml,0,0,FULLY_INGESTED
01_Raw/ML/Documentos Recepcionados/dteproveedor_6981.xml,0,0,FULLY_INGESTED
01_Raw/ML/Documentos Recepcionados/dteproveedor_6982.xml,0,0,FULLY_INGESTED
01_Raw/ML/Documentos Recepcionados/dteproveedor_6983.xml,0,0,FULLY_INGESTED
01_Raw/ML/Documentos Recepcionados/dteproveedor_6992.xml,0,0,FULLY_INGESTED
01_Raw/ML/Documentos Recepcionados/dteproveedor_7015.xml,0,0,FULLY_INGESTED
01_Raw/ML/Documentos Recepcionados/dteproveedor_7042.xml,0,0,FULLY_INGESTED
01_Raw/ML/Documentos Recepcionados/dteproveedor_7047.xml,0,0,FULLY_INGESTED
01_Raw/ML/Documentos Recepcionados/dteproveedor_7078.xml,0,0,FULLY_INGESTED
01_Raw/ML/Documentos Recepcionados/dteproveedor_7086.xml,0,0,FULLY_INGESTED
01_Raw/ML/Documentos Recepcionados/dteproveedor_7089.xml,0,0,FULLY_INGESTED
01_Raw/ML/Documentos Recepcionados/dteproveedor_7090.xml,0,0,FULLY_INGESTED
01_Raw/ML/Documentos Recepcionados/dteproveedor_7091.xml,0,0,FULLY_INGESTED
01_Raw/ML/Documentos Recepcionados/dteproveedor_7093.xml,0,0,FULLY_INGESTED
01_Raw/ML/Documentos Recepcionados/dteproveedor_7109.xml,0,0,FULLY_INGESTED
01_Raw/ML/Documentos Recepcionados/dteproveedor_7128.xml,0,0,FULLY_INGESTED
01_Raw/ML/Documentos Recepcionados/dteproveedor_7136.xml,0,0,FULLY_INGESTED
01_Raw/ML/Documentos Recepcionados/dteproveedor_7143.xml,0,0,FULLY_INGESTED
01_Raw/ML/Documentos Recepcionados/dteproveedor_7155.xml,0,0,FULLY_INGESTED
01_Raw/ML/Documentos Recepcionados/dteproveedor_7157.xml,0,0,FULLY_INGESTED
01_Raw/ML/Documentos Recepcionados/dteproveedor_7168.xml,0,0,FULLY_INGESTED
01_Raw/ML/Documentos Recepcionados/dteproveedor_7186.xml,0,0,FULLY_INGESTED
01_Raw/ML/Documentos Recepcionados/dteproveedor_7206.xml,0,0,FULLY_INGESTED
01_Raw/ML/Documentos Recepcionados/dteproveedor_7207.xml,0,0,FULLY_INGESTED
01_Raw/ML/Documentos Recepcionados/dteproveedor_7208.xml,0,0,FULLY_INGESTED
01_Raw/ML/Documentos Recepcionados/dteproveedor_7209.xml,0,0,FULLY_INGESTED
01_Raw/ML/Documentos Recepcionados/dteproveedor_7210.xml,0,0,FULLY_INGESTED
01_Raw/ML/Documentos Recepcionados/dteproveedor_7256.xml,0,0,FULLY_INGESTED
01_Raw/ML/Documentos Recepcionados/dteproveedor_7265.xml,0,0,FULLY_INGESTED
01_Raw/ML/Documentos Recepcionados/dteproveedor_7276.xml,0,0,FULLY_INGESTED
01_Raw/ML/Documentos Recepcionados/dteproveedor_7281.xml,0,0,FULLY_INGESTED
01_Raw/ML/Documentos Recepcionados/dteproveedor_7309.xml,0,0,FULLY_INGESTED
01_Raw/ML/Documentos Recepcionados/dteproveedor_7317.xml,0,0,FULLY_INGESTED
01_Raw/ML/Documentos Recepcionados/dteproveedor_7330.xml,0,0,FULLY_INGESTED
01_Raw/ML/Documentos Recepcionados/dteproveedor_7348.xml,0,0,FULLY_INGESTED
01_Raw/ML/Documentos Recepcionados/dteproveedor_7349.xml,0,0,FULLY_INGESTED
01_Raw/ML/Documentos Recepcionados/dteproveedor_7353.xml,0,0,FULLY_INGESTED
01_Raw/ML/Documentos Recepcionados/dteproveedor_7355.xml,0,0,FULLY_INGESTED
01_Raw/ML/Documentos Recepcionados/dteproveedor_7356.xml,0,0,FULLY_INGESTED
01_Raw/ML/Documentos Recepcionados/dteproveedor_7361.xml,0,0,FULLY_INGESTED
01_Raw/ML/Documentos Recepcionados/dteproveedor_7381.xml,0,0,FULLY_INGESTED
01_Raw/ML/Documentos Recepcionados/dteproveedor_7402.xml,0,0,FULLY_INGESTED
01_Raw/ML/Documentos Recepcionados/dteproveedor_7403.xml,0,0,FULLY_INGESTED
01_Raw/ML/Documentos Recepcionados/dteproveedor_7404.xml,0,0,FULLY_INGESTED
01_Raw/ML/Documentos Recepcionados/dteproveedor_7434.xml,0,0,FULLY_INGESTED
01_Raw/ML/Documentos Recepcionados/dteproveedor_7465.xml,0,0,FULLY_INGESTED
01_Raw/ML/Documentos Recepcionados/dteproveedor_7490.xml,0,0,FULLY_INGESTED
01_Raw/ML/Documentos Recepcionados/dteproveedor_7491.xml,0,0,FULLY_INGESTED
01_Raw/ML/Documentos Recepcionados/dteproveedor_7492.xml,0,0,FULLY_INGESTED
01_Raw/ML/Documentos Recepcionados/dteproveedor_7493.xml,0,0,FULLY_INGESTED
01_Raw/ML/Documentos Recepcionados/dteproveedor_7504.xml,0,0,FULLY_INGESTED
01_Raw/ML/Documentos Recepcionados/dteproveedor_7525.xml,0,0,FULLY_INGESTED
01_Raw/ML/Documentos Recepcionados/dteproveedor_7529.xml,0,0,FULLY_INGESTED
01_Raw/ML/Documentos Recepcionados/dteproveedor_7559.xml,0,0,FULLY_INGESTED
01_Raw/ML/Documentos Recepcionados/dteproveedor_7570.xml,0,0,FULLY_INGESTED
01_Raw/ML/Facturacion/Reporte_Facturacion_MercadoLibre_Abr2025.xlsx,4709,7610,PARTIALLY_INGESTED
01_Raw/ML/Facturacion/Reporte_Facturacion_MercadoLibre_Abr2026.xlsx,2937,4671,PARTIALLY_INGESTED
01_Raw/ML/Facturacion/Reporte_Facturacion_MercadoLibre_Ago2025.xlsx,3613,5681,PARTIALLY_INGESTED
01_Raw/ML/Facturacion/Reporte_Facturacion_MercadoLibre_Dic2025.xlsx,6170,10014,PARTIALLY_INGESTED
01_Raw/ML/Facturacion/Reporte_Facturacion_MercadoLibre_Ene2025.xlsx,3977,1425,PARTIALLY_INGESTED
01_Raw/ML/Facturacion/Reporte_Facturacion_MercadoLibre_Ene2026.xlsx,4450,7139,PARTIALLY_INGESTED
01_Raw/ML/Facturacion/Reporte_Facturacion_MercadoLibre_Feb2025.xlsx,2103,3468,PARTIALLY_INGESTED
01_Raw/ML/Facturacion/Reporte_Facturacion_MercadoLibre_Feb2026.xlsx,1552,2491,PARTIALLY_INGESTED
01_Raw/ML/Facturacion/Reporte_Facturacion_MercadoLibre_Jul2025.xlsx,3931,6187,PARTIALLY_INGESTED
01_Raw/ML/Facturacion/Reporte_Facturacion_MercadoLibre_Jun2025.xlsx,5190,8160,PARTIALLY_INGESTED
01_Raw/ML/Facturacion/Reporte_Facturacion_MercadoLibre_Jun2026.xlsx,4297,6792,PARTIALLY_INGESTED
01_Raw/ML/Facturacion/Reporte_Facturacion_MercadoLibre_Mar2025.xlsx,1979,3140,PARTIALLY_INGESTED
01_Raw/ML/Facturacion/Reporte_Facturacion_MercadoLibre_Mar2026.xlsx,1760,2855,PARTIALLY_INGESTED
01_Raw/ML/Facturacion/Reporte_Facturacion_MercadoLibre_May2025.xlsx,4236,6744,PARTIALLY_INGESTED
01_Raw/ML/Facturacion/Reporte_Facturacion_MercadoLibre_May2026.xlsx,3077,4936,PARTIALLY_INGESTED
01_Raw/ML/Facturacion/Reporte_Facturacion_MercadoLibre_Nov2025.xlsx,3658,5942,PARTIALLY_INGESTED
01_Raw/ML/Facturacion/Reporte_Facturacion_MercadoLibre_Oct2025.xlsx,3677,5952,PARTIALLY_INGESTED
01_Raw/ML/Facturacion/Reporte_Facturacion_MercadoLibre_Sept2025.xlsx,2809,4399,PARTIALLY_INGESTED
01_Raw/ML/Facturacion/_f3_03_fixture.xlsx,5,8,FULLY_INGESTED
01_Raw/ML/Poscobro/1 enero 2025 - 1 julio 2025.xlsx,0,3818,PARTIALLY_INGESTED
01_Raw/ML/Poscobro/1 enero 2026 - 1 mayo 2026.xlsx,0,1602,PARTIALLY_INGESTED
01_Raw/ML/Poscobro/1 julio 2025 - 1 enero 2026.xlsx,0,5369,PARTIALLY_INGESTED
01_Raw/ML/Poscobro/1 junio 2026 - 1 julio 2026.xlsx,0,797,PARTIALLY_INGESTED
01_Raw/ML/Poscobro/1 junio 2026 - 6 junio 2026.xlsx,0,161,PARTIALLY_INGESTED
01_Raw/ML/Poscobro/1 mayo 2026 - 1 junio 2026.xlsx,0,434,PARTIALLY_INGESTED
01_Raw/ML/Liquidacion_FF/2025-01 Enero/liquidacion-2025-01-01--2025-01-05.xlsx,86,0,NOT_INGESTED
01_Raw/ML/Liquidacion_FF/2025-01 Enero/liquidacion-2025-01-06--2025-01-12.xlsx,164,0,NOT_INGESTED
01_Raw/ML/Liquidacion_FF/2025-01 Enero/liquidacion-2025-01-13--2025-01-19.xlsx,216,0,NOT_INGESTED
01_Raw/ML/Liquidacion_FF/2025-01 Enero/liquidacion-2025-01-20--2025-01-26.xlsx,126,0,NOT_INGESTED
01_Raw/ML/Liquidacion_FF/2025-01 Enero/liquidacion-2025-01-27--2025-01-31.xlsx,73,0,NOT_INGESTED
01_Raw/ML/Liquidacion_FF/2025-02 Febrero/liquidacion-2025-02-01--2025-02-02.xlsx,12,0,NOT_INGESTED
01_Raw/ML/Liquidacion_FF/2025-02 Febrero/liquidacion-2025-02-03--2025-02-09.xlsx,117,0,NOT_INGESTED
01_Raw/ML/Liquidacion_FF/2025-02 Febrero/liquidacion-2025-02-10--2025-02-16.xlsx,104,0,NOT_INGESTED
01_Raw/ML/Liquidacion_FF/2025-02 Febrero/liquidacion-2025-02-17--2025-02-23.xlsx,108,0,NOT_INGESTED
01_Raw/ML/Liquidacion_FF/2025-02 Febrero/liquidacion-2025-02-24--2025-02-28.xlsx,102,0,NOT_INGESTED
01_Raw/ML/Liquidacion_FF/2025-03 Marzo/liquidacion-2025-03-01--2025-03-02.xlsx,30,0,NOT_INGESTED
01_Raw/ML/Liquidacion_FF/2025-03 Marzo/liquidacion-2025-03-03--2025-03-09.xlsx,155,0,NOT_INGESTED
01_Raw/ML/Liquidacion_FF/2025-03 Marzo/liquidacion-2025-03-10--2025-03-16.xlsx,247,0,NOT_INGESTED
01_Raw/ML/Liquidacion_FF/2025-03 Marzo/liquidacion-2025-03-17--2025-03-23.xlsx,276,0,NOT_INGESTED
01_Raw/ML/Liquidacion_FF/2025-03 Marzo/liquidacion-2025-03-24--2025-03-30.xlsx,490,0,NOT_INGESTED
01_Raw/ML/Liquidacion_FF/2025-03 Marzo/liquidacion-2025-03-31--2025-03-31.xlsx,62,0,NOT_INGESTED
01_Raw/ML/Liquidacion_FF/2025-04 Abril/liquidacion-2025-04-01--2025-04-06.xlsx,437,0,NOT_INGESTED
01_Raw/ML/Liquidacion_FF/2025-04 Abril/liquidacion-2025-04-07--2025-04-13.xlsx,291,0,NOT_INGESTED
01_Raw/ML/Liquidacion_FF/2025-04 Abril/liquidacion-2025-04-14--2025-04-20.xlsx,298,0,NOT_INGESTED
01_Raw/ML/Liquidacion_FF/2025-04 Abril/liquidacion-2025-04-21--2025-04-27.xlsx,375,0,NOT_INGESTED
01_Raw/ML/Liquidacion_FF/2025-04 Abril/liquidacion-2025-04-28--2025-04-30.xlsx,233,0,NOT_INGESTED
01_Raw/ML/Liquidacion_FF/2025-05 Mayo/liquidacion-2025-05-01--2025-05-04.xlsx,144,0,NOT_INGESTED
01_Raw/ML/Liquidacion_FF/2025-05 Mayo/liquidacion-2025-05-05--2025-05-11.xlsx,674,0,NOT_INGESTED
01_Raw/ML/Liquidacion_FF/2025-05 Mayo/liquidacion-2025-05-12--2025-05-18.xlsx,548,0,NOT_INGESTED
01_Raw/ML/Liquidacion_FF/2025-05 Mayo/liquidacion-2025-05-19--2025-05-25.xlsx,426,0,NOT_INGESTED
01_Raw/ML/Liquidacion_FF/2025-05 Mayo/liquidacion-2025-05-26--2025-05-31.xlsx,349,0,NOT_INGESTED
01_Raw/ML/Liquidacion_FF/2025-06 Junio/liquidacion-2025-06-01--2025-06-01.xlsx,36,0,NOT_INGESTED
01_Raw/ML/Liquidacion_FF/2025-06 Junio/liquidacion-2025-06-02--2025-06-08.xlsx,723,0,NOT_INGESTED
01_Raw/ML/Liquidacion_FF/2025-06 Junio/liquidacion-2025-06-09--2025-06-15.xlsx,251,0,NOT_INGESTED
01_Raw/ML/Liquidacion_FF/2025-06 Junio/liquidacion-2025-06-16--2025-06-22.xlsx,205,0,NOT_INGESTED
01_Raw/ML/Liquidacion_FF/2025-06 Junio/liquidacion-2025-06-23--2025-06-29.xlsx,327,0,NOT_INGESTED
01_Raw/ML/Liquidacion_FF/2025-06 Junio/liquidacion-2025-06-30--2025-06-30.xlsx,110,0,NOT_INGESTED
01_Raw/ML/Liquidacion_FF/2025-07 Julio/liquidacion-2025-07-01--2025-07-06.xlsx,343,0,NOT_INGESTED
01_Raw/ML/Liquidacion_FF/2025-07 Julio/liquidacion-2025-07-07--2025-07-13.xlsx,216,0,NOT_INGESTED
01_Raw/ML/Liquidacion_FF/2025-07 Julio/liquidacion-2025-07-14--2025-07-20.xlsx,165,0,NOT_INGESTED
01_Raw/ML/Liquidacion_FF/2025-07 Julio/liquidacion-2025-07-21--2025-07-27.xlsx,148,0,NOT_INGESTED
01_Raw/ML/Liquidacion_FF/2025-07 Julio/liquidacion-2025-07-28--2025-07-31.xlsx,137,0,NOT_INGESTED
01_Raw/ML/Liquidacion_FF/2025-08 Agosto/liquidacion-2025-08-01--2025-08-03.xlsx,69,0,NOT_INGESTED
01_Raw/ML/Liquidacion_FF/2025-08 Agosto/liquidacion-2025-08-04--2025-08-10.xlsx,76,0,NOT_INGESTED
01_Raw/ML/Liquidacion_FF/2025-08 Agosto/liquidacion-2025-08-11--2025-08-17.xlsx,48,0,NOT_INGESTED
01_Raw/ML/Liquidacion_FF/2025-08 Agosto/liquidacion-2025-08-18--2025-08-24.xlsx,58,0,NOT_INGESTED
01_Raw/ML/Liquidacion_FF/2025-08 Agosto/liquidacion-2025-08-25--2025-08-31.xlsx,86,0,NOT_INGESTED
01_Raw/ML/Liquidacion_FF/2025-09 Septiembre/liquidacion-2025-09-01--2025-09-07.xlsx,87,0,NOT_INGESTED
01_Raw/ML/Liquidacion_FF/2025-09 Septiembre/liquidacion-2025-09-08--2025-09-14.xlsx,86,0,NOT_INGESTED
01_Raw/ML/Liquidacion_FF/2025-09 Septiembre/liquidacion-2025-09-15--2025-09-21.xlsx,39,0,NOT_INGESTED
01_Raw/ML/Liquidacion_FF/2025-09 Septiembre/liquidacion-2025-09-22--2025-09-28.xlsx,61,0,NOT_INGESTED
01_Raw/ML/Liquidacion_FF/2025-09 Septiembre/liquidacion-2025-09-29--2025-09-30.xlsx,25,0,NOT_INGESTED
01_Raw/ML/Liquidacion_FF/2025-10 Octubre/liquidacion-2025-10-01--2025-10-05.xlsx,74,0,NOT_INGESTED
01_Raw/ML/Liquidacion_FF/2025-10 Octubre/liquidacion-2025-10-06--2025-10-12.xlsx,381,0,NOT_INGESTED
01_Raw/ML/Liquidacion_FF/2025-10 Octubre/liquidacion-2025-10-13--2025-10-19.xlsx,159,0,NOT_INGESTED
01_Raw/ML/Liquidacion_FF/2025-10 Octubre/liquidacion-2025-10-20--2025-10-26.xlsx,141,0,NOT_INGESTED
01_Raw/ML/Liquidacion_FF/2025-10 Octubre/liquidacion-2025-10-27--2025-10-31.xlsx,159,0,NOT_INGESTED
01_Raw/ML/Liquidacion_FF/2025-11 Noviembre/liquidacion-2025-11-01--2025-11-02.xlsx,63,0,NOT_INGESTED
01_Raw/ML/Liquidacion_FF/2025-11 Noviembre/liquidacion-2025-11-03--2025-11-09.xlsx,235,0,NOT_INGESTED
01_Raw/ML/Liquidacion_FF/2025-11 Noviembre/liquidacion-2025-11-10--2025-11-16.xlsx,348,0,NOT_INGESTED
01_Raw/ML/Liquidacion_FF/2025-11 Noviembre/liquidacion-2025-11-17--2025-11-23.xlsx,320,0,NOT_INGESTED
01_Raw/ML/Liquidacion_FF/2025-11 Noviembre/liquidacion-2025-11-24--2025-11-30-1.xlsx,483,0,NOT_INGESTED
01_Raw/ML/Liquidacion_FF/2025-11 Noviembre/liquidacion-2025-11-24--2025-11-30-2.xlsx,3,0,NOT_INGESTED
01_Raw/ML/Liquidacion_FF/2025-11 Noviembre/liquidacion-2025-11-29--2025-11-30.xlsx,3,0,NOT_INGESTED
01_Raw/ML/Liquidacion_FF/2025-12 Diciembre/liquidacion-2025-12-01--2025-12-07.xlsx,500,0,NOT_INGESTED
01_Raw/ML/Liquidacion_FF/2025-12 Diciembre/liquidacion-2025-12-08--2025-12-14.xlsx,421,0,NOT_INGESTED
01_Raw/ML/Liquidacion_FF/2025-12 Diciembre/liquidacion-2025-12-15--2025-12-21.xlsx,456,0,NOT_INGESTED
01_Raw/ML/Liquidacion_FF/2025-12 Diciembre/liquidacion-2025-12-22--2025-12-28.xlsx,348,0,NOT_INGESTED
01_Raw/ML/Liquidacion_FF/2025-12 Diciembre/liquidacion-2025-12-29--2025-12-31.xlsx,166,0,NOT_INGESTED
01_Raw/ML/Liquidacion_FF/2026-01 Enero/liquidacion-2026-01-01--2026-01-04.xlsx,56,0,NOT_INGESTED
01_Raw/ML/Liquidacion_FF/2026-01 Enero/liquidacion-2026-01-05--2026-01-11.xlsx,230,0,NOT_INGESTED
01_Raw/ML/Liquidacion_FF/2026-01 Enero/liquidacion-2026-01-12--2026-01-18.xlsx,131,0,NOT_INGESTED
01_Raw/ML/Liquidacion_FF/2026-01 Enero/liquidacion-2026-01-19--2026-01-25.xlsx,62,0,NOT_INGESTED
01_Raw/ML/Liquidacion_FF/2026-01 Enero/liquidacion-2026-01-26--2026-01-31.xlsx,56,0,NOT_INGESTED
01_Raw/ML/Liquidacion_FF/2026-02- Febrero/liquidacion-2026-02-01--2026-02-01.xlsx,5,0,NOT_INGESTED
01_Raw/ML/Liquidacion_FF/2026-02- Febrero/liquidacion-2026-02-02--2026-02-08.xlsx,78,0,NOT_INGESTED
01_Raw/ML/Liquidacion_FF/2026-02- Febrero/liquidacion-2026-02-09--2026-02-15.xlsx,61,0,NOT_INGESTED
01_Raw/ML/Liquidacion_FF/2026-02- Febrero/liquidacion-2026-02-16--2026-02-22.xlsx,59,0,NOT_INGESTED
01_Raw/ML/Liquidacion_FF/2026-02- Febrero/liquidacion-2026-02-23--2026-02-28.xlsx,77,0,NOT_INGESTED
01_Raw/ML/Liquidacion_FF/2026-03-Marzo/liquidacion-2026-03-01--2026-03-01.xlsx,5,0,NOT_INGESTED
01_Raw/ML/Liquidacion_FF/2026-03-Marzo/liquidacion-2026-03-02--2026-03-08.xlsx,64,0,NOT_INGESTED
01_Raw/ML/Liquidacion_FF/2026-03-Marzo/liquidacion-2026-03-09--2026-03-15.xlsx,40,0,NOT_INGESTED
01_Raw/ML/Liquidacion_FF/2026-03-Marzo/liquidacion-2026-03-16--2026-03-22.xlsx,51,0,NOT_INGESTED
01_Raw/ML/Liquidacion_FF/2026-03-Marzo/liquidacion-2026-03-23--2026-03-29.xlsx,101,0,NOT_INGESTED
01_Raw/ML/Liquidacion_FF/2026-03-Marzo/liquidacion-2026-03-30--2026-03-31.xlsx,21,0,NOT_INGESTED
01_Raw/ML/Liquidacion_FF/2026-04 Abril/liquidacion-2026-04-01-2026-04-05.xlsx,48,0,NOT_INGESTED
01_Raw/ML/Liquidacion_FF/2026-04 Abril/liquidacion-2026-04-06-2026-04-12.xlsx,44,0,NOT_INGESTED
01_Raw/ML/Liquidacion_FF/2026-04 Abril/liquidacion-2026-04-13-2026-04-19.xlsx,39,0,NOT_INGESTED
01_Raw/ML/Liquidacion_FF/2026-04 Abril/liquidacion-2026-04-20-2026-04-26.xlsx,58,0,NOT_INGESTED
01_Raw/ML/Liquidacion_FF/2026-04 Abril/liquidacion-2026-04-27-2026-04-30.xlsx,18,0,NOT_INGESTED
01_Raw/ML/Liquidacion_FF/2026-05 Mayo/liquidacion-2026-05-01-2026-05-03.xlsx,23,0,NOT_INGESTED
01_Raw/ML/Liquidacion_FF/2026-05 Mayo/liquidacion-2026-05-04-2026-05-10.xlsx,167,0,NOT_INGESTED
01_Raw/ML/Liquidacion_FF/2026-05 Mayo/liquidacion-2026-05-11-2026-05-17.xlsx,99,0,NOT_INGESTED
01_Raw/ML/Liquidacion_FF/2026-05 Mayo/liquidacion-2026-05-18-2026-05-24.xlsx,108,0,NOT_INGESTED
01_Raw/ML/Liquidacion_FF/2026-05 Mayo/liquidacion-2026-05-25-2026-05-31.xlsx,121,0,NOT_INGESTED
01_Raw/ML/Liquidacion_FF/2026-06 Junio/liquidacion-2026-06-01-2026-06-07.xlsx,506,0,NOT_INGESTED
01_Raw/ML/Liquidacion_FF/2026-06 Junio/liquidacion-2026-06-08-2026-06-14.xlsx,211,0,NOT_INGESTED
01_Raw/ML/Liquidacion_FF/2026-06 Junio/liquidacion-2026-06-15-2026-06-21.xlsx,194,0,NOT_INGESTED
01_Raw/ML/Liquidacion_FF/2026-06 Junio/liquidacion-2026-06-22-2026-06-28.xlsx,217,0,NOT_INGESTED
01_Raw/ML/Liquidacion_FF/2026-06 Junio/liquidacion-2026-06-29-2026-06-30.xlsx,57,0,NOT_INGESTED
01_Raw/ML/Liberaciones/2025-01 Enero/Enero 2025.xlsx,4539,0,NOT_INGESTED
01_Raw/ML/Liberaciones/2025-02 Febrero/Febrero 2025.xlsx,2968,0,NOT_INGESTED
01_Raw/ML/Liberaciones/2025-03 Marzo/Marzo 2025.xlsx,3277,0,NOT_INGESTED
01_Raw/ML/Liberaciones/2025-04 Abril/Abril 2025.xlsx,5142,0,NOT_INGESTED
01_Raw/ML/Liberaciones/2025-05 Mayo/Mayo 2025.xlsx,5461,0,NOT_INGESTED
01_Raw/ML/Liberaciones/2025-06 Junio/Junio 2025.xlsx,5584,0,NOT_INGESTED
01_Raw/ML/Liberaciones/2025-07 Julio/Julio 2025.xlsx,7028,0,NOT_INGESTED
01_Raw/ML/Liberaciones/2025-08 Agosto/Agosto 2025.xlsx,4755,0,NOT_INGESTED
01_Raw/ML/Liberaciones/2025-09 Septiembre/Septiembre 2025.xlsx,3452,0,NOT_INGESTED
01_Raw/ML/Liberaciones/2025-10 Octubre/Octubre 2025.xlsx,5174,0,NOT_INGESTED
01_Raw/ML/Liberaciones/2025-11 Noviembre/Noviembre 2025.xlsx,6351,0,NOT_INGESTED
01_Raw/ML/Liberaciones/2025-12 Diciembre/Diciembre 2025.xlsx,8022,0,NOT_INGESTED
01_Raw/ML/Liberaciones/2026-01 Enero/Enero 2026.xlsx,3887,0,NOT_INGESTED
01_Raw/ML/Liberaciones/2026-02 Febrero/Febrero 2026.xlsx,2511,0,NOT_INGESTED
01_Raw/ML/Liberaciones/2026-03 Marzo/Marzo 2026.xlsx,2710,0,NOT_INGESTED
01_Raw/ML/Liberaciones/2026-04 Abril/Abril 2026.xlsx,4037,0,NOT_INGESTED
01_Raw/ML/Liberaciones/2026-05 Mayo/1may2026 a 31may2026.xlsx,4201,0,NOT_INGESTED
01_Raw/ML/Liberaciones/2026-06 Junio/1jun2026 a 30jun2026.xlsx,5195,0,NOT_INGESTED
01_Raw/ML/Liberaciones/2026-06 Junio/1jun2026 a 5jun 2026.xlsx,910,0,NOT_INGESTED
01_Raw/FALABELLA/Documentos Recepcionados/dteproveedor_7136.xml,0,0,FULLY_INGESTED
01_Raw/FALABELLA/Documentos Recepcionados/dteproveedor_7143.xml,0,0,FULLY_INGESTED
01_Raw/FALABELLA/Documentos Recepcionados/dteproveedor_7265.xml,0,0,FULLY_INGESTED
01_Raw/FALABELLA/Documentos Recepcionados/dteproveedor_7276.xml,0,0,FULLY_INGESTED
01_Raw/FALABELLA/Documentos Recepcionados/dteproveedor_7402.xml,0,0,FULLY_INGESTED
01_Raw/FALABELLA/Documentos Recepcionados/dteproveedor_7404.xml,0,0,FULLY_INGESTED
01_Raw/FALABELLA/Documentos Recepcionados/dteproveedor_7533.xml,0,0,FULLY_INGESTED
01_Raw/FALABELLA/Documentos Recepcionados/dteproveedor_7550.xml,0,0,FULLY_INGESTED
01_Raw/FALABELLA/Facturación/21 abril 2026 - 20 mayo 2026.csv,656,0,NOT_INGESTED
01_Raw/FALABELLA/Facturación/21 febrero 2026 - 20 marzo 2026.xlsx,0,30,PARTIALLY_INGESTED
01_Raw/FALABELLA/Facturación/21 marzo 2026 - 20 abril 2026.xlsx,0,553,PARTIALLY_INGESTED
01_Raw/FALABELLA/Facturación/21 mayo 2026 - 20 junio 2026.xlsx,0,1262,PARTIALLY_INGESTED
01_Raw/FALABELLA/Órdenes y Transacciones/1  abril   2026 - 31  mayo   2026.xlsx,5,0,NOT_INGESTED
01_Raw/FALABELLA/Órdenes y Transacciones/1  febrero   2026 - 31  marzo   2026.xlsx,5,0,NOT_INGESTED
01_Raw/FALABELLA/Órdenes y Transacciones/1  junio   2026 - 30  junio   2026.xlsx,5,0,NOT_INGESTED
