Número de factura;Order number;Date created;Estado del pedido;Subtotal de artículos (con impuestos);Gastos de envío (con impuestos);Precio total (con impuestos);Commission (excluding taxes);Impuestos sobre la comisión;Amount transferred to tienda (including taxes);Quantity;Producto;Product SKU;Offer SKU;Fecha de confirmación del pago;Shipping method;Shipping address last name;Shipping address first name;Shipping address company;Shipping address street 1;Shipping address street 2;Dirección de entrega: complementaria;Shipping address zip;Shipping address city;Shipping address state;Shipping address country;Billing address last name;Billing address first name;Billing address company;Billing address street 1;Billing address street 2;Dirección de facturación: complementaria;Billing address zip;Billing address city;Billing address state;Billing address country;Subtotal de artículos (sin impuestos);Impuestos sobre artículos;Gastos de envío (sin impuestos);Impuestos sobre gastos de envío;Precio total (sin impuestos);Impuestos sobre el precio total;Currency
000000591235;24543769701-A;10/04/2026 19:22:26;Recibido;36990;990;37980;6658;0.0000;30332;1;CHAQUETA LARGA IMPERMEABLE MOSTAZA OSCURO NICOPOLY;MPM10002646325-1;N05191UM;10/04/2026 19:22:28;18d_Retiro Tienda Ripley Punta Arenas;Seron;Marcia;;"Avda. E Frei Montalva 01110 Local 194 ";" 2do Piso. Servicio al Cliente";;;PTA.ARENAS;XII REGION;CL;Seron;Marcia;;21 de Mayo 1401;;;;PTA.ARENAS;XII REGION;CL;36990;0;990;0;37980;0;CLP
000000591235;24552656401-A;15/04/2026 19:09:32;Reembolsado;27990;0;27990;5038;0.0000;22952;1;CHAQUETA LEÑADORA BEIGE NICOPOLY;MPM00040988712-3;N02150AM;15/04/2026 19:09:33;8d_Retiro Tienda Ripley Castellón;Bizama;Carolina;;"Castellon 520, Concepcion ";6to Piso. Servicio al Cliente;;;CONCEPCION;VIII REGION;CL;Bizama;Carolina;;Manuel Bulnes  174;;;;CONCEPCION;VIII REGION;CL;27990;0;0;0;27990;0;CLP
000000591235;24554136501-A;16/04/2026 06:55:29;Recibido;68990;11990;80980;12418;0.0000;56572;1;ABRIGO ECOCUERO CAFE 	 NICOPOLY;MPM10003232488-2;N06217UXL;16/04/2026 06:55:31;Flujo Flota Propia;Camino Cuello;Catherine;;Av.Alemania pasaje los maquis 399;Casa;;;FRUTILLAR;X REGION;CL;Camino Cuello;Catherine;;Av.Alemania pasaje los maquis 399;;;;FRUTILLAR;X REGION;CL;68990;0;11990;0;80980;0;CLP
000000591235;24555027601-A;16/04/2026 12:39:05;Reembolsado;17990;0;17990;3238;0.0000;14752;1;JEANS BASICO PIERNA ANCHA NICOPOLY;MPM10002912796-4;N06003P36;16/04/2026 12:39:06;Retiro Tienda Ripley San Bernardo_BE;Zuniga;Johann;;"Av. Pdte. Jorge Alessandri Rodríguez 20040, San Bernardo ";2do Piso. Modulo Retiro en Tienda;;;SN.BERNARDO;REG.METROPOLITANA;CL;Zuniga;Johann;;Baquedano  1630;;;;SN.BERNARDO;REG.METROPOLITANA;CL;17990;0;0;0;17990;0;CLP
000000591235;24558372801-A;17/04/2026 08:17:57;Recibido;17990;990;18980;3238;0.0000;14752;1;BLAZER ENTALLADO CLASICO AMARILLO NICOPOLY;MPM00014509502-2;N00346FM;17/04/2026 08:17:58;Retiro Tienda Ripley Talca_BE;"Fuenzalida De La Parra ";"Clorindo Antonio ";;"8 Oriente 1212 ";" 2do Piso. Modulo Retiro en Tienda";;;TALCA;VII REGION;CL;"Fuenzalida De La Parra ";"Clorindo Antonio ";;27 sur 249;;;;TALCA;VII REGION;CL;17990;0;990;0;18980;0;CLP
000000591235;24565708401-A;21/04/2026 11:52:38;Reembolsado;32990;0;32990;5938;0.0000;27052;1;BLAZER FLOREADO CELESTE NICOPOLY;MPM10002627259-1;N05320KM;21/04/2026 11:52:39;Retiro Tienda Ripley Vina Del Mar_BE;"Mendoza ";"Giuliana ";;"Sucre 290, Viña ";5to Piso. Modulo Retiro en Tienda;;;VI.A DEL MA;V REGION;CL;"Vicencio Molina ";"Moiss ";;Pob Las praderas subida cementerio   27;;;;VI.A DEL MA;V REGION;CL;32990;0;0;0;32990;0;CLP
000000591235;24578325701-A;28/04/2026 16:46:23;Recibido;26990;990;27980;4858;0.0000;22132;1;TRENCH PRINCIPE DE GALES LAZO GRIS NICOPOLY;MPM00048421784-1;N02290IXL;28/04/2026 16:46:25;Retiro Tienda Ripley La Calera_BE;Vicencio;Marcelo;;"JJ Perez 90, La Calera ";" 2do Piso. Modulo Retiro en Tienda";;;LA CALERA;V REGION;CL;Vicencio;Marcelo;;San Diego  394;;;;LA CALERA;V REGION;CL;26990;0;990;0;27980;0;CLP
000000591235;24578889301-A;28/04/2026 21:51:32;Reembolsado;37990;0;37990;6838;0.0000;31152;1;FULFILLMENT-PANTALON BASICO VERDE NICOPOLY;MPM10003150071-3;N05298ES-7-FF;28/04/2026 21:51:33;FF_MATRIX_STS;Pulgar;Lissett;;"JJ Perez 90, La Calera ";" 2do Piso. Modulo Retiro en Tienda";;;LA CALERA;V REGION;CL;Pulgar;Lissett;;pudeto 1111;;;;LA CALERA;V REGION;CL;37990;0;0;0;37990;0;CLP
000000591235;24578889301-A;28/04/2026 21:51:32;Reembolsado;44990;0;44990;8098;0.0000;36892;1;FULFILLMENT-BLAZER BASICO DE TOPE VERDE NICOPOLY;MPM10003150057-4;N05301ES-7-FF;28/04/2026 21:51:33;FF_MATRIX_STS;Pulgar;Lissett;;"JJ Perez 90, La Calera ";" 2do Piso. Modulo Retiro en Tienda";;;LA CALERA;V REGION;CL;Pulgar;Lissett;;pudeto 1111;;;;LA CALERA;V REGION;CL;44990;0;0;0;44990;0;CLP
000000591235;24579251301-A;29/04/2026 01:53:29;Recibido;21990;990;22980;3958;0.0000;18032;1;SWEATER MUJER NICOPOLY ROJO BÁSICO CUELLO REDONDO;MPM10002160523-3;N04248DS-6;29/04/2026 01:53:31;Retiro Tienda Ripley Plaza Vespucio_BE;Silvia Vargas;Tiare;;"Av. Vicuña Mackenna Ote. 7110, La Florida ";3er Piso. Modulo Retiro en Tienda;;;LA FLORIDA;REG.METROPOLITANA;CL;Silvia Vargas;Tiare;;Covadonga  1342;;;;LA FLORIDA;REG.METROPOLITANA;CL;21990;0;990;0;22980;0;CLP
000000591235;24582913901-A;30/04/2026 17:14:41;Reembolsado;71990;0;71990;12958;0.0000;59032;1;ABRIGO SOLAPA REDONDA ROJO NICOPOLY;MPM10002646316-4;N05252DM;30/04/2026 17:14:43;Retiro Tienda Ripley Marina Arauco_BE;Ojeda;Nataly;;"Avenida Libertad 1348 ";" Piso 4. Modulo Retiro en Tienda";;;VI.A DEL MA;V REGION;CL;Ojeda;Nataly;;El palto 3001;;;;VI.A DEL MA;V REGION;CL;71990;0;0;0;71990;0;CLP
000000591235;24583231801-A;30/04/2026 19:50:01;Recibido;26990;990;27980;4858;0.0000;22132;1;TRENCH PRINCIPE DE GALES LAZO GRIS NICOPOLY;MPM00048421784-1;N02290IXL;30/04/2026 19:50:02;Retiro Tienda Ripley Plaza Oeste_BE;Castillo;Claudia;;"Américo Vespucio 1501 ";" 3er Piso. Modulo Retiro en Tienda";;;CERRILLOS;REG.METROPOLITANA;CL;Castillo;Claudia;;El alcázar oriente  1633;;;;CERRILLOS;REG.METROPOLITANA;CL;26990;0;990;0;27980;0;CLP
000000591235;24585249201-A;01/05/2026 15:30:26;Recibido;9990;990;10980;1798;0.0000;8192;1;POLERA MANGA LARGA CROP CAFE  NICOPOLY;MPM10003202729-3;N06268UM;01/05/2026 15:30:27;Retiro Tienda Ripley Talca_BE;Chamorro;"Mara Isabel ";;"8 Oriente 1212 ";" 2do Piso. Modulo Retiro en Tienda";;;TALCA;VII REGION;CL;Chamorro;"Mara Isabel ";;Chile nuevo las violetas  80;;;;TALCA;VII REGION;CL;9990;0;990;0;10980;0;CLP
000000591235;24585617201-A;01/05/2026 17:30:11;Reembolsado;19990;0;19990;3598;0.0000;16392;1;FALDA MUJER NICOPOLY CAFÉ MINI LEOPARDO;MPM10002146549-2;N05309UL;01/05/2026 17:30:12;Retiro Tienda Ripley La Serena_BE;Toro;Fanny;;"Gregorio Cordovez 499 ";" 3er Piso. Modulo Retiro en Tienda";;;LA SERENA;IV REGION;CL;Toro;Fanny;;Guillermo ulriksen 1799;;;;LA SERENA;IV REGION;CL;19990;0;0;0;19990;0;CLP
000000591235;24586217101-A;01/05/2026 20:44:23;Reembolsado;79990;0;79990;14398;0.0000;65592;1;ABRIGO LARGO LAZO NEGRO NICOPOLY;MPM10002646306-3;N04227BL-6;01/05/2026 20:44:24;Retiro Tienda Ripley Quilpue_BE;Olmedo;Edith;;"Claudio Vicuña 992, Quilpue ";" 3er Piso. Modulo Retiro en Tienda";;;QUILPUE;V REGION;CL;Olmedo;Edith;;Nva Victoria 70;;;;QUILPUE;V REGION;CL;79990;0;0;0;79990;0;CLP
000000591235;24586378201-A;01/05/2026 21:30:18;Recibido;19990;0;19990;3598;0.0000;16392;1;CALZA SKINNY TIPO ENCERADA NEGRO NICOPOLY;MPM10002635868-1;N05316BM;01/05/2026 21:30:19;Retiro Tienda Ripley Curico_BE;Correa;Natalia;;"Av.OHiggins 201 ";" 2do Piso. Servicio al Cliente";;;CURICO;VII REGION;CL;Correa;Natalia;;Agustín Besoain 408;;;;CURICO;VII REGION;CL;19990;0;0;0;19990;0;CLP
000000591235;24586553301-A;01/05/2026 22:17:51;Recibido;79990;990;80980;14398;0.0000;65592;1;ABRIGO 4 BOTONES OXIDO NICOPOLY;MPM10002646319-3;N05155US;01/05/2026 22:17:52;Retiro Tienda Ripley Mall Concepcion_BE;Gonzalez;Felipe;;"Barros Arana 1068, Concepcion ";" 3er Piso. Modulo Retiro en Tienda";;;CONCEPCION;VIII REGION;CL;Matamala;Ana;;Cochrane 1164;;;;CONCEPCION;VIII REGION;CL;79990;0;990;0;80980;0;CLP
000000591235;24586954601-A;02/05/2026 00:58:04;Recibido;9990;990;10980;1798;0.0000;8192;1;POLERA MANGA LARGA CUELLO BOTE BURDEO NICOPOLY;MPM10003203309-2;N06308TS;02/05/2026 00:58:06;Retiro Tienda Ripley Antofagasta_BE;"Malbran ";"Patricia ";;"Arturo Prat 530 ";" 4to Piso. Servicio al Cliente";;;ANTOFAGASTA;II REGION;CL;"Malbran ";"Patricia ";;Caparrosa  461;;;;ANTOFAGASTA;II REGION;CL;9990;0;990;0;10980;0;CLP
000000591235;24589819801-A;02/05/2026 23:13:02;Recibido;27990;0;27990;5038;0.0000;22952;1;SWEATER TRENZADO CUELLO ALTO GRIS NICOPOLY;MPM10003238379-3;N06262NM;02/05/2026 23:13:03;Retiro Tienda Ripley Puente_BE;Huenchumil;Solange;;"21 de Mayo 698 ";4to Piso. Modulo Retiro en Tienda;;;SANTIAGO;REG.METROPOLITANA;CL;Huenchumil;Solange;;Ambrosio O'Higgins 1305;;;;SANTIAGO;REG.METROPOLITANA;CL;27990;0;0;0;27990;0;CLP
000000591235;24591774601-A;03/05/2026 17:02:26;Recibido;39990;0;39990;7198;0.0000;32792;1;BLAZER PIED DE POULE CAFE  NICOPOLY;MPM10001713149-1;N05037LL;03/05/2026 17:02:27;Retiro Tienda Ripley Mall Calama_BE;Tapia;Stephanie;;"Balmaceda 3242, Calama ";" 2do Piso. Servicio al Cliente";;;CALAMA;II REGION;CL;Tapia;Stephanie;;Vasco de gama 2192;;;;CALAMA;II REGION;CL;39990;0;0;0;39990;0;CLP
000000591235;24593216101-A;03/05/2026 22:01:48;Recibido;29990;990;30980;5398;0.0000;24592;1;BLAZER BASICO DE TOPE GRIS NICOPOLY;MPM10002924446-4;N05301IL;03/05/2026 22:01:49;Flujo Flota Propia;Figueroa;Jose;;Nogales 881;Casa;;;SN.BERNARDO;REG.METROPOLITANA;CL;Figueroa;Jose;;Nogales 881;;;;SN.BERNARDO;REG.METROPOLITANA;CL;29990;0;990;0;30980;0;CLP
000000591235;24593555701-A;03/05/2026 22:57:06;Recibido;23990;0;23990;4318;0.0000;19672;1;FULFILLMENT-POLERA MANGA CORTA DE HILO AZUL ELE CTRICO NICOPOLY;MPM10003195780-3;N06228CS-FF;03/05/2026 22:57:07;FF_MATRIX;Toledo;Paulina;;Los Laureles 5241;S/N;;;LA FLORIDA;REG.METROPOLITANA;CL;Toledo;Paulina;;Los Laureles 5241;;;;LA FLORIDA;REG.METROPOLITANA;CL;23990;0;0;0;23990;0;CLP
000000591235;24594438901-A;04/05/2026 09:20:54;Recibido;26990;990;27980;4858;0.0000;22132;1;TRENCH PRINCIPE DE GALES LAZO GRIS NICOPOLY;MPM00048421784-1;N02290IXL;04/05/2026 09:20:55;Retiro Tienda Ripley El Trebol_BE;Reoblledo;Jessica;;"Avenida Jorge Alessandri 3177 ";" 3er Piso. Modulo Retiro en Tienda";;;TALCAHUANO;VIII REGION;CL;Reoblledo;Jessica;;Orompello 680;;;;TALCAHUANO;VIII REGION;CL;26990;0;990;0;27980;0;CLP
000000591235;24594442801-A;04/05/2026 09:21:44;Recibido;26990;0;26990;4858;0.0000;22132;1;FULFILLMENT-GILET 4 BOTONES CAFE  NICOPOLY;MPM10003150060-3;N05262UM-FF;04/05/2026 09:21:45;FF_MATRIX_STS;Nova Molina;Stephanie;;"Barros Arana 1068, Concepcion ";" 3er Piso. Modulo Retiro en Tienda";;;CONCEPCION;VIII REGION;CL;Nova Molina;Stephanie;;Ohiggins  100;;;;CONCEPCION;VIII REGION;CL;26990;0;0;0;26990;0;CLP
000000591235;24594727505-A;04/05/2026 11:15:23;Recibido;19990;0;19990;3598;0.0000;16392;1;SHORT CON BOTONES DELANTEROS  BLANCO NICOPOLY;MPM10002977972-3;N06068AXL;04/05/2026 11:15:25;Retiro Tienda Ripley Parque Arauco_BE;Cerda;Jocelyn;;"Avenida Kennedy 5413 ";4to Piso. Modulo Retiro en Tienda;;;LAS CONDES;REG.METROPOLITANA;CL;Cerda;Jocelyn;;OConnell 70;;;;LAS CONDES;REG.METROPOLITANA;CL;19990;0;0;0;19990;0;CLP
000000591235;24594828501-A;04/05/2026 11:44:48;Recibido;49990;0;49990;8998;0.0000;40992;1;FULFILLMENT-CHAQUETA ECOCUERO ACOLCHADO CUELLO MAO NEGRO NICOPOLY;MPM10003221467-4;N06205BM-FF;04/05/2026 11:44:49;FF_MATRIX_STS;Rivas Deville;Myriam;;"Av. Diego Portales 640, Arica ";2do Piso. Modulo Retiro en Tienda;;;ARICA;XV REGION;CL;Rivas Deville;Myriam;;Iglesia de La Merced 3831;;;;ARICA;XV REGION;CL;49990;0;0;0;49990;0;CLP
000000591235;24595922501-A;04/05/2026 17:35:56;Recibido;59990;990;60980;10798;0.0000;49192;1;TRENCH LAZO TIPO GAMUZA CAFE  NICOPOLY;MPM10002635821-1;N05001OL-6;04/05/2026 17:35:57;Retiro Tienda Ripley Copiapo_BE;Vaccaro;Dante;;"Calle Maipu S/N, Copiapo ";" 2do Piso. Servicio al Cliente";;;COPIAPO;III REGION;CL;Vaccaro;Dante;;Licancabur 1580;;;;COPIAPO;III REGION;CL;59990;0;990;0;60980;0;CLP
000000591235;24596024601-A;04/05/2026 18:09:42;Recibido;27990;0;27990;5038;0.0000;22952;1;BLAZER 4 BOTONES DECORATIVOS NEGRO NICOPOLY;MPM10001713165-2;N10046BL-5;04/05/2026 18:09:43;Retiro Tienda Ripley Mall Concepcion_BE;"Robles ";"Helen ";;"Barros Arana 1068, Concepcion ";" 3er Piso. Modulo Retiro en Tienda";;;CONCEPCION;VIII REGION;CL;"Valenzuela ";Evelyn;;Calle los acacios 256;;;;CONCEPCION;VIII REGION;CL;27990;0;0;0;27990;0;CLP
000000591235;24596619601-A;04/05/2026 21:09:38;Recibido;36990;2185;39175;6658;0.0000;30332;1;PANTALÓN MUJER NICOPOLY CAQUI LAZO HEBILLA;MPM10002146498-1;N05271LL;04/05/2026 21:09:39;Flujo Flota Propia;Rodriguez;Paula;;Apolo cinco 1860;S/N;;;VITACURA;REG.METROPOLITANA;CL;Rodriguez;Paula;;Apolo cinco 1860;;;;VITACURA;REG.METROPOLITANA;CL;36990;0;2185;0;39175;0;CLP
000000591235;24596619602-A;04/05/2026 21:09:38;Reembolsado;37990;0;37990;6838;0.0000;31152;1;FULFILLMENT-PANTALON RECTO CON PINZA AZUL NICOPOLY;MPM10003150034-2;N04277PL-FF;04/05/2026 21:09:40;FF_MATRIX;Rodriguez;Paula;;Apolo cinco 1860;S/N;;;VITACURA;REG.METROPOLITANA;CL;Rodriguez;Paula;;Apolo cinco 1860;;;;VITACURA;REG.METROPOLITANA;CL;37990;0;0;0;37990;0;CLP
000000591235;24597378601-A;05/05/2026 00:01:48;Recibido;9990;990;10980;1798;0.0000;8192;1;POLERA MANGA LARGA CUELLO BOTE CAFE  NICOPOLY;MPM10003203224-2;N06308UL;05/05/2026 00:01:49;Retiro Tienda Ripley San Bernardo_BE;Baeza;Romina;;"Av. Pdte. Jorge Alessandri Rodríguez 20040, San Bernardo ";2do Piso. Modulo Retiro en Tienda;;;SN.BERNARDO;REG.METROPOLITANA;CL;Baeza;Romina;;Avenida Colon Sur  765;;;;SN.BERNARDO;REG.METROPOLITANA;CL;9990;0;990;0;10980;0;CLP
000000591235;24597943101-A;05/05/2026 10:28:56;Recibido;22990;990;23980;4138;0.0000;18852;1;VESTIDO PLIEGUES EN CINTURA NEGRO NICOPOLY;MPM10002627270-2;N05278BL;05/05/2026 10:28:57;Retiro Tienda Ripley Valparaiso_BE;Bastidas;Carol;;"Plaza Victoria 1646 ";" 4to Piso. Servicio al Cliente";;;VALPARAISO;V REGION;CL;Bastidas;Carol;;Avenida curauma sur 2442 264;;;;VALPARAISO;V REGION;CL;22990;0;990;0;23980;0;CLP
000000591235;24598520801-A;05/05/2026 13:32:58;Recibido;22990;990;23980;4138;0.0000;18852;1;VESTIDO PLIEGUES EN CINTURA NEGRO NICOPOLY;MPM10002627270-4;N05278BXL;05/05/2026 13:32:58;Retiro Tienda Ripley Florida_BE;Besares;"Noelia ";;"Vicuña Mackenna Oriente 6100, La Florida ";3er Piso. Modulo Retiro en Tienda;;;LA FLORIDA;REG.METROPOLITANA;CL;Besares;Cecilia;;La reconquista  7707;;;;LA FLORIDA;REG.METROPOLITANA;CL;22990;0;990;0;23980;0;CLP
000000591235;24598726201-A;05/05/2026 14:44:29;Recibido;29990;990;30980;5398;0.0000;24592;1;JEANS BASICO PIERNA ACAMPANADA NICOPOLY;MPM10002912804-2;N06043P40;05/05/2026 14:44:30;Retiro Tienda Ripley El Trebol_BE;Inzunza;Helga;;"Avenida Jorge Alessandri 3177 ";" 3er Piso. Modulo Retiro en Tienda";;;TALCAHUANO;VIII REGION;CL;Inzunza;Helga;;Reino Guelén 57;;;;TALCAHUANO;VIII REGION;CL;29990;0;990;0;30980;0;CLP
000000591235;24598950001-A;05/05/2026 15:59:54;Recibido;22990;990;23980;4138;0.0000;18852;1;CAMISA ALGODÓN MUJER NICOPOLY BLANCO BÁSICA;MPM10002128956-3;N05285AM;05/05/2026 15:59:56;Retiro Tienda Ripley Parque Arauco_BE;Pereira;Olga;;"Avenida Kennedy 5413 ";4to Piso. Modulo Retiro en Tienda;;;LAS CONDES;REG.METROPOLITANA;CL;Pereira;Olga;;Río Sena 8696;;;;LAS CONDES;REG.METROPOLITANA;CL;22990;0;990;0;23980;0;CLP
000000591235;24599283001-A;05/05/2026 17:54:39;Recibido;36990;990;37980;6658;0.0000;30332;1;TRENCH LAZO HEBILLA KHAKI NICOPOLY;MPM10002635817-3;N05182LS;05/05/2026 17:54:40;Retiro Tienda Ripley Tobalaba_BE;Hernandez Hanssen;Camila Andrea Teresa;;"Av. Camilo Henríquez 3296, Puente Alto ";2do Piso. Modulo Retiro en Tienda;;;PUENTE ALTO;REG.METROPOLITANA;CL;Hernandez Hanssen;Camila Andrea Teresa;;San Bernardo 2902;;;;PUENTE ALTO;REG.METROPOLITANA;CL;36990;0;990;0;37980;0;CLP
000000591235;24599332101-A;05/05/2026 18:11:28;Recibido;79990;990;80980;14398;0.0000;65592;1;ABRIGO CUELLO CAMISERO BEIGE NICOPOLY;MPM10003232215-3;N06207GS;05/05/2026 18:11:29;Retiro Tienda Ripley Talca_BE;"Piñeira ";Daniela;;"8 Oriente 1212 ";" 2do Piso. Modulo Retiro en Tienda";;;TALCA;VII REGION;CL;Castro Zamorano;Maria Teresa;;6 norte 35 y 36 oriente 3788;;;;TALCA;VII REGION;CL;79990;0;990;0;80980;0;CLP
000000591235;24599767301-A;05/05/2026 20:28:02;Recibido;9990;495;10485;1798;0.0000;8192;1;POLERA MANGA LARGA CUELLO BOTE BURDEO NICOPOLY;MPM10003203309-2;N06308TS;05/05/2026 20:28:03;Retiro Tienda Ripley Maipu_BE;Cruz Flores;Imara Nayeli;;"Av. Americo Vespucio 399 ";" 2do Piso. Modulo Retiro en Tienda";;;MAIPU;REG.METROPOLITANA;CL;Cruz Flores;Imara Nayeli;;La Capilla  8039;;;;MAIPU;REG.METROPOLITANA;CL;9990;0;495;0;10485;0;CLP
000000591235;24599767301-A;05/05/2026 20:28:02;Recibido;9990;495;10485;1798;0.0000;8192;1;POLERA MANGA LARGA CUELLO BOTE BURDEO NICOPOLY;MPM10003203309-4;N06308TM;05/05/2026 20:28:03;Retiro Tienda Ripley Maipu_BE;Cruz Flores;Imara Nayeli;;"Av. Americo Vespucio 399 ";" 2do Piso. Modulo Retiro en Tienda";;;MAIPU;REG.METROPOLITANA;CL;Cruz Flores;Imara Nayeli;;La Capilla  8039;;;;MAIPU;REG.METROPOLITANA;CL;9990;0;495;0;10485;0;CLP
000000591235;24599832801-A;05/05/2026 20:52:08;Recibido;84990;990;85980;15298;0.0000;69692;1;ABRIGO SOLAPA Y CINTURON CAFE  NICOPOLY;MPM10003232690-1;N06188US;05/05/2026 20:52:10;Retiro Tienda Ripley Los Andes_BE;"Orellana ";"Luis ";;"Santa Teresita 683 ";2do Piso. Servicio al Cliente;;;LOS ANDES;V REGION;CL;"Orellana ";"Luis ";;Parinacota 212;;;;LOS ANDES;V REGION;CL;84990;0;990;0;85980;0;CLP
000000591235;24600328301-A;05/05/2026 22:32:51;Reembolsado;23990;0;23990;4318;0.0000;19672;1;FULFILLMENT-BLUSA VUELOS MANGA LARGA NEGRO NICOPOLY;MPM10002943905-3;N06067BL-FF;05/05/2026 22:32:52;FF_MATRIX_STS;Troncoso;Angela;;"5 de Abril 699 ";4to Piso. Centro de atención al Cliente;;;CHILLAN;XVI REGION;CL;Troncoso;Angela;;Reserva nonguen 690;;;;CHILLAN;XVI REGION;CL;23990;0;0;0;23990;0;CLP
000000591235;24601019601-A;06/05/2026 07:36:21;Recibido;49990;3990;53980;8998;0.0000;40992;1;CHAQUETA ECOCUERO/TIPO PIEL CAFE  NICOPOLY;MPM10002661333-3;N05148UM;06/05/2026 07:36:23;Flujo Flota Propia;"Villegas ";"Nathaly ";;"Sacristia   830 ";S/N;;;MAIPU;REG.METROPOLITANA;CL;"Villegas ";"Nathaly ";;"Sacristia   830 ";;;;MAIPU;REG.METROPOLITANA;CL;49990;0;3990;0;53980;0;CLP
000000591235;24601242901-A;06/05/2026 09:39:01;Recibido;7990;990;8980;1438;0.0000;6552;1;POLERA BASICA CUELLO REDONDO BLANCO NICOPOLY;MPM10003146648-4;N06276AM;06/05/2026 09:39:02;Retiro Tienda Ripley Marina Arauco_BE;Soto;Michelle;;"Avenida Libertad 1348 ";" Piso 4. Modulo Retiro en Tienda";;;VI.A DEL MA;V REGION;CL;Soto;Michelle;;Los Pensamientos 111;;;;VI.A DEL MA;V REGION;CL;7990;0;990;0;8980;0;CLP
000000591235;24602781301-A;06/05/2026 17:21:03;Reembolsado;71990;0;71990;12958;0.0000;59032;1;FULFILLMENT-ABRIGO SOLAPA REDONDA VERDE PETROLEO NICOPOLY;MPM10003238324-2;N05252EM-FF;06/05/2026 17:21:04;FF_MATRIX;Barrera;Esteban;;José Ureta 501;1708;;;LA CISTERNA;REG.METROPOLITANA;CL;Barrera;Esteban;;José Ureta 501;;;;LA CISTERNA;REG.METROPOLITANA;CL;71990;0;0;0;71990;0;CLP
000000591235;24602805701-A;06/05/2026 17:26:47;Recibido;24990;990;25980;4498;0.0000;20492;1;PANTALÓN MUJER NICOPOLY CELESTE DOS BOTONES;MPM10001916742-3;N05289KM;06/05/2026 17:26:48;Retiro Tienda Ripley Antofagasta_BE;"Ferreira Ahumada ";Lucy  Graciela;;"Arturo Prat 530 ";" 4to Piso. Servicio al Cliente";;;ANTOFAGASTA;II REGION;CL;"Ferreira Ahumada ";Lucy  Graciela;;avda iquique  4648;;;;ANTOFAGASTA;II REGION;CL;24990;0;990;0;25980;0;CLP
000000591235;24602879001-A;06/05/2026 17:49:33;Recibido;33990;0;33990;6118;0.0000;27872;1;FULFILLMENT-CARDIGAN MANGA GLOBO NEGRO NICOPOLY;MPM10003221485-1;N06233BL-FF;06/05/2026 17:49:34;FF_MATRIX;Lepe Gonzalez;Bernardita;;Reina Victoria 7062;f;;;LA REINA;REG.METROPOLITANA;CL;Lepe Gonzalez;Bernardita;;Reina Victoria 7062;;;;LA REINA;REG.METROPOLITANA;CL;33990;0;0;0;33990;0;CLP
000000591235;24603231301-A;06/05/2026 19:41:36;Recibido;34990;0;34990;6298;0.0000;28692;1;BLAZER MUJER NICOPOLY VERDE OSCURO CUELLO MAO;MPM10002160487-4;N00156ES-6;06/05/2026 19:41:37;Retiro Tienda Ripley La Calera_BE;Guerrero;Pamela;;"JJ Perez 90, La Calera ";" 2do Piso. Modulo Retiro en Tienda";;;LA CALERA;V REGION;CL;Guerrero;Pamela;;Marathon 312;;;;LA CALERA;V REGION;CL;34990;0;0;0;34990;0;CLP
000000591235;24603818401-A;06/05/2026 21:55:34;Recibido;38990;990;39980;7018;0.0000;31972;1;CHAQUETA BIKER NEGRO NICOPOLY;MPM10002617343-1;N02107BM-6;06/05/2026 21:55:35;Retiro Tienda Ripley Rancagua_BE;Rojas;"Claudia ";;"José Domingo Mujica 490 ";" 3er Piso. Modulo Retiro en Tienda";;;RANCAGUA;VI REGION;CL;Rojas;Claudia;;Gaza 261;;;;RANCAGUA;VI REGION;CL;38990;0;990;0;39980;0;CLP
000000591235;24603922401-A;06/05/2026 22:18:25;Recibido;21990;990;22980;3958;0.0000;18032;1;SWEATER MUJER NICOPOLY CELESTE BÁSICO CUELLO REDONDO;MPM10002160533-1;N04248KL-6;06/05/2026 22:18:26;Retiro Tienda Ripley Costanera Center_BE;Illanes;Gloria;;"Avenida Andrés Bello 2422 ";" 1er Piso. Modulo Retiro en Tienda";;;PROVIDENCIA;REG.METROPOLITANA;CL;Illanes;Gloria;;Luis thayer ojeda 1230;;;;PROVIDENCIA;REG.METROPOLITANA;CL;21990;0;990;0;22980;0;CLP
000000591235;24604001401-A;06/05/2026 22:33:38;Recibido;25990;990;26980;4678;0.0000;21312;1;CÁRDIGAN MUJER NICOPOLY ROJO CROP PERLAS;MPM10002160522-2;N05227DS;06/05/2026 22:33:39;Retiro Tienda Ripley Rancagua_BE;Castro Olate;Monica;;"José Domingo Mujica 490 ";" 3er Piso. Modulo Retiro en Tienda";;;RANCAGUA;VI REGION;CL;Castro Olate;Monica;;Viña snta blanca pasaje claudio bravo 1719;;;;RANCAGUA;VI REGION;CL;25990;0;990;0;26980;0;CLP
000000591235;24604547901-A;07/05/2026 03:36:56;Recibido;9990;990;10980;1798;0.0000;8192;1;POLERA MANGA LARGA CUELLO REDONDO BURDEO NICOPOLY;MPM10003199768-4;N06125TM;07/05/2026 03:36:58;Retiro Tienda Ripley Marina Arauco_BE;Saldaño;Vicente;;"Avenida Libertad 1348 ";" Piso 4. Modulo Retiro en Tienda";;;VI.A DEL MA;V REGION;CL;Muoz;Valeska;;Padre rene Pienovi 965;;;;VI.A DEL MA;V REGION;CL;9990;0;990;0;10980;0;CLP
000000591235;24604869901-A;07/05/2026 10:03:40;Recibido;11990;990;12980;2158;0.0000;9832;1;POLERA RAYAS MANGA LARGA CAFE  NICOPOLY;MPM10003202771-2;N06271US;07/05/2026 10:03:41;Retiro Tienda Ripley Antofagasta_BE;Soto Hernandez;Maria Liliana;;"Arturo Prat 530 ";" 4to Piso. Servicio al Cliente";;;ANTOFAGASTA;II REGION;CL;Soto Hernandez;Maria Liliana;;Calle montevideo 143;;;;ANTOFAGASTA;II REGION;CL;11990;0;990;0;12980;0;CLP
000000591235;24604889601-A;07/05/2026 10:14:16;Recibido;27990;990;28980;5038;0.0000;22952;1;BLAZER 4 BOTONES DECORATIVOS NEGRO NICOPOLY;MPM10001713165-2;N10046BL-5;07/05/2026 10:14:18;Retiro Tienda Ripley Curico_BE;Navarro;Angela;;"Av.OHiggins 201 ";" 2do Piso. Servicio al Cliente";;;CURICO;VII REGION;CL;Navarro;Angela;;Calle Echazarreta 2454;;;;CURICO;VII REGION;CL;27990;0;990;0;28980;0;CLP
000000591235;24605151701-A;07/05/2026 11:47:12;Recibido;17990;990;18980;3238;0.0000;14752;1;BLAZER ENTALLADO CLASICO AMARILLO NICOPOLY;MPM00014509502-2;N00346FM;07/05/2026 11:47:14;Retiro Tienda Ripley San Bernardo_BE;Gomez;Johanna;;"Av. Pdte. Jorge Alessandri Rodríguez 20040, San Bernardo ";2do Piso. Modulo Retiro en Tienda;;;SN.BERNARDO;REG.METROPOLITANA;CL;Gomez;Johanna;;Los boldos 346;;;;SN.BERNARDO;REG.METROPOLITANA;CL;17990;0;990;0;18980;0;CLP
000000591235;24605325201-A;07/05/2026 12:49:43;Recibido;34990;0;34990;6298;0.0000;28692;1;FULFILLMENT-BLAZER CUELLO CRUZADO BLANCO NICOPOLY;MPM10002943914-1;N05299AXL-FF;07/05/2026 12:49:44;FF_MATRIX_STS;Saldias;Jaime;;"Avenida Jorge Alessandri 3177 ";" 3er Piso. Modulo Retiro en Tienda";;;TALCAHUANO;VIII REGION;CL;Altamirano;Rosa;;Dos poniente  7308;;;;TALCAHUANO;VIII REGION;CL;34990;0;0;0;34990;0;CLP
000000591235;24605498301-A;07/05/2026 13:47:33;Recibido;9990;0;9990;1798;0.0000;8192;1;POLERA MANGA LARGA CUELLO BOTE BLANCO NICOPOLY;MPM10003203200-1;N06308AL;07/05/2026 13:47:34;Retiro Tienda Ripley Florida_BE;Gravert;Carlos;;"Vicuña Mackenna Oriente 6100, La Florida ";3er Piso. Modulo Retiro en Tienda;;;LA FLORIDA;REG.METROPOLITANA;CL;Hernndez;Katherine;;Jardín de Venus Sur 570, 8722164 Quilicura, Santiago, Región Metropolitana, Chile 570;;;;LA FLORIDA;REG.METROPOLITANA;CL;9990;0;0;0;9990;0;CLP
000000591235;24606167001-A;07/05/2026 17:54:01;Reembolsado;44990;0;44990;8098;0.0000;36892;1;FULFILLMENT-JEANS CORTE BARREL AZUL NICOPOLY;MPM10003208984-4;N06182PL-FF;07/05/2026 17:54:02;FF_MATRIX_STS;Reinoso;"Jimena ";;"Baquedano 86 ";" 1er Piso. Servicio al Cliente";;;COQUIMBO;IV REGION;CL;Reinoso;"Jimena ";;Abraham schnaiderman  5033;;;;COQUIMBO;IV REGION;CL;44990;0;0;0;44990;0;CLP
000000591235;24606659602-A;07/05/2026 20:47:04;Recibido;29990;0;29990;5398;0.0000;24592;1;FULFILLMENT-SWEATER CRUZADO CON BOTONES NEGRO NICOPOLY;MPM10003227951-2;N06249BS-FF;07/05/2026 20:47:05;FF_MATRIX;Schmidt;Patricia;;Los Clarines 3136;707;;;MACUL;REG.METROPOLITANA;CL;Schmidt;Patricia;;Los Clarines 3136;;;;MACUL;REG.METROPOLITANA;CL;29990;0;0;0;29990;0;CLP
000000591235;24606713601-A;07/05/2026 21:09:13;Recibido;29990;990;30980;5398;0.0000;24592;1;VESTIDO ACANALADO NEGRO CON CINTURON NICOPOLY;MPM10002912532-1;N06097BL;07/05/2026 21:09:14;Retiro Tienda Ripley Huechuraba_BE;Muñoz Galdames;Jocelyn de Lourdes;;"Av. Americo Vespucio Norte 1737 ";" 2do Piso. Modulo Retiro en Tienda";;;HUECHURABA;REG.METROPOLITANA;CL;Galdames;Lucy Cristina;;Leufu  636;;;;HUECHURABA;REG.METROPOLITANA;CL;29990;0;990;0;30980;0;CLP
000000591235;24606922101-A;07/05/2026 21:58:55;Recibido;12990;990;13980;2338;0.0000;10652;1;BLUSA TRANSPARENCIA NUDO CEBRA CAFE  NICOPOLY;MPM10002952045-1;N06051US;07/05/2026 21:58:57;Retiro Tienda Ripley Talca_BE;Arellano Leiva;Génesis;;"8 Oriente 1212 ";" 2do Piso. Modulo Retiro en Tienda";;;TALCA;VII REGION;CL;Arellano Leiva;Génesis;;1 sur , 865 111;;;;TALCA;VII REGION;CL;12990;0;990;0;13980;0;CLP
000000591235;24606966601-A;07/05/2026 22:11:08;Recibido;21990;990;22980;3958;0.0000;18032;1;SWEATER MUJER NICOPOLY MAGENTA BÁSICO CUELLO REDONDO;MPM10002160475-1;N04248ZS-6;07/05/2026 22:11:09;Retiro Tienda Ripley Talca_BE;Bruna Rojas;Carmen Gloria;;"8 Oriente 1212 ";" 2do Piso. Modulo Retiro en Tienda";;;TALCA;VII REGION;CL;Bruna Rojas;Carmen Gloria;;7norte 22 y 23 oriente Nueva Holanda 3076;;;;TALCA;VII REGION;CL;21990;0;990;0;22980;0;CLP
000000591235;24607026301-A;07/05/2026 22:29:20;Recibido;12990;990;13980;2338;0.0000;10652;1;BLUSA TRANSPARENCIA NUDO CEBRA CAFE  NICOPOLY;MPM10002952045-1;N06051US;07/05/2026 22:29:21;Retiro Tienda Ripley Plaza Egana_BE;Terzi;Giovanna;;"Larrain 5800 ";" 3er Piso. Modulo Retiro en Tienda";;;NUNOA;REG.METROPOLITANA;CL;Terzi;Giovanna;;HAMBURGO 920 DPTO 920;;;;NUNOA;REG.METROPOLITANA;CL;12990;0;990;0;13980;0;CLP
000000591235;24607244701-A;07/05/2026 23:31:25;Recibido;15990;990;16980;2878;0.0000;13112;1;POLERA CON TRANSPARENCIAS NICOPOLY;MPM10002950554-4;N06140BXL;07/05/2026 23:31:26;Retiro Tienda Ripley Puerto Montt_BE;Vargas;"Vanessa ";;"Urmeneta 595, Puerto Montt ";4to Piso. Servicio al Cliente;;;PTO.MONTT;X REGION;CL;Vargas;"Vanessa ";;Los Leones  6;;;;PTO.MONTT;X REGION;CL;15990;0;990;0;16980;0;CLP
000000591235;24607733001-A;08/05/2026 09:13:50;Recibido;23990;0;23990;4318;0.0000;19672;1;FULFILLMENT-BLUSA VUELOS MANGA LARGA BURDEO NICOPOLY;MPM10003150053-1;N06067TM-FF;08/05/2026 09:13:52;FF_MATRIX_STS;Quiroga;Camila;;"5 de Abril 699 ";4to Piso. Centro de atención al Cliente;;;CHILLAN;XVI REGION;CL;Cueva;Mireya;;Pasaje Apolo 212;;;;CHILLAN;XVI REGION;CL;23990;0;0;0;23990;0;CLP
000000591235;24608115701-A;08/05/2026 12:07:40;Recibido;51990;0;51990;9358;0.0000;42632;1;BLAZER PATRON ESPIGA GRAFITO NICOPOLY;MPM10001497650-4;N04159NS;08/05/2026 12:07:41;Retiro Tienda Ripley El Trebol_BE;"Mondejar ";Eddulis;;"Avenida Jorge Alessandri 3177 ";" 3er Piso. Modulo Retiro en Tienda";;;TALCAHUANO;VIII REGION;CL;"Mondejar ";Eddulis;;Av Victoria 61 lomas coloradas  61;;;;TALCAHUANO;VIII REGION;CL;51990;0;0;0;51990;0;CLP
000000591235;24608177201-A;08/05/2026 12:30:02;Recibido;15990;990;16980;2878;0.0000;13112;1;POLERA CON TRANSPARENCIAS NICOPOLY;MPM10002950554-4;N06140BXL;08/05/2026 12:30:03;Retiro Tienda Ripley Portal Temuco_BE;Oyanader;Mitzy;;"Avenida Alemania 0671 ";3er Piso, Modulo Retiro en Tienda;;;TEMUCO;IX REGION;CL;Oyanader;Mitzy;;General Urrutia 286;;;;TEMUCO;IX REGION;CL;15990;0;990;0;16980;0;CLP
000000591235;24608224801-A;08/05/2026 12:56:10;Recibido;30990;0;30990;5578;0.0000;25412;1;CHAQUETA LEÑADORA BEIGE NICOPOLY;MPM00040988712-2;N02150AS;08/05/2026 12:56:11;Retiro Tienda Ripley Mall Concepcion_BE;"Morales ";"Myriam ";;"Barros Arana 1068, Concepcion ";" 3er Piso. Modulo Retiro en Tienda";;;CONCEPCION;VIII REGION;CL;Ortiz Morales;Nicole;;Esperanza  451;;;;CONCEPCION;VIII REGION;CL;30990;0;0;0;30990;0;CLP
000000591235;24608469701-A;08/05/2026 14:48:25;Recibido;29990;0;29990;5398;0.0000;24592;1;VESTIDO ACANALADO BLANCO CON CINTURON NICOPOLY;MPM10002910460-3;N06097AS;08/05/2026 14:48:26;Retiro Tienda Ripley Chillan_BE;Caceres;Elsa;;"5 de Abril 699 ";4to Piso. Centro de atención al Cliente;;;CHILLAN;XVI REGION;CL;Caceres;Elsa;;Avenida libertad oriente  bosque orie 510;;;;CHILLAN;XVI REGION;CL;29990;0;0;0;29990;0;CLP
000000591235;24608674101-A;08/05/2026 16:08:40;Recibido;15990;990;16980;2878;0.0000;13112;1;CARDIGAN BASICO ROSADO  NICOPOLY;MPM10002924256-2;N06010HS;08/05/2026 16:08:41;Retiro Tienda Ripley El Trebol_BE;Moscoso Paredes;Paulina;;"Avenida Jorge Alessandri 3177 ";" 3er Piso. Modulo Retiro en Tienda";;;TALCAHUANO;VIII REGION;CL;Moscoso Paredes;Paulina;;Volcán tolhuaca 4267;;;;TALCAHUANO;VIII REGION;CL;15990;0;990;0;16980;0;CLP
000000591235;24609464001-A;08/05/2026 21:31:22;Recibido;34990;0;34990;6298;0.0000;28692;1;BLAZER CUELLO CRUZADO CELESTE NICOPOLY;MPM10002925199-2;N05299KS;08/05/2026 21:31:23;Retiro Tienda Ripley Portal Temuco_BE;"Ribera ";"Benjhamin ";;"Avenida Alemania 0671 ";3er Piso, Modulo Retiro en Tienda;;;TEMUCO;IX REGION;CL;Rascheya;Kate;;Hochstetter 560;;;;TEMUCO;IX REGION;CL;34990;0;0;0;34990;0;CLP
000000591235;24609581402-A;08/05/2026 22:12:50;Recibido;19990;0;19990;3598;0.0000;16392;1;FULFILLMENT-GILET TIPO CREPE  NEGRO NICOPOLY;MPM10002995220-1;N06029BM-FF;08/05/2026 22:12:51;FF_MATRIX_STS;Sanchez;Militza;;"Agustinas #1025 ";Piso -1. Modulo Retiro en Tienda;;;SANTIAGO;REG.METROPOLITANA;CL;Sanchez;Militza;;Padre Miguel de olivares 1444;;;;SANTIAGO;REG.METROPOLITANA;CL;19990;0;0;0;19990;0;CLP
000000591235;24609837801-A;08/05/2026 23:56:02;Recibido;19990;990;20980;3598;0.0000;16392;1;CALZA SKINNY TIPO ENCERADA NEGRO NICOPOLY;MPM10002635868-4;N05316BL;08/05/2026 23:56:03;Retiro Tienda Ripley Huechuraba_BE;Navarro;Josr;;"Av. Americo Vespucio Norte 1737 ";" 2do Piso. Modulo Retiro en Tienda";;;HUECHURABA;REG.METROPOLITANA;CL;Navarro;Josr;;Aviador acevedo 2239;;;;HUECHURABA;REG.METROPOLITANA;CL;19990;0;990;0;20980;0;CLP
000000591235;24610821201-A;09/05/2026 15:57:50;Recibido;26990;330;27320;4858;0.0000;22132;1;BLUSA MANGA LARGA CON CORBATIN BLANCO NICOPOLY;MPM10003217046-1;N06184AM;09/05/2026 15:57:52;Retiro Tienda Ripley Copiapo_BE;Cortes Flores;Yesenia;;"Calle Maipu S/N, Copiapo ";" 2do Piso. Servicio al Cliente";;;COPIAPO;III REGION;CL;Cortes Flores;Yesenia;;Chañarcillo 480;;;;COPIAPO;III REGION;CL;26990;0;330;0;27320;0;CLP
000000591235;24610821201-A;09/05/2026 15:57:50;Recibido;22990;330;23320;4138;0.0000;18852;1;SWEATER CUELLO BEATLE STRASS OXIDO NICOPOLY;MPM10002661316-1;N04231RS-6;09/05/2026 15:57:52;Retiro Tienda Ripley Copiapo_BE;Cortes Flores;Yesenia;;"Calle Maipu S/N, Copiapo ";" 2do Piso. Servicio al Cliente";;;COPIAPO;III REGION;CL;Cortes Flores;Yesenia;;Chañarcillo 480;;;;COPIAPO;III REGION;CL;22990;0;330;0;23320;0;CLP
000000591235;24610821201-A;09/05/2026 15:57:50;Recibido;27990;330;28320;5038;0.0000;22952;1;SWEATER CUELLO ALTO ROMBOS BLANCO NICOPOLY;MPM10003234025-3;N06239AS;09/05/2026 15:57:52;Retiro Tienda Ripley Copiapo_BE;Cortes Flores;Yesenia;;"Calle Maipu S/N, Copiapo ";" 2do Piso. Servicio al Cliente";;;COPIAPO;III REGION;CL;Cortes Flores;Yesenia;;Chañarcillo 480;;;;COPIAPO;III REGION;CL;27990;0;330;0;28320;0;CLP
000000591235;24610859401-A;09/05/2026 16:15:53;Recibido;44990;0;44990;8098;0.0000;36892;1;FULFILLMENT-BLAZER BASICO DE TOPE CAFE  NICOPOLY;MPM10003150047-4;N05301UXL-FF;09/05/2026 16:15:53;FF_MATRIX_STS;"Palacios ";"Francisca ";;"8 Oriente 1212 ";" 2do Piso. Modulo Retiro en Tienda";;;TALCA;VII REGION;CL;Palacios;Armando;;Huilquilemu sur pasaje don jose 3;;;;TALCA;VII REGION;CL;44990;0;0;0;44990;0;CLP
000000591235;24610859401-A;09/05/2026 16:15:53;Recibido;29990;0;29990;5398;0.0000;24592;1;FULFILLMENT-GILET BASICO AJUSTABLE BLANCO NICOPOLY;MPM10003150056-3;N04273AXL-5-FF;09/05/2026 16:15:53;FF_MATRIX_STS;"Palacios ";"Francisca ";;"8 Oriente 1212 ";" 2do Piso. Modulo Retiro en Tienda";;;TALCA;VII REGION;CL;Palacios;Armando;;Huilquilemu sur pasaje don jose 3;;;;TALCA;VII REGION;CL;29990;0;0;0;29990;0;CLP
000000591235;24610859401-A;09/05/2026 16:15:53;Recibido;36990;0;36990;6658;0.0000;30332;1;FULFILLMENT-PANTALON BASICO CAFE  NICOPOLY;MPM10003150070-1;N05298UXL-FF;09/05/2026 16:15:53;FF_MATRIX_STS;"Palacios ";"Francisca ";;"8 Oriente 1212 ";" 2do Piso. Modulo Retiro en Tienda";;;TALCA;VII REGION;CL;Palacios;Armando;;Huilquilemu sur pasaje don jose 3;;;;TALCA;VII REGION;CL;36990;0;0;0;36990;0;CLP
000000591235;24610881301-A;09/05/2026 16:25:45;Recibido;9990;495;10485;1798;0.0000;8192;1;POLERA MANGA LARGA CUELLO ALTO OXIDO NICOPOLY;MPM10003222240-2;N06265RM;09/05/2026 16:25:48;Retiro Tienda Ripley Copiapo_BE;Cortes Flores;Yesenia;;"Calle Maipu S/N, Copiapo ";" 2do Piso. Servicio al Cliente";;;COPIAPO;III REGION;CL;Cortes Flores;Yesenia;;Chañarcillo 480;;;;COPIAPO;III REGION;CL;9990;0;495;0;10485;0;CLP
000000591235;24610881301-A;09/05/2026 16:25:45;Recibido;9990;495;10485;1798;0.0000;8192;1;POLERA MANGA LARGA CUELLO REDONDO OXIDO NICOPOLY;MPM10002924127-1;N06125RL;09/05/2026 16:25:48;Retiro Tienda Ripley Copiapo_BE;Cortes Flores;Yesenia;;"Calle Maipu S/N, Copiapo ";" 2do Piso. Servicio al Cliente";;;COPIAPO;III REGION;CL;Cortes Flores;Yesenia;;Chañarcillo 480;;;;COPIAPO;III REGION;CL;9990;0;495;0;10485;0;CLP
000000591235;24610931501-A;09/05/2026 16:52:02;Recibido;9990;990;10980;1798;0.0000;8192;1;POLERA MANGA LARGA CUELLO BOTE BURDEO NICOPOLY;MPM10003203309-2;N06308TS;09/05/2026 16:52:03;Retiro Tienda Ripley Puerto Montt_BE;Uribe;Paula;;"Urmeneta 595, Puerto Montt ";4to Piso. Servicio al Cliente;;;PTO.MONTT;X REGION;CL;Uribe;Paula;;Delicias 729, 5507143 Puerto Montt, Los Lagos, Chile 729;;;;PTO.MONTT;X REGION;CL;9990;0;990;0;10980;0;CLP
000000591235;24611036801-A;09/05/2026 17:41:21;Recibido;9990;0;9990;1798;0.0000;8192;1;POLERA MANGA LARGA CUELLO REDONDO AZUL NICOPOLY;MPM10002924140-1;N06125KL;09/05/2026 17:41:22;Retiro Tienda Ripley Valparaiso_BE;Arellano;Paulina;;"Plaza Victoria 1646 ";" 4to Piso. Servicio al Cliente";;;VALPARAISO;V REGION;CL;Arellano;Paulina;;Segunda del Norte 1143;;;;VALPARAISO;V REGION;CL;9990;0;0;0;9990;0;CLP
000000591235;24611036801-A;09/05/2026 17:41:21;Recibido;9990;0;9990;1798;0.0000;8192;1;POLERA CUELLO REDONDO BLANCO NICOPOLY;MPM10002661344-1;N05330AS;09/05/2026 17:41:22;Retiro Tienda Ripley Valparaiso_BE;Arellano;Paulina;;"Plaza Victoria 1646 ";" 4to Piso. Servicio al Cliente";;;VALPARAISO;V REGION;CL;Arellano;Paulina;;Segunda del Norte 1143;;;;VALPARAISO;V REGION;CL;9990;0;0;0;9990;0;CLP
000000591235;24611331001-A;09/05/2026 19:57:11;Reembolsado;38990;0;38990;7018;0.0000;31972;1;CHAQUETA BIKER NEGRO NICOPOLY;MPM10002617343-1;N02107BM-6;09/05/2026 19:57:11;Retiro Tienda Ripley Copiapo_BE;Bahamondes Correa;Fabiola Catherine;;"Calle Maipu S/N, Copiapo ";" 2do Piso. Servicio al Cliente";;;COPIAPO;III REGION;CL;Bahamondes Correa;Fabiola Catherine;;Julia Aravena 1287;;;;COPIAPO;III REGION;CL;38990;0;0;0;38990;0;CLP
000000591235;24611414502-A;09/05/2026 20:37:05;Recibido;24990;0;24990;4498;0.0000;20492;1;BLUSA CORBATIN Y VUELOS NEGRO NICOPOLY;MPM10003221930-1;N06274BL;09/05/2026 20:37:07;Retiro Tienda Ripley Talca_BE;Pacheco;Maria;;"8 Oriente 1212 ";" 2do Piso. Modulo Retiro en Tienda";;;TALCA;VII REGION;CL;Pacheco;Maria;;9 poniente entre 23 y 24 sur 0294;;;;TALCA;VII REGION;CL;24990;0;0;0;24990;0;CLP
000000591235;24611489301-A;09/05/2026 21:08:58;Recibido;38990;0;38990;7018;0.0000;31972;1;CHAQUETA BIKER NEGRO NICOPOLY;MPM10002617343-1;N02107BM-6;09/05/2026 21:08:59;Retiro Tienda Ripley Parque Arauco_BE;Badrie;Barbara;;"Avenida Kennedy 5413 ";4to Piso. Modulo Retiro en Tienda;;;LAS CONDES;REG.METROPOLITANA;CL;Badrie;Barbara;;Avenida las condes 7026;;;;LAS CONDES;REG.METROPOLITANA;CL;38990;0;0;0;38990;0;CLP
000000591235;24611562701-A;09/05/2026 21:38:48;Recibido;79990;990;80980;14398;0.0000;65592;1;ABRIGO CIERRE LATERAL OLIVA NICOPOLY;MPM10003237666-1;N06193ML;09/05/2026 21:38:50;Retiro Tienda Ripley Quilpue_BE;Aravena;Paula;;"Claudio Vicuña 992, Quilpue ";" 3er Piso. Modulo Retiro en Tienda";;;QUILPUE;V REGION;CL;Aravena;Paula;;Belgrano 1067;;;;QUILPUE;V REGION;CL;79990;0;990;0;80980;0;CLP
000000591235;24611567402-A;09/05/2026 21:40:31;Recibido;59990;990;60980;10798;0.0000;49192;1;BLAZER  DOS BOTONES CAFE  NICOPOLY;MPM10003218748-2;N06190UL;09/05/2026 21:40:32;Retiro Tienda Ripley Plaza Oeste_BE;Torres Llanos;David;;"Américo Vespucio 1501 ";" 3er Piso. Modulo Retiro en Tienda";;;CERRILLOS;REG.METROPOLITANA;CL;Torres Llanos;David;;El Almendro 767;;;;CERRILLOS;REG.METROPOLITANA;CL;59990;0;990;0;60980;0;CLP
000000591235;24611653101-A;09/05/2026 22:14:54;Recibido;26990;0;26990;4858;0.0000;22132;1;BLUSA MANGA LARGA CON CORBATIN CELESTE NICOPOLY;MPM10003217033-2;N06184KM;09/05/2026 22:14:55;Retiro Tienda Ripley Antofagasta_BE;Alfaro;"Ana ";;"Arturo Prat 530 ";" 4to Piso. Servicio al Cliente";;;ANTOFAGASTA;II REGION;CL;Cliente;Miguel;;Manuel Verbal 1545;;;;ANTOFAGASTA;II REGION;CL;26990;0;0;0;26990;0;CLP
000000591235;24611653101-A;09/05/2026 22:14:54;Recibido;22990;0;22990;4138;0.0000;18852;1;PANTALÓN MUJER NICOPOLY LÚCUMA COSTURAS FRONTALES RECTO;MPM10001526490-2;N03030OL;09/05/2026 22:14:55;Retiro Tienda Ripley Antofagasta_BE;Alfaro;"Ana ";;"Arturo Prat 530 ";" 4to Piso. Servicio al Cliente";;;ANTOFAGASTA;II REGION;CL;Cliente;Miguel;;Manuel Verbal 1545;;;;ANTOFAGASTA;II REGION;CL;22990;0;0;0;22990;0;CLP
000000591235;24611653101-A;09/05/2026 22:14:54;Recibido;26990;0;26990;4858;0.0000;22132;1;BLUSA MANGA LARGA CON CORBATIN BURDEO NICOPOLY;MPM10003217034-1;N06184TM;09/05/2026 22:14:55;Retiro Tienda Ripley Antofagasta_BE;Alfaro;"Ana ";;"Arturo Prat 530 ";" 4to Piso. Servicio al Cliente";;;ANTOFAGASTA;II REGION;CL;Cliente;Miguel;;Manuel Verbal 1545;;;;ANTOFAGASTA;II REGION;CL;26990;0;0;0;26990;0;CLP
000000591235;24611653102-A;09/05/2026 22:14:54;Recibido;29990;0;29990;5398;0.0000;24592;1;FULFILLMENT-BLUSA MANGA LARGA CON CORBATIN CAFE  NICOPOLY;MPM10003221463-2;N06184UM-FF;09/05/2026 22:14:56;FF_MATRIX_STS;Alfaro;"Ana ";;"Arturo Prat 530 ";" 4to Piso. Servicio al Cliente";;;ANTOFAGASTA;II REGION;CL;Cliente;Miguel;;Manuel Verbal 1545;;;;ANTOFAGASTA;II REGION;CL;29990;0;0;0;29990;0;CLP
000000591235;24611653102-A;09/05/2026 22:14:54;Recibido;29990;0;29990;5398;0.0000;24592;1;FULFILLMENT-BLUSA MANGA LARGA CON CORBATIN BLANCO NICOPOLY;MPM10003221457-4;N06184AM-FF;09/05/2026 22:14:56;FF_MATRIX_STS;Alfaro;"Ana ";;"Arturo Prat 530 ";" 4to Piso. Servicio al Cliente";;;ANTOFAGASTA;II REGION;CL;Cliente;Miguel;;Manuel Verbal 1545;;;;ANTOFAGASTA;II REGION;CL;29990;0;0;0;29990;0;CLP
000000591235;24611653102-A;09/05/2026 22:14:54;Recibido;36990;0;36990;6658;0.0000;30332;1;FULFILLMENT-PANTALON BASICO CAFE  NICOPOLY;MPM10003150070-2;N05298UL-FF;09/05/2026 22:14:56;FF_MATRIX_STS;Alfaro;"Ana ";;"Arturo Prat 530 ";" 4to Piso. Servicio al Cliente";;;ANTOFAGASTA;II REGION;CL;Cliente;Miguel;;Manuel Verbal 1545;;;;ANTOFAGASTA;II REGION;CL;36990;0;0;0;36990;0;CLP
000000591235;24611653102-A;09/05/2026 22:14:54;Recibido;26990;0;26990;4858;0.0000;22132;1;FULFILLMENT-GILET 4 BOTONES CAFE  NICOPOLY;MPM10003150060-3;N05262UM-FF;09/05/2026 22:14:56;FF_MATRIX_STS;Alfaro;"Ana ";;"Arturo Prat 530 ";" 4to Piso. Servicio al Cliente";;;ANTOFAGASTA;II REGION;CL;Cliente;Miguel;;Manuel Verbal 1545;;;;ANTOFAGASTA;II REGION;CL;26990;0;0;0;26990;0;CLP
000000591235;24612193601-A;10/05/2026 10:41:24;Recibido;23990;990;24980;4318;0.0000;19672;1;TAPADO BASICO BOLSILLOS ROJO NICOPOLY;MPM10002635866-2;N05219DM;10/05/2026 10:41:25;Retiro Tienda Ripley Los Angeles_BE;Soto Soto;Fresia;;"Valdivia 440, Los Angeles ";" 3er Piso. Servicio al Cliente";;;LOS ANGELES;VIII REGION;CL;Soto Soto;Fresia;;Fray Jorge 750;;;;LOS ANGELES;VIII REGION;CL;23990;0;990;0;24980;0;CLP
000000591235;24612239101-A;10/05/2026 11:17:01;Recibido;23990;990;24980;4318;0.0000;19672;1;SWEATER ESCOTE ASIME TRICO NEGRO NICOPOLY;MPM10003203512-3;N06223BS;10/05/2026 11:17:02;Retiro Tienda Ripley Curico_BE;"Gmez ";"Dhanae ";;"Av.OHiggins 201 ";" 2do Piso. Servicio al Cliente";;;CURICO;VII REGION;CL;"Gmez ";"Dhanae ";;grajales 2051 2051;;;;CURICO;VII REGION;CL;23990;0;990;0;24980;0;CLP
000000591235;24612436401-A;10/05/2026 13:00:30;Recibido;81990;990;82980;14758;0.0000;67232;1;TRENCH CLASICO DOBLE BOTONADURA BEIGE NICOPOLY;MPM10003237631-2;N06187GL;10/05/2026 13:00:33;Retiro Tienda Ripley Puerto Montt_BE;Klein;Veronica;;"Urmeneta 595, Puerto Montt ";4to Piso. Servicio al Cliente;;;PTO.MONTT;X REGION;CL;Klein;Veronica;;Avenida Otto Klein 001;;;;PTO.MONTT;X REGION;CL;81990;0;990;0;82980;0;CLP
000000591235;24612508601-A;10/05/2026 13:50:24;Recibido;26990;990;27980;4858;0.0000;22132;1;BLUSA MANGA LARGA CON CORBATIN CAFE  NICOPOLY;MPM10003217045-4;N06184UXL;10/05/2026 13:50:25;Retiro Tienda Ripley Quilpue_BE;Pea;Alejandra;;"Claudio Vicuña 992, Quilpue ";" 3er Piso. Modulo Retiro en Tienda";;;QUILPUE;V REGION;CL;Pea;Alejandra;;Troncos viejos 802;;;;QUILPUE;V REGION;CL;26990;0;990;0;27980;0;CLP
000000591235;24612901901-A;10/05/2026 17:20:03;Recibido;41990;990;42980;7558;0.0000;34432;1;JEANS RECTOS TIRO ALTO OXIDO NICOPOLY;MPM10003202880-5;N06283R40;10/05/2026 17:20:04;Retiro Tienda Ripley San Bernardo_BE;Godoy;María;;"Av. Pdte. Jorge Alessandri Rodríguez 20040, San Bernardo ";2do Piso. Modulo Retiro en Tienda;;;SN.BERNARDO;REG.METROPOLITANA;CL;Godoy;María;;Matarello 0243, Buin, Región Metropolitana, Chile 0243;;;;SN.BERNARDO;REG.METROPOLITANA;CL;41990;0;990;0;42980;0;CLP
000000591235;24612909201-A;10/05/2026 17:24:29;Recibido;36990;0;36990;6658;0.0000;30332;1;FULFILLMENT-PANTALON BASICO MORADO NICOPOLY;MPM10003150039-3;N05298ZL-7-FF;10/05/2026 17:24:30;FF_MATRIX;Marti;Cecilia;;calle nueva  141;2601;;;LA FLORIDA;REG.METROPOLITANA;CL;Marti;Cecilia;;calle nueva  141;;;;LA FLORIDA;REG.METROPOLITANA;CL;36990;0;0;0;36990;0;CLP
000000591235;24613471701-A;10/05/2026 21:24:23;Recibido;59990;0;59990;10798;0.0000;49192;1;TRENCH LAZO TIPO GAMUZA CAFE  NICOPOLY;MPM10002635821-3;N05001OS-6;10/05/2026 21:24:25;Retiro Tienda Ripley San Bernardo_BE;San Martin;Paola;;"Av. Pdte. Jorge Alessandri Rodríguez 20040, San Bernardo ";2do Piso. Modulo Retiro en Tienda;;;SN.BERNARDO;REG.METROPOLITANA;CL;San Martin;Paola;;Las Pircas 1206;;;;SN.BERNARDO;REG.METROPOLITANA;CL;59990;0;0;0;59990;0;CLP
000000591235;24614007201-A;11/05/2026 00:20:54;Recibido;11990;0;11990;2158;0.0000;9832;1;POLERA MANGA LARGA CUELLO ALTO CAFE 	 NICOPOLY;MPM10003222237-2;N06265UM;11/05/2026 00:20:55;Retiro Tienda Ripley Portal Temuco_BE;Ruiz Tapia;Maria Jose Haydee;;"Avenida Alemania 0671 ";3er Piso, Modulo Retiro en Tienda;;;TEMUCO;IX REGION;CL;Ruiz Tapia;Maria Jose Haydee;;pasaje los boldos,LABRANZA 0342;;;;TEMUCO;IX REGION;CL;11990;0;0;0;11990;0;CLP
000000591235;24614295801-A;11/05/2026 09:36:18;Reembolsado;71990;0;71990;12958;0.0000;59032;1;ABRIGO SOLAPA REDONDA NEGRO NICOPOLY;MPM10002646294-4;N05252BXL;11/05/2026 09:36:20;Retiro Tienda Ripley Plaza Egana_BE;Bravo;Lorena;;"Larrain 5800 ";" 3er Piso. Modulo Retiro en Tienda";;;NUNOA;REG.METROPOLITANA;CL;Bravo;Lorena;;Avenida Americo Vespucio 0484;;;;NUNOA;REG.METROPOLITANA;CL;71990;0;0;0;71990;0;CLP
000000591235;24614301101-A;11/05/2026 09:38:50;Recibido;51990;6990;58980;9358;0.0000;42632;1;FULFILLMENT-BLAZER MANGA 3/4 AJUSTADO CON SOLAPAS MOCCA NICOPOLY;MPM10002943891-5;N03049OM-FF;11/05/2026 09:38:52;FF_MATRIX;Saez;Ana;;9 oriente 1779;1779;;;EL QUISCO;V REGION;CL;Saez;Ana;;9 oriente 1779;;;;EL QUISCO;V REGION;CL;51990;0;6990;0;58980;0;CLP
000000591235;24614457401-A;11/05/2026 11:06:41;Recibido;21990;990;22980;3958;0.0000;18032;1;BLUSA CORBATIN Y VUELOS BURDEO NICOPOLY;MPM10003222764-3;N06274TM;11/05/2026 11:06:42;Retiro Tienda Ripley Antofagasta_BE;Plaza Espinoza;Zingara Judith;;"Arturo Prat 530 ";" 4to Piso. Servicio al Cliente";;;ANTOFAGASTA;II REGION;CL;Plaza Espinoza;Zingara Judith;;abracita 433;;;;ANTOFAGASTA;II REGION;CL;21990;0;990;0;22980;0;CLP
000000591235;24614991101-A;11/05/2026 15:30:59;Recibido;21990;2190;24180;3958;0.0000;18032;1;SWEATER MUJER NICOPOLY NEGRO BÁSICO CUELLO REDONDO;MPM10002160479-1;N04248BM-6;11/05/2026 15:31:00;Flujo Flota Propia;Sagredo;Angela;;Santa María 5870;Ofici;;;VITACURA;REG.METROPOLITANA;CL;Sagredo;Angela;;Santa María 5870;;;;VITACURA;REG.METROPOLITANA;CL;21990;0;2190;0;24180;0;CLP
000000591235;24614991101-A;11/05/2026 15:30:59;Recibido;21990;2190;24180;3958;0.0000;18032;1;SWEATER MUJER NICOPOLY ROJO BÁSICO CUELLO REDONDO;MPM10002160523-1;N04248DM-6;11/05/2026 15:31:00;Flujo Flota Propia;Sagredo;Angela;;Santa María 5870;Ofici;;;VITACURA;REG.METROPOLITANA;CL;Sagredo;Angela;;Santa María 5870;;;;VITACURA;REG.METROPOLITANA;CL;21990;0;2190;0;24180;0;CLP
000000591235;24615144301-A;11/05/2026 16:48:20;Reembolsado;20990;0;20990;3778;0.0000;17212;1;FULFILLMENT-GILET 4 BOTONES CAFE  NICOPOLY;MPM10003150060-3;N05262UM-FF;11/05/2026 16:48:21;FF_MATRIX_STS;Ocaranza;Sandra;;"Calle Maipu S/N, Copiapo ";" 2do Piso. Servicio al Cliente";;;COPIAPO;III REGION;CL;Ocaranza;Sandra;;pasaje mina delirio 819;;;;COPIAPO;III REGION;CL;20990;0;0;0;20990;0;CLP
000000591235;24615209301-A;11/05/2026 17:23:25;Recibido;39990;0;39990;7198;0.0000;32792;1;FULFILLMENT-BLAZER MANGA 3/4 AJUSTADA CON PLIEGUES CELESTE NICOPOLY;MPM10002943895-4;N03049KXL-5-FF;11/05/2026 17:23:25;FF_MATRIX;Lopez;Debora;;La Capilla 1415;48;;;HUECHURABA;REG.METROPOLITANA;CL;Lopez;Debora;;La Capilla 1415;;;;HUECHURABA;REG.METROPOLITANA;CL;39990;0;0;0;39990;0;CLP
000000591235;24615256001-A;11/05/2026 17:45:45;Reembolsado;35990;0;35990;6478;0.0000;29512;1;FULFILLMENT-BLAZER BASICO DE TOPE CAFE  NICOPOLY;MPM10003150047-2;N05301UL-FF;11/05/2026 17:45:46;FF_MATRIX_STS;Bravo;Daniela;;"Av Libertador Bernardo O'Higgins 3470, Santiago ";3er Piso. Modulo Retiro en Tienda;;;EST.CENTRAL;REG.METROPOLITANA;CL;Bravo;Daniela;;Avenida Maria Rozas Velasquez 713;;;;EST.CENTRAL;REG.METROPOLITANA;CL;35990;0;0;0;35990;0;CLP
000000591235;24615509201-A;11/05/2026 19:55:30;Recibido;51990;3990;55980;9358;0.0000;42632;1;ABRIGO PIED DE POULE NEGRO NICOPOLY;MPM10002646317-2;N04199BM-6;11/05/2026 19:55:31;Flujo Flota Propia;Soto Ramirez;Ricardo Andres;;CALLE RAIMUNDO ECHEVERRIA 3051;CASA;;;SAN JAVIER;VII REGION;CL;Soto Ramirez;Ricardo Andres;;CALLE RAIMUNDO ECHEVERRIA 3051;;;;SAN JAVIER;VII REGION;CL;51990;0;3990;0;55980;0;CLP
000000591235;24615727901-A;11/05/2026 21:23:37;Recibido;28990;0;28990;5218;0.0000;23772;1;FULFILLMENT-PANTALON PALAZZO MUJER NICOPOLY NEGRO TAJOS;MPM10003037757-3;N10369BL-4-FF;11/05/2026 21:23:38;FF_MATRIX;Garcia;Carla;;antonio pigafetta 665;S/N;;;PTA.ARENAS;XII REGION;CL;Garcia;Carla;;antonio pigafetta 665;;;;PTA.ARENAS;XII REGION;CL;28990;0;0;0;28990;0;CLP
000000591235;24616275402-A;11/05/2026 23:53:38;Recibido;18990;0;18990;3418;0.0000;15572;1;SWEATER ACANALADO CUELLO BOTE LILA NICOPOLY;MPM10002842902-1;N05212ZS-7;11/05/2026 23:53:40;Retiro Tienda Ripley Costanera Center_BE;"Fuentealba ";Catalina;;"Avenida Andrés Bello 2422 ";" 1er Piso. Modulo Retiro en Tienda";;;PROVIDENCIA;REG.METROPOLITANA;CL;"Fuentealba ";Catalina;;Hurtado rodriguez  362;;;;PROVIDENCIA;REG.METROPOLITANA;CL;18990;0;0;0;18990;0;CLP
000000591235;24616370901-A;12/05/2026 00:50:19;Reembolsado;23990;0;23990;4318;0.0000;19672;1;SWEATER ESCOTE ASIME TRICO CAFE  NICOPOLY;MPM10003203600-3;N06223UM;12/05/2026 00:50:20;Retiro Tienda Ripley Plaza Egana_BE;Yon;"Marcia ";;"Larrain 5800 ";" 3er Piso. Modulo Retiro en Tienda";;;NUNOA;REG.METROPOLITANA;CL;Martinez;"Catalina ";;Irarrazaval 5485;;;;NUNOA;REG.METROPOLITANA;CL;23990;0;0;0;23990;0;CLP
000000591235;24616370901-A;12/05/2026 00:50:19;Recibido;21990;0;21990;3958;0.0000;18032;1;SWEATER MUJER NICOPOLY MAGENTA BÁSICO CUELLO REDONDO;MPM10002160475-3;N04248ZM-6;12/05/2026 00:50:20;Retiro Tienda Ripley Plaza Egana_BE;Yon;"Marcia ";;"Larrain 5800 ";" 3er Piso. Modulo Retiro en Tienda";;;NUNOA;REG.METROPOLITANA;CL;Martinez;"Catalina ";;Irarrazaval 5485;;;;NUNOA;REG.METROPOLITANA;CL;21990;0;0;0;21990;0;CLP
000000591235;24616668801-A;12/05/2026 10:13:23;Recibido;11990;990;12980;2158;0.0000;9832;1;BUFANDA GRUESA BLANCO INVIERNO NICOPOLY;MPM10002663004-1;N05334AF;12/05/2026 10:13:25;Retiro Tienda Ripley Puente_BE;boada;ybelice;;"21 de Mayo 698 ";4to Piso. Modulo Retiro en Tienda;;;SANTIAGO;REG.METROPOLITANA;CL;Maestracci;Felipe Antonio;;Llano subercaseaux 3359;;;;SANTIAGO;REG.METROPOLITANA;CL;11990;0;990;0;12980;0;CLP
000000591235;24616761601-A;12/05/2026 11:04:29;Reembolsado;35990;0;35990;6478;0.0000;29512;1;FULFILLMENT-BLAZER BASICO DE TOPE CAFE  NICOPOLY;MPM10003150047-2;N05301UL-FF;12/05/2026 11:04:31;FF_MATRIX_STS;Cossio;"Maritza ";;"Arturo Prat 656, Temuco ";2do Piso. Modulo Retiro en Tienda;;;TEMUCO;IX REGION;CL;Juica;Nikolle;;Los robles 397;;;;TEMUCO;IX REGION;CL;35990;0;0;0;35990;0;CLP
000000591235;24617172101-A;12/05/2026 14:44:13;Recibido;25990;495;26485;4678;0.0000;21312;1;CÁRDIGAN MUJER NICOPOLY ROJO CROP PERLAS;MPM10002160522-3;N05227DL;12/05/2026 14:44:14;Retiro Tienda Ripley Plaza Vespucio_BE;Jofr;Alexandra;;"Av. Vicuña Mackenna Ote. 7110, La Florida ";3er Piso. Modulo Retiro en Tienda;;;LA FLORIDA;REG.METROPOLITANA;CL;Jofr;Alexandra;;San Nicolás  1207;;;;LA FLORIDA;REG.METROPOLITANA;CL;25990;0;495;0;26485;0;CLP
000000591235;24617172101-A;12/05/2026 14:44:13;Recibido;21990;495;22485;3958;0.0000;18032;1;SWEATER MUJER NICOPOLY MAGENTA BÁSICO CUELLO REDONDO;MPM10002160475-2;N04248ZL-6;12/05/2026 14:44:14;Retiro Tienda Ripley Plaza Vespucio_BE;Jofr;Alexandra;;"Av. Vicuña Mackenna Ote. 7110, La Florida ";3er Piso. Modulo Retiro en Tienda;;;LA FLORIDA;REG.METROPOLITANA;CL;Jofr;Alexandra;;San Nicolás  1207;;;;LA FLORIDA;REG.METROPOLITANA;CL;21990;0;495;0;22485;0;CLP
000000591235;24617364201-A;12/05/2026 16:20:37;Recibido;35990;0;35990;6478;0.0000;29512;1;FULFILLMENT-PANTALON ESTILO JAPONE S PIERNA ANCHA NEGRO NICOPOLY;MPM10003195743-1;N06180BL-FF;12/05/2026 16:20:39;FF_MATRIX;Bustamante;Catalina;;Ines Puyo 1862;S/N;;;RANCAGUA;VI REGION;CL;Bustamante;Catalina;;Ines Puyo 1862;;;;RANCAGUA;VI REGION;CL;35990;0;0;0;35990;0;CLP
000000591235;24617364201-A;12/05/2026 16:20:37;Recibido;27990;0;27990;5038;0.0000;22952;1;FULFILLMENT-JEANS BASICO RECTO NEGRO NICOPOLY;MPM10002943919-4;N05325B42-FF;12/05/2026 16:20:39;FF_MATRIX;Bustamante;Catalina;;Ines Puyo 1862;S/N;;;RANCAGUA;VI REGION;CL;Bustamante;Catalina;;Ines Puyo 1862;;;;RANCAGUA;VI REGION;CL;27990;0;0;0;27990;0;CLP
000000591235;24617364202-A;12/05/2026 16:20:37;Recibido;17990;1235;19225;3238;0.0000;14752;1;CAMISA BOTONERA ESPALDA KHAKI NICOPOLY;MPM10002952066-3;N06132LS;12/05/2026 16:20:40;Flujo Flota Propia;Bustamante;Catalina;;Ines Puyo 1862;S/N;;;RANCAGUA;VI REGION;CL;Bustamante;Catalina;;Ines Puyo 1862;;;;RANCAGUA;VI REGION;CL;17990;0;1235;0;19225;0;CLP
000000591235;24617364202-A;12/05/2026 16:20:38;Recibido;13990;1235;15225;2518;0.0000;11472;1;POLERA RAYAS MANGA LARGA CAFE  NICOPOLY;MPM10003202771-1;N06271UL;12/05/2026 16:20:40;Flujo Flota Propia;Bustamante;Catalina;;Ines Puyo 1862;S/N;;;RANCAGUA;VI REGION;CL;Bustamante;Catalina;;Ines Puyo 1862;;;;RANCAGUA;VI REGION;CL;13990;0;1235;0;15225;0;CLP
000000591235;24617564701-A;12/05/2026 18:09:57;Reembolsado;55990;0;55990;10078;0.0000;45912;1;BLAZER OVERSIZE TIPO GAMUZA CAFE  NICOPOLY;MPM10003221915-2;N06196UL;12/05/2026 18:09:58;Flujo Flota Propia;Perret;Ginger;;avenida pedro de valdivia 1248;501;;;CONCEPCION;VIII REGION;CL;Perret;Ginger;;avenida pedro de valdivia 1248;;;;CONCEPCION;VIII REGION;CL;55990;0;0;0;55990;0;CLP
000000591235;24617632804-A;12/05/2026 18:50:05;Recibido;26990;2195;29185;4858;0.0000;22132;1;PANTALÓN MUJER NICOPOLY CELESTE PIERNA ANCHA;MPM10001856342-4;N04017KM-5;12/05/2026 18:50:07;Flujo Flota Propia;Santander Parra;Daniela;;Temistocles  5872;Casa;;;P.A.CERDA;REG.METROPOLITANA;CL;Santander Parra;Daniela;;Temistocles  5872;;;;P.A.CERDA;REG.METROPOLITANA;CL;26990;0;2195;0;29185;0;CLP
000000591235;24617632804-A;12/05/2026 18:50:05;Recibido;35990;2195;38185;6478;0.0000;29512;1;PANTALON ESTILO JAPONE S PIERNA ANCHA NEGRO NICOPOLY;MPM10003177464-4;N06180BM;12/05/2026 18:50:07;Flujo Flota Propia;Santander Parra;Daniela;;Temistocles  5872;Casa;;;P.A.CERDA;REG.METROPOLITANA;CL;Santander Parra;Daniela;;Temistocles  5872;;;;P.A.CERDA;REG.METROPOLITANA;CL;35990;0;2195;0;38185;0;CLP
000000591235;24617700001-A;12/05/2026 19:23:42;Recibido;76990;990;77980;13858;0.0000;63132;1;ABRIGO SOLAPA Y CINTURON CAFE  NICOPOLY;MPM10003232690-3;N06188UM;12/05/2026 19:23:43;Retiro Tienda Ripley San Fernando_BE;Chacon;Litzy;;"Bernardo Ohiggins 701 ";" 3er Piso. Modulo Retiro en Tienda";;;SAN FERNANDO;VI REGION;CL;Chacon;Litzy;;Los palacios 231;;;;SAN FERNANDO;VI REGION;CL;76990;0;990;0;77980;0;CLP
000000591235;24617699001-A;12/05/2026 19:25:09;Reembolsado;55990;0;55990;10078;0.0000;45912;1;ABRIGO 4 BOTONES NEGRO NICOPOLY;MPM10002646321-1;N05155BM;12/05/2026 19:25:09;Retiro Tienda Ripley La Serena_BE;Irarrazabal;Andrea;;"Gregorio Cordovez 499 ";" 3er Piso. Modulo Retiro en Tienda";;;LA SERENA;IV REGION;CL;Irarrazabal;Andrea;;Jorge Peña Hen 1815;;;;LA SERENA;IV REGION;CL;55990;0;0;0;55990;0;CLP
000000591235;24617785601-A;12/05/2026 20:09:34;Recibido;5990;990;6980;1078;0.0000;4912;1;CUELLO TIPO PIEL BLANCO INVIERNO NICOPOLY;MPM10002663024-1;N05337AF;12/05/2026 20:09:35;Retiro Tienda Ripley La Calera_BE;Marchant Alvarado;Valentina;;"JJ Perez 90, La Calera ";" 2do Piso. Modulo Retiro en Tienda";;;LA CALERA;V REGION;CL;Marchant Alvarado;Valentina;;Calle Iquique 1747;;;;LA CALERA;V REGION;CL;5990;0;990;0;6980;0;CLP
000000591235;24617788601-A;12/05/2026 20:10:30;Recibido;47990;4990;52980;8638;0.0000;39352;1;TRENCH LAZO TIPO GAMUZA CAFE  NICOPOLY;MPM10002635821-2;N05001OM-6;12/05/2026 20:10:31;Flujo Flota Propia;Castro;Noemi;;Los Nogales 1135;los castaños4 casa48;;;LAMPA;REG.METROPOLITANA;CL;Castro;Noemi;;Los Nogales 1135;;;;LAMPA;REG.METROPOLITANA;CL;47990;0;4990;0;52980;0;CLP
000000591235;24618204801-A;12/05/2026 22:52:19;Recibido;47990;990;48980;8638;0.0000;39352;1;TRENCH LAZO TIPO GAMUZA CAFE  NICOPOLY;MPM10002635821-2;N05001OM-6;12/05/2026 22:52:21;Flujo Flota Propia;Gutierrez;Francisca;;Palma Areca  279;S/N;;;PE.AFLOR;REG.METROPOLITANA;CL;Gutierrez;Francisca;;Palma Areca  279;;;;PE.AFLOR;REG.METROPOLITANA;CL;47990;0;990;0;48980;0;CLP
000000591235;24618215501-A;12/05/2026 22:56:03;Recibido;12990;1596;14586;2338;0.0000;10652;1;POLERA MANGA 3/4 CUELLO BOTE NEGRO NICOPOLY;MPM10003203085-2;N06296BS;12/05/2026 22:56:05;Flujo Flota Propia;AlegrÍa;Carolina;;Cristóbal Colón  4198;1102;;;LAS CONDES;REG.METROPOLITANA;CL;AlegrÍa;Carolina;;Cristóbal Colón  4198;;;;LAS CONDES;REG.METROPOLITANA;CL;12990;0;1596;0;14586;0;CLP
000000591235;24618215501-A;12/05/2026 22:56:03;Recibido;12990;1596;14586;2338;0.0000;10652;1;POLERA MANGA 3/4 CUELLO BOTE BLANCO NICOPOLY;MPM10003203034-4;N06296AS;12/05/2026 22:56:05;Flujo Flota Propia;AlegrÍa;Carolina;;Cristóbal Colón  4198;1102;;;LAS CONDES;REG.METROPOLITANA;CL;AlegrÍa;Carolina;;Cristóbal Colón  4198;;;;LAS CONDES;REG.METROPOLITANA;CL;12990;0;1596;0;14586;0;CLP
000000591235;24618215501-A;12/05/2026 22:56:03;Recibido;11990;1596;13586;2158;0.0000;9832;1;POLERA MANGA LARGA CUELLO BOTE NEGRO NICOPOLY;MPM10003203273-1;N06308BS;12/05/2026 22:56:05;Flujo Flota Propia;AlegrÍa;Carolina;;Cristóbal Colón  4198;1102;;;LAS CONDES;REG.METROPOLITANA;CL;AlegrÍa;Carolina;;Cristóbal Colón  4198;;;;LAS CONDES;REG.METROPOLITANA;CL;11990;0;1596;0;13586;0;CLP
000000591235;24618242801-A;12/05/2026 23:08:49;Recibido;35990;0;35990;6478;0.0000;29512;1;FULFILLMENT-BLAZER BASICO DE TOPE CAFE  NICOPOLY;MPM10003150047-3;N05301US-FF;12/05/2026 23:08:51;FF_MATRIX_ND;Sepulveda Heredia;Isabel;;Club de Campo 533;S/N;;;QUILICURA;REG.METROPOLITANA;CL;Sepulveda Heredia;Isabel;;Club de Campo 533;;;;QUILICURA;REG.METROPOLITANA;CL;35990;0;0;0;35990;0;CLP
000000591235;24618437801-A;13/05/2026 02:39:27;Recibido;89990;990;90980;16198;0.0000;73792;1;PARKA ACOLCHADA CON CINTURON LAZO CAFE  NICOPOLY;MPM10003238039-1;N06194US;13/05/2026 02:39:29;Retiro Tienda Ripley Maipu_BE;Torres Caceres;Pamela;;"Av. Americo Vespucio 399 ";" 2do Piso. Modulo Retiro en Tienda";;;MAIPU;REG.METROPOLITANA;CL;Torres Caceres;Pamela;;Koch  1136;;;;MAIPU;REG.METROPOLITANA;CL;89990;0;990;0;90980;0;CLP
000000591235;24618512201-A;13/05/2026 08:03:50;Recibido;23990;990;24980;4318;0.0000;19672;1;GILET LARGO CON BOTONES VERDE NICOPOLY;MPM10003180657-4;N06135EM;13/05/2026 08:03:52;Retiro Tienda Ripley Curico_BE;Veliz;Paulina;;"Av.OHiggins 201 ";" 2do Piso. Servicio al Cliente";;;CURICO;VII REGION;CL;Veliz;Paulina;;Avenida Balmaceda  983;;;;CURICO;VII REGION;CL;23990;0;990;0;24980;0;CLP
000000591235;24618977301-A;13/05/2026 12:32:59;Recibido;38990;0;38990;7018;0.0000;31972;1;CHAQUETA BIKER NEGRO NICOPOLY;MPM10002617343-1;N02107BM-6;13/05/2026 12:33:01;Flujo Flota Propia;Castro;Karina;;Portugal 810;Departamento 1009;;;SANTIAGO;REG.METROPOLITANA;CL;Castro;Karina;;Portugal 810;;;;SANTIAGO;REG.METROPOLITANA;CL;38990;0;0;0;38990;0;CLP
000000591235;24619333601-A;13/05/2026 15:44:52;Reembolsado;27990;3990;31980;5038;0.0000;22952;1;BLUSA BOLSILLOS CARGO CAFE  NICOPOLY;MPM10001916757-1;N05072UM;13/05/2026 15:44:53;Flujo Flota Propia;Delpin;Ana;;Colombia 7708, La Florida 7708;206;;;LA FLORIDA;REG.METROPOLITANA;CL;Delpin;Ana;;Colombia 7708, La Florida 7708;;;;LA FLORIDA;REG.METROPOLITANA;CL;27990;0;3990;0;31980;0;CLP
000000591235;24619360201-A;13/05/2026 15:59:00;Recibido;23990;990;24980;4318;0.0000;19672;1;SWEATER ESCOTE ASIME TRICO NEGRO NICOPOLY;MPM10003203512-4;N06223BXL;13/05/2026 15:59:01;Retiro Tienda Ripley San Fernando_BE;Donoso;Karen;;"Bernardo Ohiggins 701 ";" 3er Piso. Modulo Retiro en Tienda";;;SAN FERNANDO;VI REGION;CL;Donoso;Karen;;bernardo ohiggins 302;;;;SAN FERNANDO;VI REGION;CL;23990;0;990;0;24980;0;CLP
000000591235;24619426403-A;13/05/2026 16:32:52;Recibido;18990;2195;21185;3418;0.0000;15572;1;SWEATER ACANALADO CUELLO BOTE LILA NICOPOLY;MPM10002842902-2;N05212ZM-7;13/05/2026 16:32:53;Flujo Flota Propia;Concha;Elizabeth;;Joaquín Edwards Bello 10371;Casa;;;LA GRANJA;REG.METROPOLITANA;CL;Concha;Elizabeth;;Joaquín Edwards Bello 10371;;;;LA GRANJA;REG.METROPOLITANA;CL;18990;0;2195;0;21185;0;CLP
000000591235;24619426403-A;13/05/2026 16:32:52;Recibido;11990;2195;14185;2158;0.0000;9832;1;POLERA MANGA LARGA CROP BURDEO NICOPOLY;MPM10003202725-2;N06268TM;13/05/2026 16:32:53;Flujo Flota Propia;Concha;Elizabeth;;Joaquín Edwards Bello 10371;Casa;;;LA GRANJA;REG.METROPOLITANA;CL;Concha;Elizabeth;;Joaquín Edwards Bello 10371;;;;LA GRANJA;REG.METROPOLITANA;CL;11990;0;2195;0;14185;0;CLP
000000591235;24619426404-A;13/05/2026 16:32:53;Recibido;26990;0;26990;4858;0.0000;22132;1;FULFILLMENT-CARDIGAN DISEÑO TRENZADO GRIS NICOPOLY;MPM10003221465-2;N06240NS-FF;13/05/2026 16:32:55;FF_MATRIX;Concha;Elizabeth;;Joaquín Edwards Bello 10371;Casa;;;LA GRANJA;REG.METROPOLITANA;CL;Concha;Elizabeth;;Joaquín Edwards Bello 10371;;;;LA GRANJA;REG.METROPOLITANA;CL;26990;0;0;0;26990;0;CLP
000000591235;24619426404-A;13/05/2026 16:32:53;Recibido;29990;0;29990;5398;0.0000;24592;1;FULFILLMENT-SWEATER TRENZADO CUELLO REDONDO BLANCO NICOPOLY;MPM10003227974-3;N06229AM-FF;13/05/2026 16:32:55;FF_MATRIX;Concha;Elizabeth;;Joaquín Edwards Bello 10371;Casa;;;LA GRANJA;REG.METROPOLITANA;CL;Concha;Elizabeth;;Joaquín Edwards Bello 10371;;;;LA GRANJA;REG.METROPOLITANA;CL;29990;0;0;0;29990;0;CLP
000000591235;24619527501-A;13/05/2026 17:29:21;Reembolsado;47990;990;48980;8638;0.0000;39352;1;TRENCH LAZO TIPO GAMUZA CAFE  NICOPOLY;MPM10002635821-2;N05001OM-6;13/05/2026 17:29:22;Retiro Tienda Ripley Mall Concepcion_BE;Leiva;Olga;;"Barros Arana 1068, Concepcion ";" 3er Piso. Modulo Retiro en Tienda";;;CONCEPCION;VIII REGION;CL;Leiva;Olga;;Colchagua  910;;;;CONCEPCION;VIII REGION;CL;47990;0;990;0;48980;0;CLP
000000591235;24619694001-A;13/05/2026 19:05:47;Recibido;31990;990;32980;5758;0.0000;26232;1;CHAQUETA MITAD CHIPORRO/PARKA KHAKI NICOPOLY;MPM10001383902-2;N04152LL;13/05/2026 19:05:48;Flujo Flota Propia;Herrera;Soledad;;hornopiren  57;casa;;;VALPARAISO;V REGION;CL;Herrera;Soledad;;hornopiren  57;;;;VALPARAISO;V REGION;CL;31990;0;990;0;32980;0;CLP
000000591235;24620130501-A;13/05/2026 22:30:56;Recibido;14990;248;15238;2698;0.0000;12292;1;POLERA POLAR MANGA LARGA NEGRO NICOPOLY;MPM10003222238-1;N06266BM;13/05/2026 22:30:57;Retiro Tienda Ripley San Bernardo_BE;Escobar;Catherine;;"Av. Pdte. Jorge Alessandri Rodríguez 20040, San Bernardo ";2do Piso. Modulo Retiro en Tienda;;;SN.BERNARDO;REG.METROPOLITANA;CL;Escobar;Catherine;;Los arenales  2;;;;SN.BERNARDO;REG.METROPOLITANA;CL;14990;0;248;0;15238;0;CLP
000000591235;24620130501-A;13/05/2026 22:30:56;Recibido;11990;248;12238;2158;0.0000;9832;1;POLERA MANGA LARGA CROP BURDEO NICOPOLY;MPM10003202725-2;N06268TM;13/05/2026 22:30:57;Retiro Tienda Ripley San Bernardo_BE;Escobar;Catherine;;"Av. Pdte. Jorge Alessandri Rodríguez 20040, San Bernardo ";2do Piso. Modulo Retiro en Tienda;;;SN.BERNARDO;REG.METROPOLITANA;CL;Escobar;Catherine;;Los arenales  2;;;;SN.BERNARDO;REG.METROPOLITANA;CL;11990;0;248;0;12238;0;CLP
000000591235;24620130501-A;13/05/2026 22:30:56;Recibido;11990;248;12238;2158;0.0000;9832;1;POLERA RECTA MANGA CORTA NEGRO NICOPOLY;MPM10003180318-2;N06302BM;13/05/2026 22:30:57;Retiro Tienda Ripley San Bernardo_BE;Escobar;Catherine;;"Av. Pdte. Jorge Alessandri Rodríguez 20040, San Bernardo ";2do Piso. Modulo Retiro en Tienda;;;SN.BERNARDO;REG.METROPOLITANA;CL;Escobar;Catherine;;Los arenales  2;;;;SN.BERNARDO;REG.METROPOLITANA;CL;11990;0;248;0;12238;0;CLP
000000591235;24620130501-A;13/05/2026 22:30:56;Recibido;9990;248;10238;1798;0.0000;8192;1;POLERA MANGA CORTA BASICA CAFE  NICOPOLY;MPM10002966829-2;N06112UM;13/05/2026 22:30:57;Retiro Tienda Ripley San Bernardo_BE;Escobar;Catherine;;"Av. Pdte. Jorge Alessandri Rodríguez 20040, San Bernardo ";2do Piso. Modulo Retiro en Tienda;;;SN.BERNARDO;REG.METROPOLITANA;CL;Escobar;Catherine;;Los arenales  2;;;;SN.BERNARDO;REG.METROPOLITANA;CL;9990;0;248;0;10238;0;CLP
000000591235;24620826901-A;14/05/2026 12:09:24;Recibido;36990;990;37980;6658;0.0000;30332;1;VESTIDO CAMISERO MUJER NICOPOLY AZUL MARINO CINTURÓN;MPM10002128942-3;N05259PL;14/05/2026 12:09:26;Retiro Tienda Ripley San Fernando_BE;Perez Gonzalez;Durva Paola;;"Bernardo Ohiggins 701 ";" 3er Piso. Modulo Retiro en Tienda";;;SAN FERNANDO;VI REGION;CL;Perez Gonzalez;Durva Paola;;Arturo Prat 33;;;;SAN FERNANDO;VI REGION;CL;36990;0;990;0;37980;0;CLP
000000591235;24620956401-A;14/05/2026 13:18:41;Recibido;21990;0;21990;3958;0.0000;18032;1;SWEATER MUJER NICOPOLY ROJO BÁSICO CUELLO REDONDO;MPM10002160523-2;N04248DL-6;14/05/2026 13:18:42;Flujo Flota Propia;Vilches;Paulina;;Gaspar Acosta 7746, 8260355 La Florida, Región Metropolitana, Chile 7746;S/N;;;LA FLORIDA;REG.METROPOLITANA;CL;Vilches;Paulina;;Gaspar Acosta 7746, 8260355 La Florida, Región Metropolitana, Chile 7746;;;;LA FLORIDA;REG.METROPOLITANA;CL;21990;0;0;0;21990;0;CLP
000000591235;24621074901-A;14/05/2026 14:35:46;Recibido;47990;3990;51980;8638;0.0000;39352;1;TRENCH LAZO TIPO GAMUZA CAFE  NICOPOLY;MPM10002635821-3;N05001OS-6;14/05/2026 14:35:48;Flujo Flota Propia;"Muoz ";Evelyn;;Maria Monvel  841;G;;;LA REINA;REG.METROPOLITANA;CL;"Muoz ";Evelyn;;Maria Monvel  841;;;;LA REINA;REG.METROPOLITANA;CL;47990;0;3990;0;51980;0;CLP
000000591235;24621184101-A;14/05/2026 15:38:12;Recibido;23990;3980;27970;4318;0.0000;19672;1;FULFILLMENT-GILET LARGO CON BOTONES NEGRO NICOPOLY;MPM10003195769-3;N06135BM-FF;14/05/2026 15:38:13;FF_MATRIX;Vilca;Leyla;;Carmen 339 Depto907;Depto;;;SANTIAGO;REG.METROPOLITANA;CL;Vilca;Leyla;;Carmen 339 Depto907;;;;SANTIAGO;REG.METROPOLITANA;CL;23990;0;3980;0;27970;0;CLP
000000591235;24622311902-A;14/05/2026 23:27:12;Reembolsado;9990;11990;21980;1798;0.0000;8192;1;POLERA ESCOTE EN V BASICA NEGRO NICOPOLY;MPM10002965971-1;N06124BM;14/05/2026 23:27:14;Flujo Flota Propia;Muoz Olea;Javiera;;VILLA PRIMAVERA LOS MAITENES LONTUE 2250;S/N;;;MOLINA;VII REGION;CL;Muoz Olea;Javiera;;VILLA PRIMAVERA LOS MAITENES LONTUE 2250;;;;MOLINA;VII REGION;CL;9990;0;11990;0;21980;0;CLP
000000591235;24623475001-A;15/05/2026 14:19:08;Reembolsado;50990;0;50990;9178;0.0000;41812;1;FULFILLMENT-BLAZER OVERSIZE TIPO GAMUZA CAFE  NICOPOLY;MPM10003227950-3;N06196US-FF;15/05/2026 14:19:09;FF_MATRIX;Troncoso;Dafne;;Las cortezas oriente 1701;3;;;PE.ALOLEN;REG.METROPOLITANA;CL;Troncoso;Dafne;;Las cortezas oriente 1701;;;;PE.ALOLEN;REG.METROPOLITANA;CL;50990;0;0;0;50990;0;CLP
000000591235;24623750801-A;15/05/2026 16:05:37;Recibido;23990;0;23990;4318;0.0000;19672;1;FULFILLMENT-BLUSA MANGA LARGA CON CORBATIN CAFE  NICOPOLY;MPM10003221463-1;N06184UXL-FF;15/05/2026 16:05:38;FF_MATRIX;Reinoso;Maria;;Los jardines de Maipú 2013;S/N;;;MAIPU;REG.METROPOLITANA;CL;Reinoso;Maria;;Los jardines de Maipú 2013;;;;MAIPU;REG.METROPOLITANA;CL;23990;0;0;0;23990;0;CLP
000000591235;24623750802-A;15/05/2026 16:05:37;Recibido;51990;3980;55970;9358;0.0000;42632;1;CHAQUETA BARN JACKET CAFE  NICOPOLY;MPM10003222195-4;N06209UXL;15/05/2026 16:05:39;Flujo Flota Propia;Reinoso;Maria;;Los jardines de Maipú 2013;S/N;;;MAIPU;REG.METROPOLITANA;CL;Reinoso;Maria;;Los jardines de Maipú 2013;;;;MAIPU;REG.METROPOLITANA;CL;51990;0;3980;0;55970;0;CLP
000000591235;24624043101-A;15/05/2026 17:58:26;Recibido;39990;990;40980;7198;0.0000;32792;1;BOMBER TIPO LANILLA NEGRO NICOPOLY;MPM10002661329-2;N05161BM;15/05/2026 17:58:27;Flujo Flota Propia;Larenas;Ariel;;Rio frio  01713;S/N;;;PUENTE ALTO;REG.METROPOLITANA;CL;Larenas;Ariel;;Rio frio  01713;;;;PUENTE ALTO;REG.METROPOLITANA;CL;39990;0;990;0;40980;0;CLP
000000591235;24625450101-A;16/05/2026 08:33:55;Recibido;37990;3970;41960;6838;0.0000;31152;1;BLAZER BOLSILLOS CON SOLAPAS KHAKI NICOPOLY;MPM10001437613-3;N04260LM;16/05/2026 08:33:56;Flujo Flota Propia;Varas;Georgia;;Duble almeyda 1880;48;;;NUNOA;REG.METROPOLITANA;CL;Varas;Georgia;;Duble almeyda 1880;;;;NUNOA;REG.METROPOLITANA;CL;37990;0;3970;0;41960;0;CLP
000000591235;24625634201-A;16/05/2026 10:26:26;Recibido;35990;0;35990;6478;0.0000;29512;1;FULFILLMENT-BLAZER BASICO DE TOPE CAFE  NICOPOLY;MPM10003150047-3;N05301US-FF;16/05/2026 10:26:28;FF_MATRIX;Amaro;Dannae;;Balmaceda 40;Depto d23;;;SN.BERNARDO;REG.METROPOLITANA;CL;Amaro;Dannae;;Balmaceda 40;;;;SN.BERNARDO;REG.METROPOLITANA;CL;35990;0;0;0;35990;0;CLP
000000591235;24625718801-A;16/05/2026 11:01:44;Recibido;23990;590;24580;4318;0.0000;19672;1;FULFILLMENT-CARDIGAN DISEÑO TRENZADO NEGRO NICOPOLY;MPM10003221482-2;N06240BS-FF;16/05/2026 11:01:45;FF_MATRIX;Herrera;Carolina;;pica  1172;casa;;;LAS CONDES;REG.METROPOLITANA;CL;Herrera;Carolina;;pica  1172;;;;LAS CONDES;REG.METROPOLITANA;CL;23990;0;590;0;24580;0;CLP
000000591235;24625736101-A;16/05/2026 11:07:12;Recibido;74990;4990;79980;13498;0.0000;61492;1;ABRIGO CON CINTURON HEBILLA METALICA MORADO NICOPOLY;MPM10003232204-3;N06215ZL;16/05/2026 11:07:13;Flujo Flota Propia;Okuinghttons;Maria Francisca;;12 norte 5129 5129;S/N;;;TALCA;VII REGION;CL;Okuinghttons;Maria Francisca;;12 norte 5129 5129;;;;TALCA;VII REGION;CL;74990;0;4990;0;79980;0;CLP
000000591235;24625814802-A;16/05/2026 11:39:11;Recibido;23990;3990;27980;4318;0.0000;19672;1;FALDA MIDI ECOCUERO NEGRO NICOPOLY;MPM10003217105-3;N06299BXL;16/05/2026 11:39:12;Flujo Flota Propia;Garrido;Cecilia;;Salar Ascotan 1254 1254;S/N;;;PUDAHUEL;REG.METROPOLITANA;CL;Garrido;Cecilia;;Salar Ascotan 1254 1254;;;;PUDAHUEL;REG.METROPOLITANA;CL;23990;0;3990;0;27980;0;CLP
000000591235;24626158201-A;16/05/2026 13:50:02;Recibido;35990;0;35990;6478;0.0000;29512;1;FULFILLMENT-BLAZER BASICO DE TOPE CAFE  NICOPOLY;MPM10003150047-2;N05301UL-FF;16/05/2026 13:50:04;FF_MATRIX_STS;Vega;Melissa;;"Av. Americo Vespucio Norte 1737 ";" 2do Piso. Modulo Retiro en Tienda";;;HUECHURABA;REG.METROPOLITANA;CL;Vega;Melissa;;Los Quénes 227;;;;HUECHURABA;REG.METROPOLITANA;CL;35990;0;0;0;35990;0;CLP
000000591235;24626343301-A;16/05/2026 15:05:10;Recibido;31990;0;31990;5758;0.0000;26232;1;CHAQUETA MITAD CHIPORRO/PARKA KHAKI NICOPOLY;MPM10001383902-3;N04152LS;16/05/2026 15:05:11;Flujo Flota Propia;Parada;"Valentina ";;Luis Hinojosa Pascua 1600 1600;casa;;;BUIN;REG.METROPOLITANA;CL;Parada;"Valentina ";;Luis Hinojosa Pascua 1600 1600;;;;BUIN;REG.METROPOLITANA;CL;31990;0;0;0;31990;0;CLP
000000591235;24626600601-A;16/05/2026 16:47:03;Recibido;38990;3990;42980;7018;0.0000;31972;1;CHAQUETA BIKER NEGRO NICOPOLY;MPM10002617343-1;N02107BM-6;16/05/2026 16:47:05;Flujo Flota Propia;Valencia;Makarena;;Puerto chaucura 0566;Casa;;;QUILICURA;REG.METROPOLITANA;CL;Valencia;Makarena;;Puerto chaucura 0566;;;;QUILICURA;REG.METROPOLITANA;CL;38990;0;3990;0;42980;0;CLP
000000591235;24627108201-A;16/05/2026 19:33:50;Recibido;22990;980;23970;4138;0.0000;18852;1;JEANS BASICO RECTO NEGRO NICOPOLY;MPM10002617665-4;N05325B38;16/05/2026 19:33:52;Flujo Flota Propia;Morales;Javiera;;Irarrazaval 1401;509;;;NUNOA;REG.METROPOLITANA;CL;Morales;Javiera;;Irarrazaval 1401;;;;NUNOA;REG.METROPOLITANA;CL;22990;0;980;0;23970;0;CLP
000000591235;24627290401-A;16/05/2026 20:31:59;Recibido;23990;3980;27970;4318;0.0000;19672;1;FALDA MIDI ECOCUERO CAFE  NICOPOLY;MPM10003217106-3;N06299UM;16/05/2026 20:32:01;Flujo Flota Propia;Quintanilla Soto;"Iris Fabiola ";;DEL CANELO 553;S/N;;;SAN ANTONIO;V REGION;CL;Quintanilla Soto;"Iris Fabiola ";;DEL CANELO 553;;;;SAN ANTONIO;V REGION;CL;23990;0;3980;0;27970;0;CLP
000000591235;24627765701-A;16/05/2026 22:55:53;Recibido;45990;0;45990;8278;0.0000;37712;1;FULFILLMENT-CHAQUETA ECOCUERO ACOLCHADO CUELLO MAO CAFE  NICOPOLY;MPM10003221453-4;N06205UL-FF;16/05/2026 22:55:54;FF_MATRIX_STS;"Fuentealba ";Elsa;;"Plaza Victoria 1646 ";" 4to Piso. Servicio al Cliente";;;VALPARAISO;V REGION;CL;Fuentealba;Elso;;las delicias 130 valparaiso 130;;;;VALPARAISO;V REGION;CL;45990;0;0;0;45990;0;CLP
000000591235;24627837601-A;16/05/2026 23:19:12;Recibido;24990;4990;29980;4498;0.0000;20492;1;JEANS BASICO RECTO NEGRO NICOPOLY;MPM10002617665-4;N05325B38;16/05/2026 23:19:14;Flujo Flota Propia;Catalan;Lucero;;Avenida Kennedy 01325;508D;;;RANCAGUA;VI REGION;CL;Catalan;Lucero;;Avenida Kennedy 01325;;;;RANCAGUA;VI REGION;CL;24990;0;4990;0;29980;0;CLP
000000591235;24628168701-A;17/05/2026 04:39:29;Recibido;16990;0;16990;3058;0.0000;13932;1;FULFILLMENT-BLUSA PUNTOS BLANCOS NICOPOLY;MPM10003037782-2;N06053AS-FF;17/05/2026 04:39:31;FF_MATRIX;Moreno;Tamara;;Baltazar Castro 911, Penaflor, Peñaflor, Región Metropolitana, Chile 911;911 casa;;;PE.AFLOR;REG.METROPOLITANA;CL;Moreno;Tamara;;Baltazar Castro 911, Penaflor, Peñaflor, Región Metropolitana, Chile 911;;;;PE.AFLOR;REG.METROPOLITANA;CL;16990;0;0;0;16990;0;CLP
000000591235;24628168702-A;17/05/2026 04:39:30;Recibido;45990;1980;47970;8278;0.0000;37712;1;CHAQUETA REVERSIBLE MOCA NICOPOLY;MPM10002646305-4;N05189LS;17/05/2026 04:39:32;Flujo Flota Propia;Moreno;Tamara;;Baltazar Castro 911, Penaflor, Peñaflor, Región Metropolitana, Chile 911;911 casa;;;PE.AFLOR;REG.METROPOLITANA;CL;Moreno;Tamara;;Baltazar Castro 911, Penaflor, Peñaflor, Región Metropolitana, Chile 911;;;;PE.AFLOR;REG.METROPOLITANA;CL;45990;0;1980;0;47970;0;CLP
000000591235;24628215801-A;17/05/2026 08:26:10;Recibido;67990;3990;71980;12238;0.0000;55752;1;ABRIGO LANILLA CON SOLAPA KHAKI NICOPOLY;MPM10003238855-2;N06213LS;17/05/2026 08:26:11;Flujo Flota Propia;Díaz;Macarena;;Suarez Mujica 420;803;;;NUNOA;REG.METROPOLITANA;CL;Díaz;Macarena;;Suarez Mujica 420;;;;NUNOA;REG.METROPOLITANA;CL;67990;0;3990;0;71980;0;CLP
000000591235;24628468701-A;17/05/2026 11:15:18;Recibido;24990;2185;27175;4498;0.0000;20492;1;JEANS BASICO RECTO NEGRO NICOPOLY;MPM10002617665-3;N05325B40;17/05/2026 11:15:20;Flujo Flota Propia;Montenegro;Marianne;;Alonso de Córdova 4355;1104;;;VITACURA;REG.METROPOLITANA;CL;Montenegro;Marianne;;Alonso de Córdova 4355;;;;VITACURA;REG.METROPOLITANA;CL;24990;0;2185;0;27175;0;CLP
000000591235;24628468701-A;17/05/2026 11:15:18;Recibido;33990;2185;36175;6118;0.0000;27872;1;JEANS RECTOS TIRO ALTO CAFE  NICOPOLY;MPM10003202992-2;N06283U40;17/05/2026 11:15:20;Flujo Flota Propia;Montenegro;Marianne;;Alonso de Córdova 4355;1104;;;VITACURA;REG.METROPOLITANA;CL;Montenegro;Marianne;;Alonso de Córdova 4355;;;;VITACURA;REG.METROPOLITANA;CL;33990;0;2185;0;36175;0;CLP
000000591235;24628521201-A;17/05/2026 11:36:56;Recibido;43990;3970;47960;7918;0.0000;36072;1;TRENCH LAZO TIPO GAMUZA CAFE  NICOPOLY;MPM10002635821-2;N05001OM-6;17/05/2026 11:36:57;Flujo Flota Propia;Nuez;Barbara;;Salesianos 1052;S/N;;;SAN MIGUEL;REG.METROPOLITANA;CL;Nuez;Barbara;;Salesianos 1052;;;;SAN MIGUEL;REG.METROPOLITANA;CL;43990;0;3970;0;47960;0;CLP
000000591235;24629390101-A;17/05/2026 17:13:28;Recibido;49990;4990;54980;8998;0.0000;40992;1;CHAQUETA ECOCUERO/TIPO PIEL CAFE  NICOPOLY;MPM10002661333-4;N05148US;17/05/2026 17:13:28;Flujo Flota Propia;Flores;Camila;;Rector Gabriel Izquierdo 4408;Casa;;;LA SERENA;IV REGION;CL;Flores;Camila;;Rector Gabriel Izquierdo 4408;;;;LA SERENA;IV REGION;CL;49990;0;4990;0;54980;0;CLP
000000591235;24629899401-A;17/05/2026 19:53:55;Recibido;23990;4990;28980;4318;0.0000;19672;1;FULFILLMENT-SWEATER JASPEADO CUELLO REDONDO MORADO NICOPOLY;MPM10003238358-1;N06260ZL-FF;17/05/2026 19:53:56;FF_MATRIX_ND;Barrera;Blanca;;Poeta Pío Baroja 10886, 8823101 La Pintana, Región Metropolitana, Chile 10886;S/N;;;LA PINTANA;REG.METROPOLITANA;CL;Barrera;Blanca;;Poeta Pío Baroja 10886, 8823101 La Pintana, Región Metropolitana, Chile 10886;;;;LA PINTANA;REG.METROPOLITANA;CL;23990;0;4990;0;28980;0;CLP
000000591235;24629947601-A;17/05/2026 20:09:51;Recibido;27990;3990;31980;5038;0.0000;22952;1;BLAZER 4 BOTONES DECORATIVOS NEGRO NICOPOLY;MPM10001713165-4;N10046BM-5;17/05/2026 20:09:52;Flujo Flota Propia;"ORyan ";"Javiera ";;San Pascual 124;Departamento 92;;;LAS CONDES;REG.METROPOLITANA;CL;"ORyan ";"Javiera ";;San Pascual 124;;;;LAS CONDES;REG.METROPOLITANA;CL;27990;0;3990;0;31980;0;CLP
000000591235;24630397401-A;17/05/2026 21:58:03;Recibido;23990;3990;27980;4318;0.0000;19672;1;BLUSA CUELLO MAO MANGA GLOBO BLANCO NICOPOLY;MPM10003221533-1;N06289AS;17/05/2026 21:58:04;Flujo Flota Propia;Catalán;Eliana;;Los tres antonios 191;36;;;NUNOA;REG.METROPOLITANA;CL;Catalán;Eliana;;Los tres antonios 191;;;;NUNOA;REG.METROPOLITANA;CL;23990;0;3990;0;27980;0;CLP
000000591235;24630882401-A;17/05/2026 23:47:45;Recibido;19590;3990;23580;3526;0.0000;16064;1;BLUSA BASICA BOTONERA INVISIBLE CELESTE NICOPOLY;MPM10001713161-3;N00089KL-5;17/05/2026 23:47:46;Flujo Flota Propia;Vasquez;Vivian;;Pasaje Barros Arana 5565, Maipú 5565;Casa;;;MAIPU;REG.METROPOLITANA;CL;Vasquez;Vivian;;Pasaje Barros Arana 5565, Maipú 5565;;;;MAIPU;REG.METROPOLITANA;CL;19590;0;3990;0;23580;0;CLP
000000591235;24631513504-A;18/05/2026 08:12:06;Recibido;35990;4990;40980;6478;0.0000;29512;1;PANTALON ESTILO JAPONE S PIERNA ANCHA BURDEO NICOPOLY;MPM10003177451-2;N06180TS;18/05/2026 08:12:11;Flujo Flota Propia;Vergara;Raquel;;Calle rosario vial parcela  32b;Casa;;;PAINE;REG.METROPOLITANA;CL;Vergara;Raquel;;Calle rosario vial parcela  32b;;;;PAINE;REG.METROPOLITANA;CL;35990;0;4990;0;40980;0;CLP
000000591235;24631797401-A;18/05/2026 09:55:04;Recibido;11990;3990;15980;2158;0.0000;9832;1;BUFANDA GRUESA NEGRO NICOPOLY;MPM10002663075-1;N05334BF;18/05/2026 09:55:05;Flujo Flota Propia;Jorquera;Cristina;;Vergara 749;1401;;;SANTIAGO;REG.METROPOLITANA;CL;Jorquera;Cristina;;Vergara 749;;;;SANTIAGO;REG.METROPOLITANA;CL;11990;0;3990;0;15980;0;CLP
000000591235;24632523203-A;18/05/2026 15:47:34;Recibido;22990;3990;26980;4138;0.0000;18852;1;VESTIDO PLIEGUES EN CINTURA ROJONICOPOLY;MPM10002627269-2;N05278DL;18/05/2026 15:47:36;Flujo Flota Propia;Sornoza;Betsy;;Aquelarre 682, 8700198 Santiago, Quilicura, Región Metropolitana, Chile 682;casa;;;SANTIAGO;REG.METROPOLITANA;CL;Sornoza;Betsy;;Aquelarre 682, 8700198 Santiago, Quilicura, Región Metropolitana, Chile 682;;;;SANTIAGO;REG.METROPOLITANA;CL;22990;0;3990;0;26980;0;CLP
000000591235;24633212103-A;18/05/2026 21:48:07;Recibido;33990;3990;37980;6118;0.0000;27872;1;JEANS RECTOS TIRO ALTO CAFE  NICOPOLY;MPM10003202992-3;N06283U42;18/05/2026 21:48:08;Flujo Flota Propia;Zuiga Lara;Ingrid;;Fernández Albano  565;Departamento 201 Torre B;;;LA CISTERNA;REG.METROPOLITANA;CL;Zuiga Lara;Ingrid;;Fernández Albano  565;;;;LA CISTERNA;REG.METROPOLITANA;CL;33990;0;3990;0;37980;0;CLP
000000591235;24633238401-A;18/05/2026 21:58:07;Recibido;12990;3990;16980;2338;0.0000;10652;1;BUFANDA CUADRILLE  GRANDE KHAKI NICOPOLY;MPM10002662998-1;N05335LF;18/05/2026 21:58:08;Flujo Flota Propia;Aburto;Natalia;;Guido Darezzo 3132;S/N;;;SAN JOAQUIN;REG.METROPOLITANA;CL;Aburto;Natalia;;Guido Darezzo 3132;;;;SAN JOAQUIN;REG.METROPOLITANA;CL;12990;0;3990;0;16980;0;CLP
000000591235;24633499703-A;19/05/2026 00:02:36;Recibido;12990;3990;16980;2338;0.0000;10652;1;BUFANDA CUADRILLE  GRANDE KHAKI NICOPOLY;MPM10002662998-1;N05335LF;19/05/2026 00:02:38;Flujo Flota Propia;Rivas;Geraldine;;Camino bernardo oHiggins parcela 26 26;parce;;;PUDAHUEL;REG.METROPOLITANA;CL;Rivas;Geraldine;;Camino bernardo oHiggins parcela 26 26;;;;PUDAHUEL;REG.METROPOLITANA;CL;12990;0;3990;0;16980;0;CLP
000000591235;24634297701-A;19/05/2026 12:03:20;Recibido;23990;3990;27980;4318;0.0000;19672;1;CARDIGAN DISEÑO TRENZADO CAFE  NICOPOLY;MPM10003217104-3;N06240UL;19/05/2026 12:03:22;Flujo Flota Propia;Rivas Esquivel;Camila Fernanda;;MUJICA 55;406;;;NUNOA;REG.METROPOLITANA;CL;Rivas Esquivel;Camila Fernanda;;MUJICA 55;;;;NUNOA;REG.METROPOLITANA;CL;23990;0;3990;0;27980;0;CLP
