path,name,size_bytes,sha256,classification
data/db/backups/meli_financial_v4_CERTIFIED_BASELINE_V1_20260624.db,meli_financial_v4_CERTIFIED_BASELINE_V1_20260624.db,59781120,D3CA3C41F805F4DB30F0104E3B3A6490F76D9FB4CFCFDBD5EBD54A72292CD51C,UNKNOWN
data/db/baseline_estable_v7_20260715/meli_financial_v4.db,meli_financial_v4.db,55848960,BCB19AB49A2DA3D2A848A8E81B86E559C46285AFDFA7D126454255712D5232A8,OFFICIAL_MISMATCH
data/db/baseline_estable_v8_candidate_20260717/meli_financial_v4.db,meli_financial_v4.db,55848960,733C759F8EA179D8BCADF4897D8A2998826ACAB693171636F04AE0653C236E00,OFFICIAL_MISMATCH
data/db/BASELINE_ESTABLE_V9_TRUTH_RECOVERED/meli_financial_v4.db,meli_financial_v4.db,55848960,C76C3FEE51C31949571F829DA6043F1682023DC39F5B093F7AF794654DBF6FCE,OFFICIAL_MISMATCH
data/db/controlled_cap_f2_001.db,controlled_cap_f2_001.db,60043264,FE3213BAA83768D6875738145693ACD3207A8B5A90F763B1AD657C1D63AF9CA4,UNKNOWN
data/db/marketplace_ledger_v1.db,marketplace_ledger_v1.db,12288,3BAC59F05E29B8317BEF3A831E176C760E44DEDD00F8A166B8020384B31751D9,UNKNOWN
data/db/meli_financial_v4.db,meli_financial_v4.db,58732544,311C78E2B7471B3E227DF68D17115F7147D9315FEC0C3D6D9CACE9FF73DEFDB9,OFFICIAL
data/db/meli_financial_v4_backup.db,meli_financial_v4_backup.db,36450304,D78338A30C87EF97A5AF9A2A0987EE80A3262A6DD10C009CCD1AA390EF4093AE,TEMP
data/db/meli_financial_v4_baseline_v4.db,meli_financial_v4_baseline_v4.db,57946112,29F9EFEADDE547D5E9D34829693539BDEA09FAE0107656D6E214B3BE54286589,UNKNOWN
data/db/meli_financial_v4_pre_class.db,meli_financial_v4_pre_class.db,131084288,1971E0DC6A7A411095258AD1D816ED803849895EE714A4EE76E0A282B64B5B0E,UNKNOWN
data/db/meli_financial_v4_pre_truth003_20260720_173842_A9777849.db,meli_financial_v4_pre_truth003_20260720_173842_A9777849.db,55848960,A977784903AAB6191D8275BA9850AB9839A15A2E49386E3F485C2CB67FF054FC,UNKNOWN
data/db/snapshot_baseline_v6_20260529_105928/meli_financial_v4.db,meli_financial_v4.db,131346432,E1E341EF44E0A61C4E846D34E05D14A4C291DCD904869F20FDF6E9A37FEF1C29,OFFICIAL_MISMATCH
data/db/snapshot_pre_bpp_residual_fix_20260606_145106/meli_financial_v4.db,meli_financial_v4.db,36450304,E8202CB47B8E783CB1D0CE26B9587ECBE94823C91E4C097B3FA2A0F9B2E03D2F,OFFICIAL_MISMATCH
data/db/snapshot_pre_cierre_rebuild_20260528_163008/meli_financial_v4.db,meli_financial_v4.db,37498880,7D4283C6F4AFED341A695F1768D2F2AE6B968C182445E95DE04C52C065EEA3B1,OFFICIAL_MISMATCH
data/db/snapshot_pre_classification_20260603_102347/meli_financial_v4.db,meli_financial_v4.db,131084288,19CD9B1589C502B407F7AC4F96835C95C7C6BC53DEF7269BC87303C64B5F1365,OFFICIAL_MISMATCH
data/db/snapshot_pre_dec019_20260607_161324/meli_financial_v4.db,meli_financial_v4.db,36450304,012CD0FE079646D1423E7DA90A2DB9341BD84DA54EF04325A8394C2BC14E25E4,OFFICIAL_MISMATCH
data/db/snapshot_pre_f003_cleaned_20260715/meli_financial_v4.db,meli_financial_v4.db,55848960,BF6ED7AEC5410ABE033B2A3C271011DDFCE044F0E4C9008ABA590AE48BA52AA6,OFFICIAL_MISMATCH
data/db/snapshot_pre_falabella_rebuild_20260529_100326/meli_financial_v4.db,meli_financial_v4.db,60043264,E110817B750FE5EC246DEBE6FF89D9C4D628409657A89EFF4057E961D3373675,OFFICIAL_MISMATCH
data/db/snapshot_pre_fase2_20260603_112908/meli_financial_v4.db,meli_financial_v4.db,131084288,3939AD54B2442B1D7182AEE856265979B6433E04842A6FF7EF7EBA957B4915EA,OFFICIAL_MISMATCH
data/db/snapshot_pre_iopnl_modernize_20260606_1215/meli_financial_v4.db,meli_financial_v4.db,36450304,A3FF7BBC6D5CF581A44D884787597A3067513FB49A1094CBBAF2D12263544904,OFFICIAL_MISMATCH
data/db/snapshot_pre_ml_xml_fix_20260528_170623/meli_financial_v4.db,meli_financial_v4.db,37498880,41237AD44CAD1F1706F1E0A7214B8C481E31BEA5BE15F45A00D3965D9CCF46B2,OFFICIAL_MISMATCH
data/db/snapshot_pre_persistencia_20260528_162431/meli_financial_v4.db,meli_financial_v4.db,37498880,E043D1BF72226381AEAEC0AA0DB5A23750967F3E59895FC7952AE42AA880DC86,OFFICIAL_MISMATCH
data/db/snapshot_pre_poscobro_fix_20260605_155052/meli_financial_v4.db,meli_financial_v4.db,94384128,C142705A54166C778F88214335608530B0E95406B11F05EA72BC5661BECE0848,OFFICIAL_MISMATCH
data/db/snapshot_pre_ripley_rebuild_20260601_172024/meli_financial_v4.db,meli_financial_v4.db,131346432,C341B272DA889474D4D9D80586EFBE887C5EF0547462BF26D87C01829748518A,OFFICIAL_MISMATCH
data/db/snapshot_pre_ripley_rebuild_20260601_172043/meli_financial_v4.db,meli_financial_v4.db,131346432,88082BBC073AF49AAB625B859D986F8D2F3EB7F8482CE3B2CE198B8E29A7A3BB,OFFICIAL_MISMATCH
