original_path,archive_path,sha256,classification,reason,replacement,test_evidence
C:\Users\ASUS Zenbook\Documents\Marketplace Financial AI Engine\Scripts\capture_evidence.py,C:\Users\ASUS Zenbook\Documents\Marketplace Financial AI Engine\_archive\legacy_patches\capture_evidence.py,DAC3476CD05825232AB4AA308AB95E7AA1542C5DBF06B1A6B5883665F862604C,OBSOLETE,"Playwright screenshot capture one-off; writes to ~/.gemini/antigravity-ide/brain. No runtime dep, not referenced. Verification artifact only.",none,n/a
C:\Users\ASUS Zenbook\Documents\Marketplace Financial AI Engine\Scripts\check_html.py,C:\Users\ASUS Zenbook\Documents\Marketplace Financial AI Engine\_archive\legacy_patches\check_html.py,3FC4097983A4CC661033E0AA6A9467170CA44B4C616CE59505BFD82617AB43F2,OBSOLETE,One-off HTML div-balance/duplicate-ID check. Superseded by CI lint + certification gate.,none,n/a
C:\Users\ASUS Zenbook\Documents\Marketplace Financial AI Engine\Scripts\check_ripley_data.py,C:\Users\ASUS Zenbook\Documents\Marketplace Financial AI Engine\_archive\legacy_patches\check_ripley_data.py,190D610E2984AC32DABEC5B651A9F89B43021F1DE9E8207EC22CB15065F2E1CA,OBSOLETE,One-off DB debug query for RIPLEY 2025-01. Debug scratch.,none,n/a
C:\Users\ASUS Zenbook\Documents\Marketplace Financial AI Engine\Scripts\create_tests.py,C:\Users\ASUS Zenbook\Documents\Marketplace Financial AI Engine\_archive\legacy_patches\create_tests.py,886E0178CB52D8C903316EA7EABDCE4BBBD363FBEFD5180FB9640F21F78F13BA,OBSOLETE,Superseded by create_tests_3.py (final version of test_f5_06_production_hardening.py). Intermediate generator.,tests/test_f5_06_production_hardening.py (v3 content live),test_f5_06_production_hardening.py
C:\Users\ASUS Zenbook\Documents\Marketplace Financial AI Engine\Scripts\create_tests_2.py,C:\Users\ASUS Zenbook\Documents\Marketplace Financial AI Engine\_archive\legacy_patches\create_tests_2.py,6BDFB258246CAFEF7343F7E6AC4873FD26D344C1CF5E1BAD93BE09A108D20D96,OBSOLETE,Superseded by create_tests_3.py. Intermediate generator.,tests/test_f5_06_production_hardening.py (v3 content live),test_f5_06_production_hardening.py
C:\Users\ASUS Zenbook\Documents\Marketplace Financial AI Engine\Scripts\create_tests_3.py,C:\Users\ASUS Zenbook\Documents\Marketplace Financial AI Engine\_archive\legacy_patches\create_tests_3.py,73EDFCED27CB985952958256A373ED01A0AB4260D3D4BDB91E8CA7BCA7F008F9,CONSOLIDATED,"Final generator. Effect present: tests/test_f5_06_production_hardening.py exists with v3 content (read-only API, health ready/degraded/not_ready, auditor/exec 200).",tests/test_f5_06_production_hardening.py,test_f5_06_production_hardening.py
C:\Users\ASUS Zenbook\Documents\Marketplace Financial AI Engine\Scripts\fix_js.py,C:\Users\ASUS Zenbook\Documents\Marketplace Financial AI Engine\_archive\legacy_patches\fix_js.py,988A0CDDBF40FD1523E67A97727E89FA6B2822372313AB8A09A8CC54E96B5692,OBSOLETE,Inlines api_client.js into templates. Effect NOT present - templates use <script src=/shared/api_client.js>. Would break /shared architecture. Never run.,templates use /shared/api_client.js,n/a
C:\Users\ASUS Zenbook\Documents\Marketplace Financial AI Engine\Scripts\fix_orch.py,C:\Users\ASUS Zenbook\Documents\Marketplace Financial AI Engine\_archive\legacy_patches\fix_orch.py,829826FA66BF9C81CB5E2614F1012C46CEEC0F1EB57DA84E470B66D94657DA3C,CONSOLIDATED,Adds logger.error on orchestrator stage exception. Effect PRESENT: engine/v4/ingestion/orchestrator.py:124.,orchestrator.py:124,test_f5_06_production_hardening.py
C:\Users\ASUS Zenbook\Documents\Marketplace Financial AI Engine\Scripts\fix_paths.py,C:\Users\ASUS Zenbook\Documents\Marketplace Financial AI Engine\_archive\legacy_patches\fix_paths.py,0A98DEDA1B20866349887AD578AAAB43D3CEB57A598432B2FEF0DC2378A329DA,CONSOLIDATED,"Replaces hardcoded ROOT with MF_PROJECT_ROOT. Effect present in surgical_loader.py, surgical_xml_justifier.py, dte_indexer.py. SIDE-EFFECT: left engine/v4/xml_matcher.py BROKEN (SyntaxError L23) - xml_matcher NOT imported at runtime (dead code) and NOT run by pipeline.","surgical_loader.py, surgical_xml_justifier.py, dte_indexer.py",n/a
C:\Users\ASUS Zenbook\Documents\Marketplace Financial AI Engine\Scripts\fix_syntax.py,C:\Users\ASUS Zenbook\Documents\Marketplace Financial AI Engine\_archive\legacy_patches\fix_syntax.py,D78C50A1C4A965C6186949DD4FB19DE643F5C260F09EAB66FD80A3DA0CC1D58C,CONSOLIDATED,Fixes dte_indexer.py path syntax (lines 14-20 correct with / separators). Effect PRESENT.,dte_indexer.py:14-20,n/a
C:\Users\ASUS Zenbook\Documents\Marketplace Financial AI Engine\Scripts\inject_api.py,C:\Users\ASUS Zenbook\Documents\Marketplace Financial AI Engine\_archive\legacy_patches\inject_api.py,955DC970550EDF2EEDD86DDE6475A9830DD14CC57D1A0D5D758AA11DFBF3233E,CONSOLIDATED,Health endpoint + global exception handler. Effect PRESENT: api.py:143-151. Mock upload portion superseded by inject5 real endpoints.,api.py:143-151 (health+handler),test_f5_06_production_hardening.py
C:\Users\ASUS Zenbook\Documents\Marketplace Financial AI Engine\Scripts\inject2.py,C:\Users\ASUS Zenbook\Documents\Marketplace Financial AI Engine\_archive\legacy_patches\inject2.py,93A9228B998D34E863B24AF0337AE9672BEBC9CD3C2660158D0CC886A897CE7F,OBSOLETE,Mock upload endpoints version - superseded by inject3/4/5 real endpoints. api.py now has real implementation.,api.py:1289-1368,n/a
C:\Users\ASUS Zenbook\Documents\Marketplace Financial AI Engine\Scripts\inject3.py,C:\Users\ASUS Zenbook\Documents\Marketplace Financial AI Engine\_archive\legacy_patches\inject3.py,832F561A7B289212610A21631EBF5F02DFFEB9D575023A6C0160109F032CC7DC,OBSOLETE,Real upload endpoints v1 (loader.load_file direct). Superseded by inject5 (create_record+ensure_schema).,api.py:1289-1368 (inject5 form),n/a
C:\Users\ASUS Zenbook\Documents\Marketplace Financial AI Engine\Scripts\inject4.py,C:\Users\ASUS Zenbook\Documents\Marketplace Financial AI Engine\_archive\legacy_patches\inject4.py,C495F2A3804F2E4D36DD0A49AE1FD034918BD390AFB25E6B6C892075DBD6A9D2,OBSOLETE,Upload endpoints v2 (manual registry._db.execute insert). Superseded by inject5.,api.py:1289-1368 (inject5 form),n/a
C:\Users\ASUS Zenbook\Documents\Marketplace Financial AI Engine\Scripts\inject5.py,C:\Users\ASUS Zenbook\Documents\Marketplace Financial AI Engine\_archive\legacy_patches\inject5.py,4F79383AEE185B95C18F7D356AF1BF425846A644CF53EF6D5A0DA5074039C581,CONSOLIDATED,"Final upload endpoints (create_record, update_classification, update_status, SurgicalLoader.load_file). Effect PRESENT: api.py:1296-1340 matches.",api.py:1296-1340,test_f5_06_production_hardening.py
C:\Users\ASUS Zenbook\Documents\Marketplace Financial AI Engine\Scripts\patch_api_validation.py,C:\Users\ASUS Zenbook\Documents\Marketplace Financial AI Engine\_archive\legacy_patches\patch_api_validation.py,33C5713AAD9BF76FF5115C59664672FDF97A344DA6933F5A56CF2885B8002386,CONSOLIDATED,"validate_periodo + StaticFiles import. Effect PRESENT: api.py:14 validate_periodo (used ~25 endpoints), /shared mount at 135-137.","api.py:14,135-137",test_f5_06_production_hardening.py
C:\Users\ASUS Zenbook\Documents\Marketplace Financial AI Engine\Scripts\patch_dashboard.py,C:\Users\ASUS Zenbook\Documents\Marketplace Financial AI Engine\_archive\legacy_patches\patch_dashboard.py,4471DC9E127AD18BB98BB1EDB706C250C9C9889DA0B7312E4983D77EC786F838,OBSOLETE,"Adds V3 layers (Operacional/Liquidacion/Tesoreria) to dashboard.html + loadAnalyticLayers + loadWaterfallV3. V3 layers REMOVED in Phase 12C. loadAnalyticLayers remains but rewritten (uses _execSummary, no V3 fetch). waterfall-v3 endpoint still exists (api.py:751) and used by exec/documentary templates.",dashboard.html loadAnalyticLayers rewritten; no sect-operacional/liquidacion/tesoreria,n/a
C:\Users\ASUS Zenbook\Documents\Marketplace Financial AI Engine\Scripts\patch_dashboard_2.py,C:\Users\ASUS Zenbook\Documents\Marketplace Financial AI Engine\_archive\legacy_patches\patch_dashboard_2.py,816B960ED0293EA6CA5DF454025B713EBF2A63D16B836D283A677A1164A13B92,OBSOLETE,Hides V3 sections + dynamic category handling. sect-operacional/liquidacion/tesoreria NOT present (V3 removed Phase 12C). Superseded.,no sect-* V3 ids in dashboard.html,n/a
C:\Users\ASUS Zenbook\Documents\Marketplace Financial AI Engine\Scripts\patch_ripley.py,C:\Users\ASUS Zenbook\Documents\Marketplace Financial AI Engine\_archive\legacy_patches\patch_ripley.py,FCE152B0392B3455DD0ADE048208CA543B85444FE851D1AD8302484DE55D836C,OBSOLETE,"RIPLEY bypass for exclude_non_operational. Old clause 'financial_group IS NOT NULL' does NOT exist in api.py - replaced by DEC-019 'COALESCE(include_in_operational_pnl,1)=1' (api.py:508-509). Frontend dynamic categories incorporated via financial-structure rewrite. Superseded.",api.py:508-509 uses include_in_operational_pnl,n/a
C:\Users\ASUS Zenbook\Documents\Marketplace Financial AI Engine\Scripts\pipeline_cli.py,C:\Users\ASUS Zenbook\Documents\Marketplace Financial AI Engine\_archive\legacy_patches\pipeline_cli.py,7FEE8EA363CECEA3C000AD215B62EDA42B8602A603B0364EC86B1C276411B182,OBSOLETE,CLI imports engine.v4.pipeline.AntigravityEngineV4 which DOES NOT EXIST. Broken stub (confirmed governance/P33). Never functional.,none - module nonexistent,n/a
C:\Users\ASUS Zenbook\Documents\Marketplace Financial AI Engine\Scripts\refactor_frontend.py,C:\Users\ASUS Zenbook\Documents\Marketplace Financial AI Engine\_archive\legacy_patches\refactor_frontend.py,1F65B2B4AEC133C45065A4CF690AE90C3816879175C942EC55681E4EB4075958,CONSOLIDATED,fetch -> ApiClient.safeFetch. Effect PRESENT: templates use ApiClient.safeFetch (33+ matches).,templates/*.html + api_client.js,test_f5_06_production_hardening.py
C:\Users\ASUS Zenbook\Documents\Marketplace Financial AI Engine\Scripts\refactor_frontend_v2.py,C:\Users\ASUS Zenbook\Documents\Marketplace Financial AI Engine\_archive\legacy_patches\refactor_frontend_v2.py,1B4B152DEFD565E2154C5242AC538835495674705EB00A52F5B031B4AD4C19FF,CONSOLIDATED,safeFetch + validateFinancialContract. Effect PRESENT (v2 supersedes v1).,api_client.js validateFinancialContract + templates,test_f5_06_production_hardening.py
C:\Users\ASUS Zenbook\Documents\Marketplace Financial AI Engine\Scripts\test_endpoints.py,C:\Users\ASUS Zenbook\Documents\Marketplace Financial AI Engine\_archive\legacy_patches\test_endpoints.py,10706EA59982538A1EAF0BDA62D8B5C049A05E868E5AD140956C8D39D6C539E1,OBSOLETE,Imports get_exec_summary_v3 which no longer exists (only get_exec_summary at api.py:676). BROKEN debug script.,api.py:676 get_exec_summary (v3 removed),n/a
C:\Users\ASUS Zenbook\Documents\Marketplace Financial AI Engine\Scripts\verify_dashboard.py,C:\Users\ASUS Zenbook\Documents\Marketplace Financial AI Engine\_archive\legacy_patches\verify_dashboard.py,A78898135F1B6C06BC4A3D10D44C502D026D0AE4076D98F12A50713B9D693C05,OBSOLETE,Regression guard checking protected components incl. V3 layer names. Would FAIL now (V3 removed). One-off historical guard.,V3 layers removed,n/a
C:\Users\ASUS Zenbook\Documents\Marketplace Financial AI Engine\Scripts\verify_layout_fixes.py,C:\Users\ASUS Zenbook\Documents\Marketplace Financial AI Engine\_archive\legacy_patches\verify_layout_fixes.py,0C074ABA850A10F4C77EE594942A29DA0CBA79CA22E5DBF888A96F6372101E55,OBSOLETE,HTTP checks against running server (127.0.0.1:3001). One-off verification helper.,n/a,n/a
