rel_path,size_bytes,size_mb
.git/objects/13/dd829a64738de3c5d329abfeffd0281ac341f7,27252621,27.25
.git/objects/15/40c8a2210c7d955ca0399579e18ee22ba14fe4,18535686,18.54
.git/objects/32/fdcb9fcb4b1d118e2780d7f635adf7054c70c8,26957213,26.96
.git/objects/50/8b7aa83ca5f9e3e41180e9099b5c0ec0ec14fa,16212622,16.21
.git/objects/57/1f85f7077d1f4ad01c031956f0fd7dc9a90062,56799328,56.8
.git/objects/81/7bfd6bf2c74e1e56e05fd759c5c9fe1e2bb8b7,13170974,13.17
.git/objects/8a/fafcb304e3780d9a936f308a42437d9cdd1d62,10308918,10.31
.git/objects/90/534267ed4804f9011140904e5ef89acde96d9b,40889739,40.89
.git/objects/94/dfd3baab78144119b18534110302560bdcbe1e,59693199,59.69
.git/objects/97/a2000adbe28263de330aa6c6a9d82dcc1cca22,60575988,60.58
.git/objects/bd/c07766b1ae45fc3de2025218d2105eacf32995,10629406,10.63
.git/objects/d9/f3e1b6fd7c7c70895830a0f6a61c3386d49f0a,16209124,16.21
.git/objects/db/85321c431662afdefbf11d63a9a4736d7b76ed,30194612,30.19
.git/objects/dd/a5dfa4de83d74b01295ac9d8b1d5eb210495b4,18509576,18.51
.git/objects/eb/5aeaa557f344011dbd186c0eb22bd8893be8f5,18524216,18.52
.git/objects/f6/035be1f4c21805140eee7969285bed5f0d07fe,18524059,18.52
