source_rel,dest_rel,sha256,size_bytes,size_mb,mtime,status
Reporte_Marketplaces/Backup/analyze_ml_raw.py,_archive/Reporte_Marketplaces/Backup/analyze_ml_raw.py,b54843032c9ce221709d0112a2cf2790b9970f305d8eb4cad3c810c60bb6a545,1673,0.0016,2026-07-13T17:03:17.779309,MOVED_VERIFIED_SHA
Reporte_Marketplaces/Backup/analyze_paris_fulfillment.py,_archive/Reporte_Marketplaces/Backup/analyze_paris_fulfillment.py,0ce603496b3715a185553c45f672d073446c3de97c0c21722aeb52b3447653b0,1456,0.0014,2026-07-13T17:03:17.780306,MOVED_VERIFIED_SHA
Reporte_Marketplaces/Backup/analyze_paris_transactions.py,_archive/Reporte_Marketplaces/Backup/analyze_paris_transactions.py,8d1e3ea74d5bf33db61e64fdd1b4ee3f0cb158f32b3f618e86e6125333f28b53,3510,0.0033,2026-07-13T17:03:17.781309,MOVED_VERIFIED_SHA
Reporte_Marketplaces/Backup/analyze_ripley_adjustments.py,_archive/Reporte_Marketplaces/Backup/analyze_ripley_adjustments.py,b5221ce315d98886940836aaf16f4814eb42a74770da5e5f0fa79353dc039aab,1288,0.0012,2026-07-13T17:03:17.782307,MOVED_VERIFIED_SHA
Reporte_Marketplaces/Backup/analyze_ripley_orders.py,_archive/Reporte_Marketplaces/Backup/analyze_ripley_orders.py,54a32df6d359bb3905aef38e0e7afb47878c2c6c9d329494757879aa00c2dd86,1308,0.0012,2026-07-13T17:03:17.783315,MOVED_VERIFIED_SHA
Reporte_Marketplaces/Backup/analyze_shopify.py,_archive/Reporte_Marketplaces/Backup/analyze_shopify.py,9584636f6a12dec0ae49c56c03478c14f568d95206e66e394d775ba2a06e38de,1438,0.0014,2026-07-13T17:03:17.784328,MOVED_VERIFIED_SHA
Reporte_Marketplaces/Backup/Análisis del Reporte de Ventas de Marketplaces y Guía Actual.md,_archive/Reporte_Marketplaces/Backup/Análisis del Reporte de Ventas de Marketplaces y Guía Actual.md,c55b79ed015e303cdfb1c2ba60ba433b06e2a21b8310e10b119719d8ed7656a4,3668,0.0035,2026-07-13T17:03:16.558356,MOVED_VERIFIED_SHA
Reporte_Marketplaces/Backup/Análisis Profundo_ Motor de Conciliación Automática para Ecommerce-SAP Chile.md,_archive/Reporte_Marketplaces/Backup/Análisis Profundo_ Motor de Conciliación Automática para Ecommerce-SAP Chile.md,94ca389d3af6aed175326523fabcac6aa134964161563aa10ad7b00faf933976,7070,0.0067,2026-07-13T17:03:16.558356,MOVED_VERIFIED_SHA
Reporte_Marketplaces/Backup/Aristas Completas por Marketplace.md,_archive/Reporte_Marketplaces/Backup/Aristas Completas por Marketplace.md,496a591c0f47cef672a2e72436d2842e83f4fc723a3f0aa587f6a27daa48c2d5,6105,0.0058,2026-07-13T17:03:16.558356,MOVED_VERIFIED_SHA
Reporte_Marketplaces/Backup/ayuda.marketplace.paris.cl_wp-content_uploads_2023_07_gestion-finanzas-v4_comp.pdf.md,_archive/Reporte_Marketplaces/Backup/ayuda.marketplace.paris.cl_wp-content_uploads_2023_07_gestion-finanzas-v4_comp.pdf.md,d00545b589e0dcf9a9cde4ba3f75ec13424fd4b69c02062a4a94a1a3882f1975,110,0.0001,2026-07-13T17:03:17.785326,MOVED_VERIFIED_SHA
Reporte_Marketplaces/Backup/Clasificación Exhaustiva de Cargos de Marketplaces (360°).md,_archive/Reporte_Marketplaces/Backup/Clasificación Exhaustiva de Cargos de Marketplaces (360°).md,09fd85515c120d3e81186651a46d96aa970f8ef8429547339450715c08f16348,3853,0.0037,2026-07-13T17:03:16.558356,MOVED_VERIFIED_SHA
Reporte_Marketplaces/Backup/Clasificación Exhaustiva de Cargos de Mercado Libre (ML_Facturacion_RAW).md,_archive/Reporte_Marketplaces/Backup/Clasificación Exhaustiva de Cargos de Mercado Libre (ML_Facturacion_RAW).md,de4a12aa96d763f6cda445d0a309afd8a44d882eeeda9d98cd84c34464fbfde9,4761,0.0045,2026-07-13T17:03:16.558356,MOVED_VERIFIED_SHA
Reporte_Marketplaces/Backup/Clasificación_Exhaustiva_de_Cargos_de_Marketplaces_(360°).docx,_archive/Reporte_Marketplaces/Backup/Clasificación_Exhaustiva_de_Cargos_de_Marketplaces_(360°).docx,be0931c8ae04467973810a8cf0950bf27c2b1a482d7df0989c0968bbc3cca152,10849,0.0103,2026-07-13T17:03:16.558356,MOVED_VERIFIED_SHA
Reporte_Marketplaces/Backup/Descripción de consultas.xlsx,_archive/Reporte_Marketplaces/Backup/Descripción de consultas.xlsx,b2bfd5a17a0361a3c2d0c6296c7c0b7f4df8eddef6bbc2ff62114a2e4843bc7c,29555,0.0282,2026-07-13T17:03:16.558356,MOVED_VERIFIED_SHA
Reporte_Marketplaces/Backup/Especificación del Proceso ETL_ Falabella y Ripley (Mirakl).md,_archive/Reporte_Marketplaces/Backup/Especificación del Proceso ETL_ Falabella y Ripley (Mirakl).md,d869e3e2ee8fccdb7936488f4cb90299daaaec3e9710628b6a273cac76edd4ab,4137,0.0039,2026-07-13T17:03:16.558356,MOVED_VERIFIED_SHA
Reporte_Marketplaces/Backup/generate_final_guide.py,_archive/Reporte_Marketplaces/Backup/generate_final_guide.py,a675e7f7e10b426ae0aff56265c4367dbdce1915eac9aea8b5518efea5872948,25249,0.0241,2026-07-13T17:03:17.787326,MOVED_VERIFIED_SHA
Reporte_Marketplaces/Backup/generate_final_guide_v10.py,_archive/Reporte_Marketplaces/Backup/generate_final_guide_v10.py,81f30f5dcfb937715d02a5c8872de70ff41c76d73e4708dabdede97dd2f5a551,28983,0.0276,2026-07-13T17:03:17.788327,MOVED_VERIFIED_SHA
Reporte_Marketplaces/Backup/generate_final_guide_v11.py,_archive/Reporte_Marketplaces/Backup/generate_final_guide_v11.py,bda12b57183d7e5955d2af904f68ea5050e6e114e2c8e025a2abc5905522400c,11986,0.0114,2026-07-13T17:03:17.789327,MOVED_VERIFIED_SHA
Reporte_Marketplaces/Backup/generate_final_guide_v11_corrected.py,_archive/Reporte_Marketplaces/Backup/generate_final_guide_v11_corrected.py,4023934c852232b496a9845f76ab0a9b8e637b5cfa0502289ce679c855e8e702,28779,0.0274,2026-07-13T17:03:17.790326,MOVED_VERIFIED_SHA
Reporte_Marketplaces/Backup/generate_final_guide_v12.py,_archive/Reporte_Marketplaces/Backup/generate_final_guide_v12.py,76fa73d4d36a6968e5d9e8964255f6d91586f54b319a36774d115d6b2296f1dc,3626,0.0035,2026-07-13T17:03:17.791327,MOVED_VERIFIED_SHA
Reporte_Marketplaces/Backup/generate_final_guide_v13.py,_archive/Reporte_Marketplaces/Backup/generate_final_guide_v13.py,6925f17c4b933380349574ca51181cbf8e684067ecf9f5c42c367dd37c11a190,2948,0.0028,2026-07-13T17:03:17.792750,MOVED_VERIFIED_SHA
Reporte_Marketplaces/Backup/generate_final_guide_v14.py,_archive/Reporte_Marketplaces/Backup/generate_final_guide_v14.py,ebe10a70dc10845e4daa2d445100a56d6c160881b29686a568867e573b03ccf7,4556,0.0043,2026-07-13T17:03:17.794172,MOVED_VERIFIED_SHA
Reporte_Marketplaces/Backup/generate_final_guide_v15.py,_archive/Reporte_Marketplaces/Backup/generate_final_guide_v15.py,847ab9fa6b45268bc39bf014feddb18d8ccfa708c8aee097364996d9e36e2a08,6098,0.0058,2026-07-13T17:03:17.795182,MOVED_VERIFIED_SHA
Reporte_Marketplaces/Backup/generate_final_guide_v16.py,_archive/Reporte_Marketplaces/Backup/generate_final_guide_v16.py,696d7a3575beab4afd79f27481f7efb6ab7e57e10e240806b195e25105124b63,1697,0.0016,2026-07-13T17:03:17.796181,MOVED_VERIFIED_SHA
Reporte_Marketplaces/Backup/generate_final_m_code_v9.py,_archive/Reporte_Marketplaces/Backup/generate_final_m_code_v9.py,6b3d4ddbc71e758db9f595301c00d2742458a933d317d7d0c1256a364f4c8697,25576,0.0244,2026-07-13T17:03:17.797182,MOVED_VERIFIED_SHA
Reporte_Marketplaces/Backup/generate_m_code.py,_archive/Reporte_Marketplaces/Backup/generate_m_code.py,639ffc24a1a8538aaab48ab3ce32128d804866757951ba4224d152f8918c9dd9,25425,0.0242,2026-07-13T17:03:17.798181,MOVED_VERIFIED_SHA
Reporte_Marketplaces/Backup/generate_m_code_final.py,_archive/Reporte_Marketplaces/Backup/generate_m_code_final.py,5eef748d6cbab8ccc7b03554c2ca6ffda553f48a614ecc3eaf78b26049be1f4b,22577,0.0215,2026-07-13T17:03:17.799181,MOVED_VERIFIED_SHA
Reporte_Marketplaces/Backup/generate_m_code_final_ripley_fix.py,_archive/Reporte_Marketplaces/Backup/generate_m_code_final_ripley_fix.py,810038b5a820a75ffb71f4a028113fb4bb3e250e5478711f10907b717df1763b,25011,0.0239,2026-07-13T17:03:17.800913,MOVED_VERIFIED_SHA
Reporte_Marketplaces/Backup/generate_m_code_final_v2.py,_archive/Reporte_Marketplaces/Backup/generate_m_code_final_v2.py,54b16bfc84214c7ad14a376b5c5a4201d9def8d34c5e4f83f3912514c1a7651c,22715,0.0217,2026-07-13T17:03:17.801912,MOVED_VERIFIED_SHA
Reporte_Marketplaces/Backup/generate_m_code_v2.py,_archive/Reporte_Marketplaces/Backup/generate_m_code_v2.py,b302b61c8508ee50ece0bc34bce68defa422d4e73ef7012d0886b6bf8ebe7573,21639,0.0206,2026-07-13T17:03:17.802911,MOVED_VERIFIED_SHA
Reporte_Marketplaces/Backup/generate_m_code_v3.py,_archive/Reporte_Marketplaces/Backup/generate_m_code_v3.py,4edd78c6e6ac61f8f3116b571036836e10fb74d8b566cb4a4898f1a8e8b5f300,22140,0.0211,2026-07-13T17:03:17.803912,MOVED_VERIFIED_SHA
Reporte_Marketplaces/Backup/Guia_Definitiva_Reporte_Marketplaces_360.md,_archive/Reporte_Marketplaces/Backup/Guia_Definitiva_Reporte_Marketplaces_360.md,3697b58d6de43898e2117c343005fb3c9ea864f8a261b15cd86739419974bacd,45503,0.0434,2026-07-13T17:03:16.558356,MOVED_VERIFIED_SHA
Reporte_Marketplaces/Backup/Guia_Didactica_Marketplaces_Pro_M_Code_V7.md,_archive/Reporte_Marketplaces/Backup/Guia_Didactica_Marketplaces_Pro_M_Code_V7.md,eb79e1491557d6e940d12dce879fb4b7f73a51e23d33152802e73280328e68cd,21205,0.0202,2026-07-13T17:03:16.558356,MOVED_VERIFIED_SHA
Reporte_Marketplaces/Backup/Guia_Maestra_Definitiva_V10.0.md,_archive/Reporte_Marketplaces/Backup/Guia_Maestra_Definitiva_V10.0.md,a903aa3aa5ecddd7da3cbcace950e7199beddab6ba00e5c0ccd3fa9ca91ae4fa,25181,0.024,2026-07-13T17:03:16.575005,MOVED_VERIFIED_SHA
Reporte_Marketplaces/Backup/Guia_Maestra_Definitiva_V10.0.md.docx,_archive/Reporte_Marketplaces/Backup/Guia_Maestra_Definitiva_V10.0.md.docx,867e5dab1a2e358643d6fe236dcd20327fd1b086ba48037a14b890dd8b6d5de8,34467,0.0329,2026-07-13T17:03:16.575005,MOVED_VERIFIED_SHA
Reporte_Marketplaces/Backup/Guia_Maestra_Definitiva_V11.0.md,_archive/Reporte_Marketplaces/Backup/Guia_Maestra_Definitiva_V11.0.md,1a33fd1efa321c4ef5d403a9213d95b92664119c47117eaf7e518ed51a18ce52,21048,0.0201,2026-07-13T17:03:16.575005,MOVED_VERIFIED_SHA
Reporte_Marketplaces/Backup/Guia_Maestra_Definitiva_V12.0.md,_archive/Reporte_Marketplaces/Backup/Guia_Maestra_Definitiva_V12.0.md,8e7b5049b11efbfa80abcd0c7d77764ba7452ee2bd8095dc32b6be0b9c430a4c,21689,0.0207,2026-07-13T17:03:16.575005,MOVED_VERIFIED_SHA
Reporte_Marketplaces/Backup/Guia_Maestra_Definitiva_V13.0.md,_archive/Reporte_Marketplaces/Backup/Guia_Maestra_Definitiva_V13.0.md,3f5a8ae417293b280e48e014a0ca77b11702c5a2ecdd169b97b944928da07c92,22446,0.0214,2026-07-13T17:03:16.575005,MOVED_VERIFIED_SHA
Reporte_Marketplaces/Backup/Guia_Maestra_Definitiva_V14.0.md,_archive/Reporte_Marketplaces/Backup/Guia_Maestra_Definitiva_V14.0.md,d56955255b3e2768f66c76be8d06f3a96ee9820d17d5128c06bdceff489cd9ba,24538,0.0234,2026-07-13T17:03:16.575005,MOVED_VERIFIED_SHA
Reporte_Marketplaces/Backup/Guia_Maestra_Definitiva_V15.0.md,_archive/Reporte_Marketplaces/Backup/Guia_Maestra_Definitiva_V15.0.md,63d664f9a0644cfb15dd9eb03daa0d0ba57f79f2e7723613fb8098351286dadb,28065,0.0268,2026-07-13T17:03:16.581278,MOVED_VERIFIED_SHA
Reporte_Marketplaces/Backup/Guia_Maestra_Definitiva_V16.0.md,_archive/Reporte_Marketplaces/Backup/Guia_Maestra_Definitiva_V16.0.md,c3a4f2904621ee20de6293330962731b231f59b87256649d784e302479a0701c,30509,0.0291,2026-07-13T17:03:16.581278,MOVED_VERIFIED_SHA
Reporte_Marketplaces/Backup/Guia_Maestra_Definitiva_V16.0.md.docx,_archive/Reporte_Marketplaces/Backup/Guia_Maestra_Definitiva_V16.0.md.docx,8b595ba3ab50e00cc72051dc93c056a9f73cd13d02fbdeaec7cddd0417dd54e3,19211,0.0183,2026-07-13T17:03:16.581278,MOVED_VERIFIED_SHA
Reporte_Marketplaces/Backup/Guia_Maestra_Final_V8.0.md,_archive/Reporte_Marketplaces/Backup/Guia_Maestra_Final_V8.0.md,f6f275c21071f474999f6b6160125197b7b1200f5bd8a116f13938abf7b9aefb,21666,0.0207,2026-07-13T17:03:16.581278,MOVED_VERIFIED_SHA
Reporte_Marketplaces/Backup/Guia_Maestra_Final_V9.0.md,_archive/Reporte_Marketplaces/Backup/Guia_Maestra_Final_V9.0.md,424ea4a2dbe8a594ae73c79ad64267e27da3823f7dabf014c0892c0adeaa5d1a,21439,0.0204,2026-07-13T17:03:16.581278,MOVED_VERIFIED_SHA
Reporte_Marketplaces/Backup/Guia_Mejorada_Marketplaces.md,_archive/Reporte_Marketplaces/Backup/Guia_Mejorada_Marketplaces.md,3256dc81c48db292af5fbf07294a345f3b12324f2196499b915980858f27a979,8983,0.0086,2026-07-13T17:03:16.581278,MOVED_VERIFIED_SHA
Reporte_Marketplaces/Backup/Guía Definitiva PRO_ Reporte Gerencial 360° de Marketplaces con Power Query (Incluye Código M).md,_archive/Reporte_Marketplaces/Backup/Guía Definitiva PRO_ Reporte Gerencial 360° de Marketplaces con Power Query (Incluye Código M).md,101993cde2cc60e7908fe34b6f507e579777abc6030b294cb67a558644913738,19155,0.0183,2026-07-13T17:03:16.581278,MOVED_VERIFIED_SHA
Reporte_Marketplaces/Backup/Guía Definitiva_ Reporte Gerencial 360° de Marketplaces con Power Query.md,_archive/Reporte_Marketplaces/Backup/Guía Definitiva_ Reporte Gerencial 360° de Marketplaces con Power Query.md,845da45ebe2f65cf12692ed8be3cbb8ca7888c1892adf0fa3533e74ee1f5ce7d,16796,0.016,2026-07-13T17:03:16.581278,MOVED_VERIFIED_SHA
Reporte_Marketplaces/Backup/Guía Práctica y Didáctica_ Reporte Gerencial 360° de Marketplaces con Power Query.md,_archive/Reporte_Marketplaces/Backup/Guía Práctica y Didáctica_ Reporte Gerencial 360° de Marketplaces con Power Query.md,1a87f8113747518d6fc32e86389987b6f053cc1066fbccfb5e79ffeae91cd7f4,13053,0.0124,2026-07-13T17:03:16.581278,MOVED_VERIFIED_SHA
Reporte_Marketplaces/Backup/Guía Práctica y Exhaustiva_ Reporte Gerencial 360° de Marketplaces con Power Query.md,_archive/Reporte_Marketplaces/Backup/Guía Práctica y Exhaustiva_ Reporte Gerencial 360° de Marketplaces con Power Query.md,85ec89278c41a674f567db2c991f63943968c930926497b4264424ba6de43551,16837,0.0161,2026-07-13T17:03:16.590994,MOVED_VERIFIED_SHA
Reporte_Marketplaces/Backup/Guía_Definitiva_Reporte_Gerencial_de_Ventas_en_Marketplaces_con_Power_Query_(Excel).docx,_archive/Reporte_Marketplaces/Backup/Guía_Definitiva_Reporte_Gerencial_de_Ventas_en_Marketplaces_con_Power_Query_(Excel).docx,a426b8648490c8a3d4ea15b76d15afe81a78e7c92f37a89271f5d248f1212c40,12033,0.0115,2026-07-13T17:03:16.590994,MOVED_VERIFIED_SHA
Reporte_Marketplaces/Backup/Hallazgos del Radar de Auditoría.md,_archive/Reporte_Marketplaces/Backup/Hallazgos del Radar de Auditoría.md,a95cd65a145289fd0ccac8a6d17eaa4dac31fe1fac11a74d1210e1182913e4b3,2375,0.0023,2026-07-13T17:03:16.593435,MOVED_VERIFIED_SHA
Reporte_Marketplaces/Backup/Hallazgos_del_Radar_de_Auditoría.docx,_archive/Reporte_Marketplaces/Backup/Hallazgos_del_Radar_de_Auditoría.docx,e638e5026d08a1fbdc705d004c84f71085381495e9aa025b61c33bdedd56afaf,10220,0.0097,2026-07-13T17:03:16.593435,MOVED_VERIFIED_SHA
Reporte_Marketplaces/Backup/hallazgos_radar.csv,_archive/Reporte_Marketplaces/Backup/hallazgos_radar.csv,eaf3e28d98650004dede44dbfec2e3e5a2962cc3c62bd39e9503e8e2246dd748,617,0.0006,2026-07-13T17:03:17.804913,MOVED_VERIFIED_SHA
Reporte_Marketplaces/Backup/hallazgos_radar_v2.csv,_archive/Reporte_Marketplaces/Backup/hallazgos_radar_v2.csv,ea9a74364367f4a910e883a3d9679a02081b3d160a5ba1e58e5078d405b7aca4,468,0.0004,2026-07-13T17:03:17.805915,MOVED_VERIFIED_SHA
Reporte_Marketplaces/Backup/Historial_Nov2025.csv,_archive/Reporte_Marketplaces/Backup/Historial_Nov2025.csv,dfc28f3495affb8b665063a0c2506ec62601007956d660ea6322903051a22659,19660878,18.7501,2026-07-13T17:03:16.658327,MOVED_VERIFIED_SHA
Reporte_Marketplaces/Backup/infer_ml_sku_logic.py,_archive/Reporte_Marketplaces/Backup/infer_ml_sku_logic.py,d0dd331bd1307d21df0624a298ea1faa85b9cecb6fd19caeb9e25edd38aa95c0,2367,0.0023,2026-07-13T17:03:17.805915,MOVED_VERIFIED_SHA
Reporte_Marketplaces/Backup/list_paris_columns.py,_archive/Reporte_Marketplaces/Backup/list_paris_columns.py,7b285d38bfee37899ad7832cf5575ec6bd14b21bc870ca37c39b73e81cb56d3a,927,0.0009,2026-07-13T17:03:17.806914,MOVED_VERIFIED_SHA
Reporte_Marketplaces/Backup/Looker Studio.docx,_archive/Reporte_Marketplaces/Backup/Looker Studio.docx,dd0d97caa96c9ccf90dfce076e04353e687f23f3f8696974ea0e2d54869f71c4,24037,0.0229,2026-07-13T17:03:16.658327,MOVED_VERIFIED_SHA
Reporte_Marketplaces/Backup/MASTER_SPEC_MARKETPLACE_FINANCIAL_ENGINE_v1.txt,_archive/Reporte_Marketplaces/Backup/MASTER_SPEC_MARKETPLACE_FINANCIAL_ENGINE_v1.txt,f566a9a5ed6896c5a9c646895e3ccec8a301940016e7bc97b42942542e74cace,11160,0.0106,2026-07-17T18:24:34.817586,MOVED_VERIFIED_SHA
Reporte_Marketplaces/Backup/ML_Facturacion_RAW.xlsx,_archive/Reporte_Marketplaces/Backup/ML_Facturacion_RAW.xlsx,fe05b584cb685431ea455dd923e4975b31548b1cb995b71269f3206c41ecc6aa,4996050,4.7646,2026-07-13T17:03:16.700936,MOVED_VERIFIED_SHA
Reporte_Marketplaces/Backup/orders_ENE_Nov2025.csv,_archive/Reporte_Marketplaces/Backup/orders_ENE_Nov2025.csv,fb2112a11fc2cce21b05c8cccc4da129fc7d6960766c4f05ae9fa335706a1c1c,9716310,9.2662,2026-07-13T17:03:17.860451,MOVED_VERIFIED_SHA
Reporte_Marketplaces/Backup/paris_columns.txt,_archive/Reporte_Marketplaces/Backup/paris_columns.txt,b58be9baedd6e3d739a707f170b09280bea1d524709a8d40922d571467bfe1a2,478,0.0005,2026-07-13T17:03:17.862453,MOVED_VERIFIED_SHA
Reporte_Marketplaces/Backup/pasted_file_8CgInE_image.png,_archive/Reporte_Marketplaces/Backup/pasted_file_8CgInE_image.png,9d5b94eddffc214106356c61f4411e857c83f1f8bee1384194e97128588747bb,35570,0.0339,2026-07-13T17:03:17.863452,MOVED_VERIFIED_SHA
Reporte_Marketplaces/Backup/pasted_file_ep0yqX_image.png,_archive/Reporte_Marketplaces/Backup/pasted_file_ep0yqX_image.png,6ad2d5672d97f01f88eb8832c4aaa790d8984172e78ce4547b546fe6d12efe5a,3509,0.0033,2026-07-13T17:03:17.864454,MOVED_VERIFIED_SHA
Reporte_Marketplaces/Backup/pasted_file_gOQS7n_image.png,_archive/Reporte_Marketplaces/Backup/pasted_file_gOQS7n_image.png,9562edf31b4f29314a1ae21faa2464e8fe82b3820bfc25e254f34751e97cb95a,142228,0.1356,2026-07-13T17:03:17.866597,MOVED_VERIFIED_SHA
Reporte_Marketplaces/Backup/pasted_file_jZMdzx_image.png,_archive/Reporte_Marketplaces/Backup/pasted_file_jZMdzx_image.png,f497bc07ef3303ae5b556a74771f605ea2c6f7c2289b46db12ad8cf20c556052,118947,0.1134,2026-07-13T17:03:17.869611,MOVED_VERIFIED_SHA
Reporte_Marketplaces/Backup/radar_auditoria.py,_archive/Reporte_Marketplaces/Backup/radar_auditoria.py,46027a403c4c5afd1d3194863fb3fedea342adba78638fa18bf9703b306f0dc9,2017,0.0019,2026-07-13T17:03:17.870607,MOVED_VERIFIED_SHA
Reporte_Marketplaces/Backup/radar_auditoria_v2.py,_archive/Reporte_Marketplaces/Backup/radar_auditoria_v2.py,34ca00fdcec216931fd451b7b92f42f4b6c566143595f779536f2b4fbfdca6d6,2561,0.0024,2026-07-13T17:03:17.871606,MOVED_VERIFIED_SHA
Reporte_Marketplaces/Backup/Reporte de Auditoría_ Implementación de Power Query en ReporteMarketplaces.xlsx.md,_archive/Reporte_Marketplaces/Backup/Reporte de Auditoría_ Implementación de Power Query en ReporteMarketplaces.xlsx.md,aa39b9b4c84406b4bcb6a1c863ac58709ef507e6964da657325e20e434624387,3985,0.0038,2026-07-13T17:03:17.541595,MOVED_VERIFIED_SHA
Reporte_Marketplaces/Backup/Reporte Gerencial 360 Marketplaces+.xlsx,_archive/Reporte_Marketplaces/Backup/Reporte Gerencial 360 Marketplaces+.xlsx,28cfe95e5e60e1e152c0a19d55b5b4351a4b10e906883aed08b7c868fbe456a1,33884386,32.3147,2026-07-13T17:03:16.958365,MOVED_VERIFIED_SHA
Reporte_Marketplaces/Backup/Reporte Gerencial 360 Marketplaces.xlsx,_archive/Reporte_Marketplaces/Backup/Reporte Gerencial 360 Marketplaces.xlsx,645f054a08898953e5fdf7f4cb048de5d84b1609cdfd849d8a29d8d2655f55f8,47202707,45.016,2026-07-13T17:03:17.324275,MOVED_VERIFIED_SHA
Reporte_Marketplaces/Backup/Reporte Marketplaces.xlsx,_archive/Reporte_Marketplaces/Backup/Reporte Marketplaces.xlsx,42edef15a410c21495db4fa9c4eb914e914e3718e99f1a020fbcd9103e34d125,28534894,27.213,2026-07-13T17:03:17.535803,MOVED_VERIFIED_SHA
Reporte_Marketplaces/Backup/Reporte Ventas MP.xlsx,_archive/Reporte_Marketplaces/Backup/Reporte Ventas MP.xlsx,6524e2230414efe0b4f2711d14504663ac74b73b212a4dc32c24dfcfc66ba4a0,414193,0.395,2026-07-13T17:03:17.541595,MOVED_VERIFIED_SHA
Reporte_Marketplaces/Backup/ReporteMarketplaces.xlsx,_archive/Reporte_Marketplaces/Backup/ReporteMarketplaces.xlsx,d896a7d2bec2b948e09e02b8bcc94445ac6c98ba2ee2f4dec3981eee141aa0df,28779727,27.4465,2026-07-13T17:03:17.759345,MOVED_VERIFIED_SHA
Reporte_Marketplaces/Backup/ReporteVentasMP.xlsx,_archive/Reporte_Marketplaces/Backup/ReporteVentasMP.xlsx,6524e2230414efe0b4f2711d14504663ac74b73b212a4dc32c24dfcfc66ba4a0,414193,0.395,2026-07-13T17:03:17.768130,MOVED_VERIFIED_SHA
Reporte_Marketplaces/Backup/Resumen Ejecutivo Gerencial_ Venta Bruta vs. Ganancia Neta (V11.0).md,_archive/Reporte_Marketplaces/Backup/Resumen Ejecutivo Gerencial_ Venta Bruta vs. Ganancia Neta (V11.0).md,8342e01834c47f9409b8416faa60aec4c2da2ff7bf92fb976c963cdbb647522e,2669,0.0025,2026-07-13T17:03:17.771521,MOVED_VERIFIED_SHA
Reporte_Marketplaces/Backup/transactions_report_20251202_30918256.xlsx,_archive/Reporte_Marketplaces/Backup/transactions_report_20251202_30918256.xlsx,ec6fa215a193e8b1d6237d06efd151330b4c2335c28e71fdbb9b5f2eb4b98527,2883795,2.7502,2026-07-13T17:03:17.897604,MOVED_VERIFIED_SHA
Reporte_Marketplaces/Backup/transactions_report_20251206_52376863.xlsx,_archive/Reporte_Marketplaces/Backup/transactions_report_20251206_52376863.xlsx,90ee2c8282b214870a959d172f465d23b3751de2ea3cca6279a8bb4648585cb7,1557752,1.4856,2026-07-13T17:03:17.912325,MOVED_VERIFIED_SHA
Reporte_Marketplaces/Backup/unique_ml_details.txt,_archive/Reporte_Marketplaces/Backup/unique_ml_details.txt,c1664000adbe7e089ff945cf607013099d8c8754ce91cbb78220dbd2f6353070,728,0.0007,2026-07-13T17:03:17.913699,MOVED_VERIFIED_SHA
Reporte_Marketplaces/Backup/Ventasbrutasporpedido-2025-01-01-2025-11-30.csv,_archive/Reporte_Marketplaces/Backup/Ventasbrutasporpedido-2025-01-01-2025-11-30.csv,7d6355b583bf93d4aef0e52747416e826844b8129578b7c5943903de2f7607ce,1034031,0.9861,2026-07-13T17:03:17.778307,MOVED_VERIFIED_SHA
implementation_plan.md,_archive/historical/implementation_plan.md,89276934538fdbeacc403f19bd39552776670db8c98ab1be6f2cac002644368e,2999,0.0029,2026-07-23T16:24:34.865207,MOVED_VERIFIED_SHA
