sha256,original_path,duplicate_path,size_mb
0f4c85adf95fcdac35d2232bdee10a7b63896a267c7a087e6220867424d805aa,.agents/gstack/browse/test/fixtures/security-bench-haiku-responses.json,.agents/skills/gstack-browse/test/fixtures/security-bench-haiku-responses.json,28.84
221bfa19b55fd4f9c61e56efd7174ae14eed83707775e0202c7c33e4ffbb9c4d,.agents/gstack/scripts/app/icon.icns,_archive/scratch/prototypes/gstack-source/scripts/app/icon.icns,1.08
13cadca465b9dc69c02cb49a63c66ba96abbf6bac478033390ea773d5f9989a0,01_Raw/ML/Facturacion/Reporte_Facturacion_MercadoLibre_Dic2025.xlsx,Reporte_Marketplaces/Mercado Libre/ML_Facturacion/Reporte_Facturacion_MercadoLibre_Dic2025.xlsx,1.25
d0ad3eb0bff8ff67957542570e427b8b5e10963ed8c0c89518b337fde26b0b33,01_Raw/PARIS/Transacciones/Dropshipping/06-2026.xlsx,Reporte_Marketplaces/París/Paris_Finanzas/1 ene 2025 - 16 jun 2026.xlsx,4.09
a179ce8f356ff3dc6b0049f03c1bab93570819fe368b28ed35f7a0714f60cb82,data/poscobro_correction_map.json,data/db/snapshot_pre_poscobro_fix_20260605_155052/poscobro_correction_map.json,1.11
c36d18bb93bd82f69fc9772ab39de4698153fceccef6c9a40216655264b18c23,data/backup/meli_financial_v4_pre_migration_20260724_110819.db,data/backup/meli_financial_v4_pre_migration_20260724_110844.db,55.85
c36d18bb93bd82f69fc9772ab39de4698153fceccef6c9a40216655264b18c23,data/backup/meli_financial_v4_pre_migration_20260724_110819.db,data/backup/meli_financial_v4_pre_migration_20260724_110859.db,55.85
c36d18bb93bd82f69fc9772ab39de4698153fceccef6c9a40216655264b18c23,data/backup/meli_financial_v4_pre_migration_20260724_110819.db,data/backup/meli_financial_v4_pre_migration_20260724_111106.db,55.85
c36d18bb93bd82f69fc9772ab39de4698153fceccef6c9a40216655264b18c23,data/backup/meli_financial_v4_pre_migration_20260724_110819.db,data/backup/meli_financial_v4_pre_migration_20260724_111215.db,55.85
c36d18bb93bd82f69fc9772ab39de4698153fceccef6c9a40216655264b18c23,data/backup/meli_financial_v4_pre_migration_20260724_110819.db,data/backup/meli_financial_v4_pre_migration_20260724_111308.db,55.85
31db31e86ed5432bec546a8bf4522145ef0be8dc3a7cb3b82ee2c62737025d60,data/db/meli_financial_v4.db.backup.20260527_154224.bak,data/db/meli_financial_v4.db.pre_nan_fix,37.5
