marketplace,period,component,leakage
ML,2026-04,summary,0
ML,2026-04,waterfall,0
ML,2026-04,cobros,0
ML,2026-04,DTE,0
ML,2026-04,anomalies,0
ML,2026-04,ledger,0
PARIS,2026-04,summary,0
PARIS,2026-04,waterfall,0
PARIS,2026-04,cobros,0
PARIS,2026-04,DTE,0
PARIS,2026-04,anomalies,0
PARIS,2026-04,ledger,0
RIPLEY,2026-04,summary,0
RIPLEY,2026-04,waterfall,0
RIPLEY,2026-04,cobros,0
RIPLEY,2026-04,DTE,0
RIPLEY,2026-04,anomalies,0
RIPLEY,2026-04,ledger,0
FALABELLA,2026-04,summary,0
FALABELLA,2026-04,waterfall,0
FALABELLA,2026-04,cobros,0
FALABELLA,2026-04,DTE,0
FALABELLA,2026-04,anomalies,0
FALABELLA,2026-04,ledger,0
