marketplace,periodo_inicio,periodo_fin,total_ingresos,total_costos_operacionales,total_costos_comerciales,total_ajustes,resultado_neto,created_at
ML,2025-01-01,2025-12-31,721096914.0,-58892527.889999986,-142129932.0,185503729.43,705578183.54,2026-05-28 16:31:36.937681
ML,2026-01-01,2026-12-31,154772440.0,-12812807.8,-33380434.59,28092919.5,136672117.11,2026-05-28 16:31:36.954798
ML,2023-01-01,2023-01-31,0.0,0.0,0.0,0.0,0.0,2026-05-30 12:18:16.817406
ML,2023-02-01,2023-02-28,0.0,0.0,0.0,0.0,0.0,2026-05-30 12:18:16.859914
ML,2023-03-01,2023-03-31,0.0,0.0,0.0,0.0,0.0,2026-05-30 12:18:16.876977
ML,2023-04-01,2023-04-30,0.0,0.0,0.0,0.0,0.0,2026-05-30 12:18:16.893677
ML,2023-05-01,2023-05-31,0.0,0.0,0.0,0.0,0.0,2026-05-30 12:18:16.913987
ML,2023-06-01,2023-06-30,0.0,0.0,0.0,0.0,0.0,2026-05-30 12:18:16.929803
ML,2023-07-01,2023-07-31,0.0,0.0,0.0,0.0,0.0,2026-05-30 12:18:16.949215
ML,2023-08-01,2023-08-31,0.0,0.0,0.0,0.0,0.0,2026-05-30 12:18:16.962063
ML,2023-09-01,2023-09-30,0.0,0.0,0.0,0.0,0.0,2026-05-30 12:18:16.976569
ML,2023-10-01,2023-10-31,0.0,0.0,0.0,0.0,0.0,2026-05-30 12:18:16.989853
ML,2023-11-01,2023-11-30,0.0,0.0,0.0,0.0,0.0,2026-05-30 12:18:17.003907
ML,2023-12-01,2023-12-31,0.0,0.0,0.0,0.0,0.0,2026-05-30 12:18:17.018319
ML,2024-01-01,2024-01-31,0.0,0.0,0.0,0.0,0.0,2026-05-30 12:18:17.040882
ML,2024-02-01,2024-02-29,0.0,0.0,0.0,0.0,0.0,2026-05-30 12:18:17.057263
ML,2024-03-01,2024-03-31,0.0,0.0,0.0,0.0,0.0,2026-05-30 12:18:17.070921
ML,2024-04-01,2024-04-30,0.0,0.0,0.0,0.0,0.0,2026-05-30 12:18:17.093955
ML,2024-05-01,2024-05-31,0.0,0.0,0.0,0.0,0.0,2026-05-30 12:18:17.107713
ML,2024-06-01,2024-06-30,0.0,0.0,0.0,0.0,0.0,2026-05-30 12:18:17.129684
ML,2024-07-01,2024-07-31,0.0,0.0,0.0,0.0,0.0,2026-05-30 12:18:17.143826
ML,2024-08-01,2024-08-31,0.0,0.0,0.0,0.0,0.0,2026-05-30 12:18:17.165499
ML,2024-09-01,2024-09-30,0.0,0.0,0.0,0.0,0.0,2026-05-30 12:18:17.180882
ML,2024-10-01,2024-10-31,0.0,0.0,0.0,0.0,0.0,2026-05-30 12:18:17.200871
ML,2024-11-01,2024-11-30,0.0,0.0,0.0,0.0,0.0,2026-05-30 12:18:17.214903
ML,2024-12-01,2024-12-31,0.0,0.0,0.0,0.0,0.0,2026-05-30 12:18:17.227916
ML,2025-01-01,2025-01-31,25609370.0,-2014643.4900000005,-7849870.0,11887589.0,27632445.509999998,2026-05-30 12:18:17.275395
ML,2025-02-01,2025-02-28,23120530.0,-2010052.0,-5683480.0,11660939.0,27087937.0,2026-05-30 12:18:17.306964
ML,2025-03-01,2025-03-31,59902640.0,-4757786.23,-11256914.0,17201020.64,61088960.41,2026-05-30 12:18:17.339804
ML,2025-04-01,2025-04-30,71053742.0,-5591296.23,-12978987.0,14204098.0,66687556.769999996,2026-05-30 12:18:17.382005
ML,2025-05-01,2025-05-31,83279067.0,-7159796.9399999995,-14132981.0,17011739.98,78998029.04,2026-05-30 12:18:17.42062
ML,2025-06-01,2025-06-30,73780016.0,-6956355.6899999995,-13858851.0,14697935.0,67662744.31,2026-05-30 12:18:17.444634
ML,2025-07-01,2025-07-31,62327161.0,-5756722.130000001,-15904221.0,15438592.0,56104809.87,2026-05-30 12:18:17.470201
ML,2025-08-01,2025-08-31,41994886.0,-3777588.0,-8779616.0,13505466.810000002,42943148.81,2026-05-30 12:18:17.495884
ML,2025-09-01,2025-09-30,45385870.0,-3687344.0,-9361183.0,14328435.0,46665778.0,2026-05-30 12:18:17.529176
ML,2025-10-01,2025-10-31,69949120.0,-5302197.0,-12691519.0,15425761.0,67381165.0,2026-05-30 12:18:17.56051
ML,2025-11-01,2025-11-30,85310716.0,-6241096.84,-16167674.0,22295390.0,85197335.16,2026-05-30 12:18:17.590355
ML,2025-12-01,2025-12-31,79383796.0,-5637649.34,-13464636.0,17846763.0,78128273.66,2026-05-30 12:18:17.630147
ML,2026-01-01,2026-01-31,27646200.0,-2075055.0,-7954836.0,2768209.0,20384518.0,2026-05-30 12:18:17.654647
ML,2026-02-01,2026-02-28,16431010.0,-1392123.5,-3298626.0,4287312.0,16027572.5,2026-05-30 12:18:17.678431
ML,2026-03-01,2026-03-31,39760290.0,-3356539.0,-8255274.59,4759723.0,32908199.41,2026-05-30 12:18:17.706335
ML,2026-04-01,2026-04-30,45066540.0,-3584197.0,-8629317.0,5613050.0,38466076.0,2026-05-30 12:18:17.734241
ML,2026-05-01,2026-05-31,25868400.0,-2404893.3000000003,-5242381.0,-573468.5,17647657.2,2026-05-30 12:18:17.760117
ML,2026-06-01,2026-06-30,0.0,0.0,0.0,1808720.0,1808720.0,2026-05-30 12:18:17.786137
ML,2026-07-01,2026-07-31,0.0,0.0,0.0,1418608.0,1418608.0,2026-05-30 12:18:17.804809
ML,2026-08-01,2026-08-31,0.0,0.0,0.0,1826440.0,1826440.0,2026-05-30 12:18:17.828662
ML,2026-09-01,2026-09-30,0.0,0.0,0.0,1732559.0,1732559.0,2026-05-30 12:18:17.857113
ML,2026-10-01,2026-10-31,0.0,0.0,0.0,1572962.0,1572962.0,2026-05-30 12:18:17.878688
ML,2026-11-01,2026-11-30,0.0,0.0,0.0,1682050.0,1682050.0,2026-05-30 12:18:17.903664
ML,2026-12-01,2026-12-31,0.0,0.0,0.0,1196755.0,1196755.0,2026-05-30 12:18:17.925697
